10002,32,3,8,1,5
10080,13,5,2,1,0
10120,15,6,3,4,2
10123C,0,1,0,0,2
10124A,3,0,0,1,1
10124G,2,1,0,1,0
10125,32,13,9,2,8
10133,58,19,21,10,16
10135,56,22,17,13,13
11001,35,5,18,4,2
15030,6,2,2,1,2
15034,50,8,16,8,9
15036,190,31,56,16,32
15039,35,10,10,6,10
15044A,51,7,6,4,11
15044B,26,4,8,0,10
15044C,35,5,7,4,10
15044D,46,3,7,7,11
15056BL,198,23,33,17,20
15056N,261,25,45,21,30
15056P,88,16,18,6,9
15058A,29,4,7,5,6
15058B,26,3,3,3,6
15058C,21,2,3,1,3
15060B,54,11,18,3,9
16008,35,13,15,4,3
16010,1,0,2,0,0
16011,21,9,9,2,6
16012,14,11,6,4,2
16014,28,9,9,1,7
16015,9,2,7,2,4
16016,32,8,12,3,10
16020C,2,0,0,0,0
16033,4,0,0,0,0
16043,1,0,0,0,1
16045,31,11,12,13,2
16046,7,2,2,5,0
16048,20,8,10,7,4
16049,3,2,0,0,0
16052,4,0,2,0,0
16054,16,9,3,4,1
16151A,2,0,1,0,0
16156L,9,1,5,0,3
16156S,91,20,33,2,21
16161G,11,0,4,4,3
16161M,1,0,0,0,0
16161P,132,32,50,7,28
16161U,85,17,18,2,12
16162L,4,1,0,0,1
16162M,5,0,1,1,0
16168M,10,5,3,1,1
16169E,65,35,18,25,7
16169K,4,1,1,2,0
16169M,10,6,7,0,3
16169N,1,0,0,0,0
16169P,1,0,0,1,0
16202A,1,0,0,0,1
16202B,2,0,0,0,0
16202E,2,0,1,0,0
16206B,1,0,1,0,0
16207A,5,0,0,0,0
16207B,1,0,1,0,1
16216,18,9,5,6,3
16218,26,7,8,7,2
16219,24,8,12,2,1
16225,42,10,11,11,3
16235,41,15,12,7,6
16236,35,15,11,8,4
16237,77,33,33,15,11
16238,39,14,8,14,5
16244B,1,1,0,0,0
16248B,2,1,2,2,0
16254,5,3,0,1,0
16258A,23,5,4,5,1
16259,14,5,7,1,4
17001,0,0,0,0,1
17003,110,31,28,23,17
17007B,1,0,1,0,0
17011F,4,2,0,0,0
17012A,14,3,4,2,2
17012B,18,7,7,2,2
17012C,20,9,5,8,2
17012D,21,15,5,4,1
17012E,1,0,1,2,0
17012F,20,12,4,5,1
17013D,7,0,2,0,2
17014A,2,1,0,2,2
17021,32,2,14,3,6
17028J,0,0,0,0,1
17038,10,1,3,2,3
17084A,2,2,2,0,1
17084J,2,0,2,1,3
17084N,16,7,5,1,3
17084P,6,1,2,0,4
17084R,14,3,2,4,4
17090A,4,3,0,2,1
17090D,10,1,0,1,1
17091A,13,4,4,1,4
17091J,54,11,11,7,8
17096,8,0,1,2,2
17107D,21,5,12,5,4
17109D,3,1,1,0,0
17129F,13,1,4,0,1
17136A,7,5,3,2,3
17164B,2,3,2,2,1
17165D,0,2,3,1,1
17174,3,0,0,0,0
17191A,0,2,0,0,0
18007,6,4,7,0,1
18094C,10,3,0,1,1
18097A,0,0,0,1,3
18097C,28,11,5,7,5
18098C,24,3,2,2,7
20615,23,5,3,3,1
20616,14,5,4,1,1
20617,17,3,4,2,0
20618,20,0,5,2,1
20619,17,1,3,0,1
20622,21,3,5,2,2
20652,19,6,5,4,2
20653,3,2,0,1,0
20654,17,2,1,3,1
20655,26,2,4,1,1
20657,11,4,3,3,1
20658,35,9,7,2,9
20659,21,3,1,6,1
20661,4,1,0,0,0
20662,4,0,0,0,1
20663,3,0,0,0,0
20664,0,0,2,1,0
20665,39,6,17,3,8
20666,1,0,1,0,2
20667,0,0,1,0,0
20668,113,31,21,19,4
20669,24,6,5,7,5
20670,3,1,0,2,0
20671,1,1,0,0,0
20674,94,12,23,9,14
20675,136,12,53,6,19
20676,190,23,54,13,24
20677,137,15,46,6,20
20678,1,0,0,0,0
20679,168,21,48,16,18
20681,20,3,8,1,2
20682,114,28,22,6,13
20684,20,7,3,0,3
20685,385,44,94,24,32
20686,37,9,8,5,6
20694,8,0,2,0,1
20695,1,0,0,2,1
20696,6,1,2,0,1
20697,9,0,0,1,1
20698,7,0,0,0,1
20699,3,2,2,3,1
20700,2,1,1,0,0
20701,1,1,1,0,0
20702,27,3,5,3,3
20703,1,0,0,0,0
20704,18,5,8,4,4
20705,12,4,5,3,4
20707,23,2,1,0,5
20711,173,20,29,7,18
20712,363,33,53,22,26
20713,324,30,42,8,17
20716,18,4,6,0,7
20717,138,30,46,7,15
20718,239,52,53,10,36
20719,387,44,61,20,34
20723,353,39,64,14,30
20724,529,58,80,39,45
20725,969,108,152,24,64
20726,580,99,109,21,33
20727,754,144,122,35,50
20728,649,106,155,24,55
20731,3,2,2,1,0
20733,30,12,2,1,4
20735,23,5,0,0,2
20748,13,5,5,5,2
20749,188,56,58,21,45
20750,180,53,79,18,37
20751,104,15,40,21,17
20752,64,17,21,8,7
20754,152,21,41,9,20
20755,25,14,2,4,6
20756,9,3,3,5,2
20757,16,3,5,7,2
20758,16,10,5,8,5
20759,11,4,2,3,0
20760,10,6,1,4,1
20761,26,8,6,3,12
20762,23,7,13,4,4
20763,12,7,3,3,0
20764,28,7,13,7,7
20765,19,11,12,7,4
20766,16,10,14,4,6
20767,23,19,8,5,6
20768,18,7,5,5,2
20769,16,4,3,2,1
20770,8,4,10,2,5
20771,16,7,2,2,1
20772,24,5,6,6,5
20773,12,8,3,0,1
20774,12,4,4,2,1
20775,10,5,4,2,1
20777,13,9,5,7,2
20778,6,0,1,1,0
20780,13,4,0,1,1
20781,10,7,3,0,3
20782,13,3,1,0,1
20785,3,0,0,1,1
20793,0,0,3,0,1
20794,13,1,0,0,2
20795,3,4,1,0,0
20796,3,2,3,0,0
20798,3,0,0,0,2
20801,36,6,5,1,7
20802,22,8,7,1,6
20803,18,4,7,0,3
20816,0,0,2,0,0
20818,1,1,0,0,0
20819,7,4,1,1,3
20820,1,1,0,0,0
20821,1,1,2,1,0
20823,4,1,2,0,1
20826,6,0,1,0,1
20827,2,0,0,0,0
20828,86,22,20,23,35
20829,103,14,30,6,16
20830,12,3,4,1,0
20831,16,6,2,0,0
20832,33,4,10,6,4
20835,6,0,0,1,0
20836,9,1,6,0,1
20837,8,1,2,2,2
20838,17,4,9,1,2
20839,17,11,14,3,4
20840,23,5,11,2,3
20845,8,1,0,1,1
20846,36,10,8,5,5
20847,5,1,5,1,2
20848,3,1,3,0,1
20851,3,0,4,0,0
20854,10,1,4,0,3
20856,16,1,5,1,4
20857,5,0,2,0,1
20861,1,0,0,0,1
20866,20,6,5,3,4
20867,12,6,3,1,3
20868,13,8,4,3,3
20869,7,3,3,4,1
20878,4,0,2,0,2
20886,46,5,10,5,13
20892,0,0,0,1,0
20893,12,3,1,2,2
20894,6,0,0,1,2
20897,2,0,4,0,2
20898,2,0,2,0,1
20901,3,0,0,0,0
20902,3,0,1,0,2
20903,5,0,2,0,3
20906,1,0,1,0,0
20910,2,0,1,0,0
20914,485,62,136,46,55
20931,12,10,8,2,5
20932,10,4,3,1,4
20933,4,2,2,0,1
20934,8,5,2,0,5
20935,1,2,1,0,0
20936,16,3,4,1,2
20941,9,1,3,1,4
20956,29,14,5,10,3
20961,73,18,21,8,10
20963,72,14,24,7,9
20964,1,0,0,0,0
20966,25,2,8,1,5
20967,44,9,12,2,9
20969,162,35,35,12,15
20970,149,31,33,8,11
20971,281,58,68,29,32
20972,319,76,89,24,42
20973,165,55,32,32,7
20974,168,32,58,22,23
20975,172,51,41,29,22
20977,89,10,27,4,15
20978,105,29,18,18,15
20979,135,32,32,19,16
20980,6,0,2,0,3
20981,88,56,39,16,12
20982,92,59,37,22,12
20983,107,69,35,20,19
20984,79,29,36,14,18
20985,57,4,17,11,7
20986,37,7,5,9,5
20992,144,50,29,20,18
20996,103,28,38,13,6
20997,4,0,0,0,1
20998,12,3,8,0,5
21000,7,4,2,1,3
21001,4,2,1,2,4
21002,2,0,2,0,1
21003,4,1,1,0,0
21011,1,1,0,0,0
21012,41,19,10,8,5
21014,37,7,15,7,4
21015,33,11,8,15,1
21018,4,0,0,0,1
21025,11,1,1,1,2
21026,12,5,3,4,1
21027,10,4,3,0,2
21028,16,2,1,1,1
21030,10,5,4,2,2
21031,7,1,3,0,0
21032,8,2,2,3,1
21033,76,11,11,2,9
21034,412,152,160,131,97
21035,133,19,43,11,19
21038,13,2,6,1,1
21039,47,8,14,2,6
21040,6,0,2,0,0
21041,91,11,19,6,19
21042,70,6,21,4,8
21043,30,4,13,1,10
21051,10,4,2,1,7
21054,13,1,7,2,4
21055,38,12,19,12,3
21056,42,3,6,8,7
21058,56,11,14,4,7
21059,34,13,19,6,5
21060,28,9,11,2,3
21061,26,6,9,4,7
21062,38,7,9,3,5
21063,45,13,15,4,4
21064,18,19,7,9,7
21065,19,6,9,1,9
21066,27,5,5,2,3
21067,26,4,8,0,6
21068,74,10,26,8,8
21069,39,2,8,0,3
21070,50,8,13,6,2
21071,56,9,29,8,8
21078,112,27,37,3,26
21080,471,80,109,32,61
21084,53,10,23,11,9
21086,205,28,37,11,15
21087,6,2,1,1,0
21088,41,8,13,5,7
21089,11,5,3,2,3
21090,67,10,21,11,10
21094,224,35,36,13,20
21095,5,2,1,0,1
21096,43,8,9,3,7
21098,106,33,19,15,11
21100,5,0,3,0,0
21106,10,4,6,5,10
21107,25,7,11,11,12
21108,74,39,39,25,20
21109,32,19,9,5,8
21110,37,9,14,6,14
21111,20,9,10,6,7
21112,21,10,9,3,3
21114,57,17,30,8,21
21115,74,22,14,9,14
21116,72,10,23,8,5
21117,7,1,7,1,1
21121,209,38,51,13,33
21122,175,47,46,10,37
21123,69,12,10,4,7
21124,124,30,43,10,25
21125,40,8,11,7,5
21126,33,12,11,3,10
21128,11,1,2,0,2
21129,14,0,4,0,2
21131,13,0,3,0,1
21132,13,0,0,2,1
21135,76,34,26,13,19
21136,146,62,74,24,56
21137,201,34,55,16,11
21143,12,5,8,2,2
21145,0,1,5,0,2
21147,16,1,0,2,3
21154,163,27,42,15,21
21155,244,30,44,15,28
21156,175,37,48,11,23
21157,9,0,4,0,2
21158,93,18,25,13,6
21159,70,10,17,6,6
21161,24,2,5,2,4
21162,83,15,27,12,3
21163,69,10,26,5,9
21164,145,18,52,6,29
21165,240,29,59,11,28
21166,367,50,127,26,43
21167,10,7,3,4,1
21169,209,43,59,21,24
21171,40,3,12,0,5
21172,241,33,59,24,26
21174,217,33,79,11,40
21175,423,60,138,32,48
21179,106,9,42,2,15
21181,430,64,128,30,61
21187,19,2,6,1,7
21188,22,1,5,2,4
21189,13,4,5,2,5
21190,3,0,1,2,1
21191,15,16,5,2,6
21192,24,7,5,3,4
21194,18,12,8,4,1
21195,17,3,2,1,1
21196,8,0,2,0,0
21197,5,2,3,1,2
21198,30,6,9,2,4
21199,29,6,6,0,8
21200,21,3,10,4,1
21201,52,1,9,5,8
21202,13,2,3,2,1
21204,24,9,11,3,4
21205,29,7,7,4,4
21206,54,6,10,1,6
21207,42,10,20,10,4
21208,26,13,10,4,4
21209,30,10,10,3,4
21210,224,35,49,19,41
21211,36,9,14,3,6
21212,630,122,174,45,97
21213,290,68,92,29,32
21215,42,7,13,1,3
21216,154,19,49,10,18
21217,160,27,43,8,20
21218,134,17,32,5,18
21219,23,8,10,1,1
21220,26,7,5,1,3
21221,13,3,4,1,3
21222,23,6,8,0,1
21224,52,10,15,3,3
21226,0,2,1,2,0
21228,1,0,0,0,1
21231,246,34,57,17,32
21232,354,53,106,28,52
21238,186,16,47,8,23
21239,129,18,36,2,19
21240,137,17,42,4,19
21242,138,16,41,9,21
21243,95,15,25,1,13
21244,87,11,33,1,16
21245,60,9,19,4,11
21246,23,3,4,0,9
21248,26,5,14,3,4
21249,40,11,14,7,7
21250,9,3,1,2,2
21251,18,4,6,3,4
21253,11,1,2,2,1
21257,90,15,19,11,19
21258,75,12,9,3,7
21259,158,22,30,8,21
21260,91,21,15,4,19
21261,16,4,4,1,2
21262,25,13,6,5,3
21263,21,8,7,2,1
21264,25,10,4,3,1
21265,10,2,3,0,1
21268,0,0,1,0,0
21269,7,5,0,3,3
21270,4,3,3,1,2
21272,41,3,11,1,10
21275,6,1,0,1,1
21277,10,3,2,3,2
21278,6,1,1,0,1
21279,5,2,4,0,1
21280,5,3,2,0,2
21281,2,1,2,0,1
21284,16,6,1,1,2
21285,22,7,1,3,0
21286,13,2,2,0,1
21287,25,6,8,13,2
21288,11,8,11,7,5
21289,9,2,5,2,1
21291,20,5,8,4,3
21292,12,3,6,3,2
21293,15,1,2,1,0
21294,31,8,14,0,7
21306,16,2,9,6,4
21307,8,0,1,0,4
21310,0,0,0,1,0
21311,27,8,8,4,1
21313,72,20,19,8,12
21314,180,60,54,14,38
21316,6,1,0,2,1
21317,12,5,6,4,1
21318,23,6,6,0,7
21319,5,3,2,0,2
21320,4,4,0,1,3
21324,6,3,5,3,3
21326,150,39,46,32,20
21327,71,25,21,22,9
21328,91,40,30,24,9
21329,81,41,24,16,10
21331,3,0,2,1,1
21332,5,1,1,0,1
21333,10,2,2,0,1
21336,3,0,0,0,0
21340,142,34,45,14,29
21344,3,0,0,1,1
21348,3,0,1,0,1
21349,1,1,3,1,1
21351,17,8,3,2,3
21352,16,4,9,3,5
21354,45,3,13,4,5
21355,60,7,28,5,14
21356,36,3,10,4,2
21357,6,0,4,1,0
21358,31,5,13,8,3
21359,17,2,2,0,6
21360,7,0,2,1,4
21361,30,6,10,1,7
21363,58,7,9,2,19
21364,9,4,3,1,4
21365,19,6,9,7,3
21366,4,1,2,0,4
21367,17,3,8,7,0
21368,16,3,7,5,0
21369,5,2,4,1,1
21370,4,1,1,2,0
21371,19,2,5,4,2
21372,14,2,6,2,1
21373,17,13,9,2,4
21374,16,2,13,6,3
21375,7,1,3,0,1
21376,8,2,3,0,2
21377,7,6,3,1,2
21378,6,4,4,3,5
21379,6,5,5,5,3
21380,134,22,42,11,26
21381,78,12,30,12,12
21382,47,11,24,6,8
21383,45,8,13,9,9
21385,103,28,48,8,31
21386,24,11,7,4,5
21389,51,16,13,4,18
21390,110,17,33,4,19
21391,38,8,18,8,9
21392,2,1,2,1,1
21393,2,0,4,0,2
21394,66,13,21,7,7
21395,44,6,20,3,6
21397,24,3,9,1,7
21398,30,4,6,2,7
21399,45,2,7,1,8
21400,19,6,12,6,5
21401,22,12,13,5,7
21402,34,11,10,3,3
21403,38,8,10,9,6
21407,47,12,15,7,13
21408,39,10,9,7,3
21411,97,30,34,14,15
21413,6,0,1,1,2
21414,0,0,1,0,0
21415,13,5,5,0,9
21416,1,0,0,0,3
21417,17,4,3,3,5
21418,5,3,1,1,3
21420,8,1,1,3,2
21421,8,2,1,0,2
21422,28,6,4,5,3
21424,15,2,3,1,1
21425,13,1,0,2,0
21426,11,4,2,0,1
21427,14,3,3,3,2
21428,119,23,21,4,16
21429,124,35,35,17,13
21430,204,32,50,8,30
21439,49,10,10,6,3
21441,19,3,7,3,6
21442,16,6,8,4,3
21445,15,1,3,0,2
21446,57,11,11,4,3
21447,62,8,12,1,9
21448,40,11,9,2,7
21452,66,26,25,10,8
21454,23,5,14,4,1
21455,11,4,9,5,6
21456,12,2,4,0,1
21457,13,0,1,0,2
21458,15,1,2,0,1
21459,12,1,2,0,3
21460,5,0,2,0,2
21461,3,0,1,0,1
21462,39,11,7,2,8
21463,93,12,5,12,9
21464,78,8,4,6,6
21465,33,11,12,4,3
21466,52,14,15,6,4
21467,47,11,6,5,9
21468,26,1,14,4,5
21469,38,8,14,5,6
21470,67,17,16,9,6
21471,50,16,14,7,7
21472,15,5,3,2,8
21473,9,2,3,3,1
21476,9,3,4,1,1
21479,249,54,45,27,16
21481,246,64,38,22,17
21484,170,61,35,19,12
21485,309,82,84,30,43
21486,3,0,0,0,1
21488,2,0,0,0,0
21494,81,15,25,9,4
21495,93,27,24,6,15
21497,127,40,37,10,18
21498,182,60,56,12,26
21499,108,44,38,8,18
21500,109,37,39,7,21
21503,15,4,2,0,2
21504,58,14,10,3,12
21506,148,34,42,19,10
21507,129,28,21,12,9
21508,90,18,21,6,11
21509,132,30,21,8,12
21518,15,0,2,0,0
21519,127,18,30,3,13
21520,20,3,6,0,4
21523,261,39,56,13,29
21524,244,48,72,12,34
21527,93,6,25,2,12
21528,59,3,16,2,9
21530,40,13,19,4,8
21531,118,21,44,10,19
21533,184,37,58,13,29
21534,72,18,24,6,11
21535,181,39,66,11,23
21537,26,8,13,3,8
21538,0,1,0,0,1
21539,138,15,44,1,17
21544,69,20,15,5,6
21547,10,0,2,1,4
21555,4,2,4,2,0
21556,34,3,5,1,4
21557,40,4,3,1,4
21558,176,28,45,12,14
21559,288,49,67,10,24
21561,107,15,33,3,10
21562,18,1,3,2,1
21563,79,18,19,4,14
21564,75,10,14,1,3
21576,24,2,13,4,3
21577,69,7,20,10,10
21578,46,9,18,3,8
21579,18,8,4,2,2
21580,14,3,6,0,1
21581,21,4,9,1,5
21584,59,35,31,17,17
21586,35,10,9,5,7
21587,11,6,4,4,5
21588,59,27,23,19,10
21591,63,34,28,19,10
21592,87,63,28,32,15
21609,26,6,25,1,17
21613,14,4,10,1,9
21614,3,0,0,0,4
21615,47,24,11,15,7
21616,40,32,11,23,2
21617,38,13,11,11,7
21618,24,18,6,4,6
21619,53,31,12,24,5
21620,59,36,14,16,6
21621,228,49,67,23,35
21622,46,9,20,2,17
21623,123,19,30,18,18
21624,35,18,13,7,12
21625,50,15,29,10,14
21626,48,4,16,1,7
21627,18,0,2,0,4
21628,14,0,1,1,1
21629,21,0,4,1,1
21630,16,0,1,3,2
21631,8,1,4,0,3
21632,5,0,0,0,0
21633,8,0,3,1,2
21634,12,4,3,2,2
21635,10,0,3,1,1
21636,28,20,24,4,2
21637,0,0,3,0,3
21638,12,7,3,8,2
21640,23,9,7,5,9
21641,11,1,6,1,4
21642,28,18,21,15,11
21643,16,2,6,2,5
21644,11,6,5,5,7
21647,12,6,2,5,4
21648,18,5,7,1,2
21650,32,9,11,10,6
21651,3,5,1,0,2
21654,24,5,15,0,6
21655,0,0,0,0,2
21656,7,2,3,0,5
21657,10,0,2,1,2
21658,86,8,18,4,14
21661,1,0,1,0,1
21662,8,0,4,0,4
21664,7,0,5,3,4
21666,20,2,5,3,3
21667,1,0,0,0,0
21668,231,32,54,7,19
21669,252,31,60,8,15
21670,205,25,41,10,15
21671,192,23,46,7,16
21672,224,18,49,8,16
21673,202,25,38,5,15
21675,30,8,8,1,5
21676,21,5,3,0,3
21677,48,5,12,3,12
21678,7,4,3,0,2
21679,55,10,9,2,11
21680,33,7,5,3,5
21681,0,2,0,0,0
21682,24,9,7,1,9
21683,25,9,8,3,3
21684,19,3,5,3,7
21686,13,0,5,0,0
21688,15,7,13,1,3
21689,3,7,7,4,2
21690,1,2,2,4,0
21692,1,0,4,2,1
21693,8,7,14,9,7
21694,3,3,8,3,3
21695,9,9,10,5,3
21696,9,5,8,1,7
21698,15,3,3,1,0
21700,57,8,10,0,12
21703,132,31,40,22,22
21704,136,19,21,10,12
21705,63,16,18,10,5
21706,42,7,9,4,7
21707,22,7,7,6,5
21708,19,2,6,3,3
21709,11,6,5,3,6
21710,16,2,1,4,8
21711,10,3,4,1,5
21713,58,22,18,14,18
21714,56,19,27,6,19
21715,68,19,18,11,23
21716,76,17,21,8,17
21717,28,1,6,1,2
21718,92,19,9,7,18
21719,20,5,5,0,5
21720,6,2,0,0,0
21721,12,2,3,1,4
21722,10,5,0,0,0
21723,23,7,3,1,6
21724,37,7,9,1,3
21725,19,6,6,1,0
21726,21,5,5,1,4
21730,49,13,38,11,9
21731,359,71,48,36,21
21733,419,88,102,30,57
21735,50,8,12,5,7
21736,1,1,0,4,0
21738,14,0,4,0,4
21739,29,6,6,7,2
21741,12,2,6,7,1
21742,30,25,16,13,8
21743,15,6,3,0,8
21744,46,17,12,6,3
21745,127,28,41,4,9
21746,119,19,29,4,16
21747,26,4,8,1,3
21749,63,6,18,4,16
21750,9,3,2,1,2
21754,413,86,140,22,49
21755,321,60,118,21,60
21756,138,34,47,6,31
21757,1,0,1,0,1
21758,9,1,1,2,1
21761,4,3,0,2,1
21763,1,0,0,0,3
21769,1,0,0,0,1
21770,182,43,70,23,26
21773,31,8,11,2,7
21774,33,7,7,3,2
21775,21,7,10,2,1
21777,3,0,0,0,0
21781,53,5,10,4,10
21784,26,1,3,2,6
21785,4,0,0,0,1
21786,69,9,9,3,6
21787,116,25,31,5,9
21788,35,13,16,3,2
21789,39,13,14,2,3
21790,403,101,118,58,56
21791,260,88,69,28,46
21792,39,7,14,4,6
21793,33,8,11,5,10
21794,49,13,19,6,6
21801,14,1,4,1,2
21802,27,5,9,5,3
21803,28,7,10,4,2
21804,17,10,6,5,3
21807,20,2,4,3,1
21808,7,4,7,3,1
21809,47,12,17,8,7
21810,93,53,21,19,3
21811,84,35,26,14,8
21812,20,7,3,9,4
21813,19,11,3,6,2
21814,7,3,3,0,2
21815,12,1,3,2,2
21816,5,1,0,2,1
21817,34,3,15,6,3
21818,86,28,27,20,3
21819,72,27,15,13,2
21820,29,13,3,12,6
21821,17,8,5,9,2
21822,37,14,3,13,0
21823,28,8,30,4,7
21824,30,14,21,8,4
21826,12,0,5,1,3
21827,2,0,0,0,1
21828,38,10,11,6,6
21829,65,25,30,0,15
21830,56,12,13,3,8
21832,71,13,23,10,5
21833,64,23,22,6,5
21836,1,0,0,1,0
21839,1,0,0,0,0
21841,5,6,3,6,2
21843,252,35,78,12,46
21844,81,12,21,6,16
21845,52,8,12,4,7
21846,17,3,2,0,2
21847,1,1,1,1,1
21849,14,4,2,3,2
21850,13,4,2,2,1
21851,7,3,1,2,2
21864,66,7,10,5,11
21865,36,9,11,8,8
21866,59,19,15,9,8
21867,40,16,15,10,7
21868,150,20,41,5,19
21870,94,8,24,4,11
21871,200,12,41,11,11
21872,79,15,20,6,4
21873,63,7,16,1,4
21874,140,13,36,2,5
21875,68,13,16,7,8
21876,131,19,37,3,10
21877,204,13,49,17,16
21878,91,20,23,7,16
21879,38,3,10,2,6
21880,55,11,15,6,13
21881,22,8,5,2,8
21882,21,4,5,2,9
21883,49,11,18,5,10
21884,20,8,8,3,5
21888,140,39,52,26,25
21889,255,73,68,34,36
21890,84,19,29,19,29
21891,168,67,63,30,30
21892,142,50,56,23,34
21894,33,13,13,8,8
21895,0,0,1,0,0
21896,46,12,18,5,11
21897,2,0,0,0,0
21898,4,2,0,0,1
21899,130,29,37,8,20
21900,165,34,42,8,21
21901,151,25,38,12,18
21902,97,17,33,6,14
21903,84,20,33,5,13
21904,12,4,5,0,4
21905,59,14,23,7,8
21906,55,10,14,3,13
21907,174,40,74,12,32
21908,226,34,78,13,30
21910,4,0,1,0,3
21911,16,1,1,0,2
21912,135,38,47,22,29
21913,46,11,12,8,12
21914,309,79,80,40,19
21915,342,57,103,27,38
21916,184,22,24,9,16
21917,117,23,28,5,16
21918,169,35,45,16,21
21922,103,11,30,3,22
21925,43,3,11,2,7
21926,40,5,6,5,4
21927,77,5,8,2,7
21928,368,56,84,20,21
21929,420,50,86,18,32
21930,358,43,47,11,22
21931,564,70,89,18,42
21932,191,36,54,19,27
21933,187,33,40,11,23
21934,94,16,14,8,11
21935,127,22,26,16,14
21936,278,27,50,7,26
21937,138,23,25,2,20
21942,13,3,0,5,2
21943,5,1,2,2,0
21944,21,5,5,1,2
21945,11,5,6,6,2
21946,8,0,1,2,0
21947,56,8,12,10,2
21948,37,8,5,4,2
21949,39,9,8,2,1
21955,84,18,31,6,19
21967,102,17,35,5,21
21972,25,4,5,2,3
21973,19,0,6,0,5
21974,111,31,40,13,34
21975,335,71,106,19,35
21976,172,36,58,7,16
21977,384,83,116,38,65
21980,130,25,50,11,36
21981,111,25,32,6,21
21982,163,33,40,12,23
21983,61,18,22,8,15
21984,84,17,34,10,17
21985,185,38,68,15,55
21986,84,14,28,5,26
21987,95,20,22,8,7
21988,98,19,19,7,6
21989,143,23,28,8,9
21990,102,26,23,23,12
21991,50,22,14,8,9
21992,92,37,37,25,25
21993,108,36,36,20,12
22021,38,5,15,1,7
22023,46,14,12,7,7
22024,91,12,16,6,6
22025,61,10,12,4,2
22026,67,17,7,4,6
22027,166,32,31,11,25
22028,125,25,15,7,15
22029,268,54,42,12,21
22030,152,27,32,11,23
22031,20,4,2,5,1
22032,17,4,2,4,4
22033,11,0,2,1,7
22034,0,0,0,0,1
22035,59,12,10,2,5
22037,162,44,24,14,18
22038,13,3,1,2,0
22039,4,0,1,2,0
22040,19,4,3,1,1
22041,153,10,27,3,6
22042,12,5,4,5,0
22043,20,11,5,7,0
22044,16,7,9,3,1
22045,131,27,28,6,15
22046,42,10,10,4,9
22047,61,16,15,5,10
22048,14,5,7,2,4
22049,14,6,8,4,0
22050,21,4,9,2,4
22051,20,5,7,3,5
22052,15,0,4,1,3
22053,16,0,6,1,3
22055,78,17,23,13,17
22057,33,7,5,5,6
22059,87,19,34,8,5
22060,19,4,6,0,8
22061,74,15,22,5,14
22062,33,8,6,9,5
22063,45,20,14,6,4
22064,124,16,22,6,5
22065,109,25,26,14,5
22066,70,15,27,15,13
22067,35,6,6,1,3
22068,52,15,8,6,4
22069,25,3,6,3,2
22070,47,13,14,6,6
22071,33,17,15,6,4
22072,94,13,22,9,10
22073,30,3,10,1,5
22074,42,9,18,5,3
22075,73,19,11,12,10
22076,63,17,18,9,7
22077,451,89,107,40,64
22078,81,15,30,14,12
22079,108,19,53,23,30
22080,60,22,30,16,3
22081,48,7,15,10,11
22082,149,70,69,29,35
22083,265,56,77,19,31
22084,221,34,68,7,53
22085,41,7,17,2,7
22086,563,197,123,83,53
22087,171,19,39,13,23
22088,110,10,25,7,19
22089,97,18,33,16,19
22090,369,42,91,24,47
22091,68,18,26,15,8
22092,42,17,15,8,8
22093,92,21,23,15,9
22094,73,26,23,18,14
22095,56,13,20,18,7
22096,45,24,24,11,14
22097,83,24,20,19,6
22098,79,21,23,17,11
22099,70,21,22,8,12
22100,21,5,5,4,5
22101,12,5,5,1,1
22102,8,2,2,5,1
22103,6,2,3,1,5
22104,10,1,1,0,0
22105,3,6,1,0,0
22106,7,2,0,2,1
22107,44,5,10,7,8
22108,19,2,2,3,2
22109,91,8,32,19,13
22110,88,32,15,20,8
22111,346,128,104,44,49
22112,424,131,77,42,40
22113,292,82,77,43,46
22114,297,101,65,35,22
22115,93,28,31,12,21
22116,53,8,21,4,4
22117,26,7,28,3,8
22118,44,18,9,4,5
22119,61,28,11,4,6
22120,99,18,27,7,19
22121,63,18,20,10,5
22123,36,12,14,4,8
22124,17,5,1,1,0
22125,1,0,0,0,0
22127,8,1,4,0,8
22128,28,7,16,6,15
22129,14,2,8,3,10
22130,45,16,17,9,4
22131,112,22,35,2,19
22132,52,6,12,2,11
22133,39,4,8,3,6
22134,45,2,6,1,3
22135,39,2,4,2,2
22136,28,5,12,3,5
22137,10,0,1,0,0
22138,388,158,157,71,93
22139,473,111,120,56,73
22141,217,53,55,29,6
22142,178,77,41,30,7
22144,239,86,62,42,8
22145,0,0,1,0,0
22146,0,0,1,0,0
22147,251,51,86,21,44
22148,87,21,34,7,16
22149,245,54,101,17,56
22150,196,72,78,34,33
22151,178,41,45,20,13
22152,60,18,10,8,2
22153,61,17,7,4,4
22154,67,24,10,12,5
22155,58,16,11,5,4
22156,88,24,18,14,15
22157,9,0,1,1,0
22158,131,53,46,25,15
22161,83,24,27,19,22
22162,10,7,7,3,1
22163,29,6,6,8,2
22164,4,2,3,2,1
22165,24,4,7,3,0
22166,7,4,4,1,0
22167,26,17,6,2,8
22168,42,3,13,5,12
22169,180,27,44,12,24
22170,133,31,35,9,17
22171,188,34,43,11,32
22173,221,31,40,17,33
22174,119,16,24,11,8
22175,88,17,16,14,6
22176,63,7,21,2,8
22178,488,98,135,37,67
22179,133,11,24,5,9
22180,63,17,25,2,25
22181,26,7,8,4,1
22182,14,11,6,6,1
22183,7,2,1,1,6
22184,4,0,0,0,0
22185,67,17,22,15,9
22186,54,28,20,11,6
22187,67,31,25,18,6
22188,88,18,29,9,23
22189,263,51,81,21,43
22190,27,8,11,2,4
22191,252,38,63,11,37
22192,233,24,52,5,24
22193,293,41,56,6,23
22194,23,2,3,1,4
22195,133,18,45,10,22
22196,161,25,41,10,22
22197,692,125,132,68,51
22198,40,4,5,2,2
22199,70,8,9,6,6
22200,57,3,7,5,5
22201,27,4,4,4,1
22202,11,1,2,1,2
22203,58,10,12,6,5
22204,22,3,3,2,1
22207,70,9,12,11,12
22208,108,37,33,20,12
22209,64,26,18,11,7
22210,69,26,26,22,7
22211,65,17,26,19,5
22212,180,32,26,6,20
22214,14,1,2,0,4
22215,43,14,19,7,6
22216,13,3,4,0,0
22217,25,17,12,8,3
22218,0,0,0,1,0
22219,193,45,38,23,25
22220,33,16,13,8,5
22221,20,4,9,5,6
22222,83,19,19,9,19
22223,22,2,8,2,9
22224,66,14,18,7,12
22227,129,13,21,9,10
22228,45,15,20,8,6
22229,33,8,17,4,2
22230,38,10,7,6,5
22231,55,16,17,9,14
22232,33,6,8,9,5
22233,45,7,13,10,6
22236,46,8,13,7,14
22241,106,9,29,3,23
22242,18,1,3,0,5
22243,74,11,14,2,10
22244,60,10,10,7,10
22245,36,1,10,2,9
22246,16,3,7,5,5
22247,27,7,13,2,12
22248,20,7,7,2,11
22249,38,11,19,1,17
22250,28,4,13,2,12
22251,38,8,15,2,12
22252,46,10,8,5,2
22254,25,7,6,0,3
22255,23,10,4,4,3
22256,16,5,3,0,15
22257,7,1,3,1,6
22258,20,5,4,1,6
22259,6,3,3,0,5
22260,31,4,9,0,6
22261,42,6,18,4,9
22262,66,6,10,4,11
22263,13,3,3,0,2
22264,23,5,9,1,6
22265,29,5,10,5,6
22266,36,15,20,6,9
22267,32,14,19,6,6
22268,51,8,27,7,8
22269,48,11,21,4,5
22270,29,5,0,4,7
22271,141,47,49,8,18
22272,25,4,9,3,6
22273,156,56,54,15,19
22274,127,49,35,17,10
22275,1,0,0,0,0
22276,32,12,10,2,6
22277,28,17,6,4,8
22278,41,15,13,11,7
22279,29,9,6,4,3
22280,21,7,2,1,1
22281,26,2,10,3,3
22282,43,5,7,1,8
22283,54,14,32,5,13
22284,50,12,21,4,17
22285,49,9,17,0,19
22286,41,6,15,9,11
22287,33,5,12,4,5
22288,13,4,11,6,10
22289,7,2,6,3,4
22291,43,14,22,3,15
22292,48,14,13,5,15
22293,40,13,12,4,20
22294,156,30,48,3,24
22295,118,28,41,10,24
22296,143,45,52,9,35
22297,134,26,39,11,22
22299,24,11,4,2,1
22300,71,17,28,16,14
22301,91,21,40,14,19
22302,97,28,33,12,22
22303,120,35,40,11,25
22304,22,5,13,2,6
22305,22,3,11,3,5
22306,53,11,18,16,5
22307,28,14,8,8,4
22308,27,3,3,1,2
22309,45,9,7,4,1
22310,40,6,4,1,2
22311,57,11,25,5,2
22312,55,13,19,7,4
22313,34,7,12,1,2
22314,57,11,15,6,7
22315,71,8,20,12,11
22316,27,4,4,3,4
22317,20,4,6,1,9
22318,54,9,8,7,12
22319,24,11,10,5,13
22320,33,10,8,11,7
22321,36,6,9,3,4
22322,25,1,5,1,5
22323,1,0,0,0,0
22324,21,1,6,1,1
22325,32,6,5,5,11
22326,407,62,83,24,33
22327,115,24,20,6,8
22328,319,42,68,16,26
22329,103,10,20,5,15
22331,90,18,18,9,8
22332,89,12,19,5,6
22333,188,21,31,14,18
22334,59,10,14,4,5
22335,79,17,14,7,16
22336,24,8,10,5,6
22337,13,5,6,3,0
22338,65,22,17,16,1
22339,29,8,9,8,1
22340,30,13,6,12,2
22341,19,4,11,2,5
22342,24,8,15,1,4
22343,40,10,8,1,5
22344,30,5,5,2,5
22345,30,5,4,3,2
22346,23,6,2,1,2
22348,163,37,36,8,15
22349,52,23,24,6,11
22350,44,13,21,3,8
22351,0,0,1,0,0
22352,229,24,51,7,20
22353,13,4,5,1,2
22354,48,2,5,2,8
22355,417,67,66,19,30
22356,369,33,56,18,21
22357,46,10,18,3,10
22358,57,11,22,4,19
22359,28,7,18,4,6
22360,69,24,30,14,13
22361,69,23,21,4,9
22362,41,11,19,4,6
22363,29,8,13,3,7
22364,48,15,18,6,12
22365,80,13,17,4,13
22366,90,15,27,9,15
22367,253,87,57,29,31
22371,146,31,30,19,28
22372,57,16,11,8,9
22374,92,17,24,7,19
22375,59,10,13,5,12
22376,45,12,15,5,8
22377,68,11,12,5,9
22378,78,6,12,0,9
22379,320,25,41,2,26
22380,138,14,24,8,16
22381,222,15,37,3,18
22382,657,129,136,33,53
22383,742,119,137,30,55
22384,658,93,124,26,56
22385,371,40,47,10,19
22386,632,81,112,19,46
22389,19,8,7,1,1
22390,21,3,4,2,1
22391,10,2,5,0,1
22393,27,8,14,0,1
22394,8,3,3,0,2
22395,9,3,2,0,1
22396,62,17,12,10,11
22398,124,46,33,15,14
22399,47,11,16,3,10
22400,74,27,20,19,12
22402,86,21,17,12,13
22403,44,16,14,5,7
22405,31,7,7,1,10
22406,35,8,11,2,8
22407,20,0,1,1,2
22408,11,3,5,2,2
22409,22,4,7,4,8
22410,32,3,4,0,7
22411,523,88,116,32,44
22412,66,10,23,3,15
22413,186,41,81,16,34
22414,50,2,7,3,8
22415,8,0,2,0,3
22416,31,5,17,4,6
22417,225,59,78,15,43
22418,127,34,49,15,18
22419,97,31,14,14,10
22420,53,11,14,6,3
22421,65,15,18,13,12
22422,47,14,4,10,2
22423,965,179,330,73,176
22424,191,37,56,11,33
22425,75,13,28,8,17
22426,70,19,33,8,16
22427,221,55,96,13,62
22428,56,17,8,3,8
22429,149,44,73,20,39
22430,85,21,31,11,18
22431,180,24,42,8,25
22432,150,27,33,5,25
22433,118,24,28,6,15
22434,57,17,18,13,11
22435,133,24,24,19,21
22436,80,29,14,9,13
22437,100,29,24,10,13
22438,37,18,8,3,8
22439,89,26,23,12,13
22440,83,21,19,9,14
22441,83,27,28,15,20
22442,30,18,14,6,6
22443,43,9,17,4,8
22444,17,1,10,0,6
22445,55,15,16,7,7
22446,31,1,3,4,2
22447,10,2,1,1,2
22448,21,5,4,2,2
22449,39,11,18,10,11
22450,29,7,8,6,4
22451,23,6,6,2,2
22452,38,10,12,3,5
22453,28,6,8,1,4
22454,22,3,8,0,5
22456,153,40,54,17,42
22457,519,129,178,56,98
22458,8,1,3,0,2
22459,9,0,3,1,2
22460,92,24,24,13,11
22461,27,4,11,1,2
22464,163,27,50,19,26
22465,92,24,28,11,8
22466,87,22,25,13,5
22467,394,53,81,24,34
22468,79,10,18,2,7
22469,526,140,180,53,86
22470,438,100,140,64,77
22471,36,7,9,5,8
22472,50,7,8,5,12
22473,48,7,11,5,8
22474,44,10,9,8,12
22475,84,15,2,5,6
22476,44,11,11,10,3
22477,30,10,15,5,11
22478,38,9,16,6,8
22479,27,8,9,3,7
22480,31,4,17,8,8
22481,41,10,18,9,9
22482,27,3,11,0,7
22483,74,24,17,11,8
22485,78,16,36,11,24
22486,7,0,2,1,0
22487,190,44,63,31,52
22488,163,47,55,21,26
22489,173,35,61,21,32
22491,109,23,36,15,20
22492,188,25,67,12,33
22493,98,34,22,11,15
22494,79,12,9,6,13
22495,28,17,9,6,6
22496,34,17,10,4,5
22497,25,10,12,2,11
22498,62,9,14,4,8
22499,165,29,56,13,36
22500,39,18,15,8,10
22501,155,17,36,6,45
22502,127,17,46,8,41
22503,9,1,4,1,1
22504,28,4,2,1,4
22505,154,29,50,14,21
22507,191,59,53,18,27
22508,117,43,40,18,22
22509,47,15,10,5,5
22510,23,3,7,4,5
22511,28,6,6,4,4
22512,20,4,4,2,3
22513,29,4,10,6,3
22514,38,12,12,4,10
22515,36,7,8,2,10
22516,23,6,5,6,4
22517,31,9,5,3,10
22518,32,3,15,1,6
22519,39,4,13,2,7
22520,62,9,17,3,16
22521,58,10,15,1,16
22522,61,15,19,6,23
22523,61,15,19,4,20
22524,35,5,12,1,13
22525,32,4,7,0,9
22526,37,4,11,4,11
22529,30,11,7,7,7
22530,99,23,35,13,16
22531,87,27,27,8,17
22532,37,10,10,6,5
22533,41,13,12,6,7
22534,101,35,39,15,17
22535,68,14,18,7,6
22536,80,20,25,11,12
22537,67,27,30,6,8
22538,14,2,4,1,6
22539,49,10,17,3,11
22540,36,5,12,2,10
22541,15,2,2,0,3
22543,24,3,6,3,5
22544,60,17,25,9,17
22545,29,8,7,1,3
22546,37,8,5,3,7
22547,34,5,7,2,3
22548,80,27,38,11,28
22549,132,45,37,18,18
22550,97,20,26,12,21
22551,351,100,77,27,39
22553,255,81,67,31,30
22554,360,92,90,28,35
22555,239,83,69,29,41
22556,310,78,72,30,41
22557,260,82,76,26,54
22558,379,68,112,26,63
22559,21,0,11,3,4
22560,182,43,50,31,31
22561,211,56,70,31,40
22562,87,41,31,21,16
22563,131,40,39,31,21
22564,99,27,23,10,11
22565,57,22,13,9,9
22566,66,19,18,11,10
22567,110,17,31,12,22
22568,254,63,63,19,27
22569,193,31,48,8,21
22570,210,43,55,5,20
22571,102,33,29,16,5
22572,72,27,22,8,4
22573,86,23,25,14,8
22574,96,26,17,16,5
22575,42,17,8,7,5
22576,72,22,14,17,5
22577,257,86,48,72,17
22578,231,89,52,73,8
22579,158,40,41,40,9
22580,115,19,15,16,3
22581,59,23,9,9,4
22582,29,12,18,10,10
22583,27,9,14,11,18
22584,58,24,43,11,20
22585,151,58,65,28,38
22586,51,27,21,11,8
22587,52,31,20,16,5
22588,73,17,26,9,12
22589,35,7,10,5,1
22591,40,8,8,7,0
22592,42,21,16,6,6
22593,80,25,17,18,2
22594,70,26,12,14,4
22595,194,65,57,26,28
22596,107,60,34,31,8
22597,71,21,13,13,5
22598,35,5,8,4,2
22599,46,10,8,5,2
22600,70,35,20,16,4
22601,82,27,26,14,5
22602,87,38,26,13,17
22603,51,32,20,22,6
22604,52,21,17,12,12
22605,121,30,46,10,34
22606,60,11,34,2,28
22607,150,51,53,19,34
22608,44,9,15,11,6
22609,62,16,18,17,8
22610,92,27,35,12,7
22611,20,7,8,1,5
22613,70,20,16,3,6
22614,93,28,28,6,20
22615,38,12,11,3,6
22616,248,44,60,22,23
22617,211,63,76,30,47
22618,15,2,3,0,5
22619,170,54,56,38,28
22620,198,61,53,31,33
22621,262,84,85,44,46
22622,117,30,31,21,32
22623,110,32,37,16,26
22624,388,64,97,26,60
22625,285,36,78,19,37
22626,113,12,23,8,30
22627,200,35,37,11,24
22628,75,6,14,8,17
22629,503,72,81,28,36
22630,431,48,88,23,46
22631,177,22,34,8,21
22632,189,60,66,35,22
22633,243,81,84,41,21
22634,98,42,27,10,31
22635,79,35,26,8,34
22636,97,35,25,7,18
22637,146,40,48,7,25
22638,13,11,4,5,5
22639,50,23,19,19,20
22640,16,13,4,3,6
22641,8,5,3,4,4
22642,16,12,5,8,4
22643,11,15,3,2,1
22644,91,30,33,15,21
22645,120,37,40,22,18
22646,150,34,55,22,23
22647,19,1,8,5,3
22649,90,11,42,15,9
22650,69,11,14,4,10
22651,56,11,16,6,5
22652,229,33,92,11,34
22653,78,16,10,7,11
22654,125,31,30,15,23
22655,25,0,4,1,8
22656,14,0,2,0,4
22659,381,46,53,22,27
22660,39,7,15,4,4
22661,247,25,46,12,19
22662,421,63,76,18,36
22663,230,26,38,8,16
22664,77,5,9,3,8
22665,128,17,55,8,24
22666,505,90,144,32,72
22667,312,40,57,8,37
22668,118,21,38,3,27
22669,79,29,22,12,25
22670,145,16,32,7,11
22671,70,10,13,4,7
22672,96,14,31,7,12
22673,70,16,18,3,6
22674,88,16,30,2,12
22675,83,14,23,2,6
22676,107,9,16,3,5
22677,79,10,15,3,6
22678,74,8,16,0,5
22679,66,7,12,2,5
22680,71,7,13,4,8
22681,60,8,12,0,3
22682,57,5,13,1,4
22683,54,6,14,1,5
22684,42,4,10,0,5
22685,42,9,13,1,5
22686,55,5,9,1,3
22687,21,3,8,0,3
22688,18,4,2,1,2
22689,66,16,26,2,3
22690,159,33,45,8,19
22691,64,6,17,3,6
22692,194,35,64,12,35
22693,125,37,44,11,22
22694,160,60,45,31,16
22695,43,28,16,7,4
22696,57,26,24,13,10
22697,416,68,131,31,73
22698,356,52,104,24,48
22699,486,78,137,30,70
22700,27,6,9,2,5
22701,31,7,10,3,2
22702,26,5,7,1,4
22703,24,5,6,4,1
22704,101,24,29,5,15
22705,46,11,11,0,7
22706,36,9,12,1,11
22707,27,6,5,3,6
22708,60,10,15,3,11
22709,16,6,9,3,5
22710,64,12,11,5,8
22711,58,10,16,8,9
22712,146,26,24,5,15
22713,94,19,20,8,14
22714,90,24,20,7,14
22715,57,12,12,7,10
22716,120,32,39,10,14
22717,59,9,12,3,4
22718,75,6,13,8,4
22719,21,3,6,0,4
22720,667,126,212,44,110
22721,143,27,48,16,15
22722,388,67,130,21,68
22723,139,25,41,12,26
22725,235,37,31,11,14
22726,583,88,77,27,33
22727,621,105,102,26,45
22728,439,69,71,14,28
22729,262,30,49,7,19
22730,346,52,43,9,27
22731,62,12,16,9,7
22732,78,19,12,11,7
22733,82,19,22,12,9
22734,151,77,63,40,12
22735,48,11,15,9,6
22736,86,25,26,12,6
22737,112,25,23,15,15
22738,102,25,33,13,8
22739,111,29,36,20,16
22740,51,15,30,0,11
22741,91,16,33,1,14
22742,54,11,11,6,9
22743,78,26,22,13,13
22744,62,32,27,15,14
22745,177,43,48,20,38
22746,148,29,31,14,35
22747,101,19,22,11,21
22748,202,47,47,26,35
22749,222,67,74,27,31
22750,210,61,74,24,22
22751,130,42,43,21,19
22752,173,26,52,14,36
22753,109,25,17,8,9
22754,134,20,21,11,10
22755,136,26,20,5,11
22756,60,13,7,7,6
22757,76,12,8,10,8
22758,83,14,9,8,16
22759,140,58,75,30,33
22760,40,4,10,4,8
22761,14,1,3,1,5
22762,33,18,17,8,11
22763,47,18,18,1,10
22764,1,0,1,0,0
22765,2,0,0,0,1
22766,254,61,83,22,46
22767,107,28,42,7,24
22768,112,34,51,13,25
22769,1,0,0,0,2
22770,31,10,6,3,5
22771,210,23,65,8,28
22772,118,11,33,3,12
22773,102,11,23,3,11
22774,62,8,24,3,3
22775,93,20,39,7,2
22776,213,61,88,29,60
22777,23,3,6,4,6
22778,57,19,17,10,9
22779,103,17,10,12,10
22780,87,16,9,9,11
22781,86,13,39,12,11
22782,38,7,14,5,10
22783,18,2,6,0,6
22784,133,37,49,17,33
22785,28,9,7,6,4
22786,15,3,9,4,6
22788,31,3,3,1,8
22789,67,15,32,4,13
22791,124,48,35,41,18
22792,63,26,23,12,6
22794,87,18,33,2,17
22795,182,36,45,7,21
22796,111,31,43,11,19
22797,42,6,20,0,11
22798,121,20,19,15,14
22799,38,13,12,6,11
22800,67,31,19,9,13
22801,73,28,31,14,19
22802,14,3,3,8,7
22803,6,2,13,2,2
22804,242,31,84,17,47
22805,81,7,25,6,6
22806,15,7,5,0,1
22807,59,19,14,6,13
22808,25,6,7,2,14
22809,91,31,25,21,11
22810,68,25,30,11,7
22811,37,9,6,4,0
22812,62,17,24,10,14
22813,72,24,30,11,17
22814,64,14,9,5,4
22815,72,15,11,8,8
22816,71,38,30,27,14
22817,91,15,11,2,7
22818,69,44,25,17,9
22819,85,16,15,5,5
22820,25,7,8,2,4
22821,42,12,7,3,3
22822,73,14,31,7,20
22823,6,1,0,1,5
22824,17,6,9,1,10
22825,9,5,4,3,4
22826,18,8,7,2,6
22827,15,4,4,0,3
22828,3,0,2,1,1
22829,58,4,20,3,14
22830,5,0,0,0,1
22831,53,20,14,5,14
22832,43,10,6,2,8
22833,3,1,0,0,0
22834,177,31,53,16,22
22835,284,86,79,33,36
22837,91,10,20,2,13
22838,73,11,34,7,11
22839,71,12,25,9,22
22840,136,26,47,10,34
22841,104,21,38,5,32
22842,82,11,29,5,19
22843,70,8,21,1,15
22844,186,33,37,14,26
22845,144,30,24,6,33
22846,164,17,42,7,19
22847,216,36,44,19,27
22848,75,3,20,1,13
22849,80,3,18,0,20
22851,150,38,59,11,39
22852,70,10,13,4,11
22853,67,7,13,5,9
22854,72,10,39,3,25
22855,83,15,44,7,31
22856,13,1,1,0,7
22857,32,4,12,1,12
22858,59,10,21,4,19
22859,84,11,17,3,15
22860,50,10,16,3,8
22861,14,6,6,2,10
22862,28,4,7,0,7
22863,50,16,16,4,9
22865,367,85,75,48,19
22866,270,87,72,44,29
22867,260,95,68,39,26
22868,6,1,2,0,2
22869,11,1,2,1,4
22870,12,0,2,1,2
22871,5,0,2,0,3
22872,9,0,2,0,2
22873,7,1,2,0,3
22874,7,0,2,0,3
22875,7,2,2,0,3
22876,5,0,3,0,3
22877,7,0,2,0,4
22878,6,0,2,0,3
22879,3,1,4,0,0
22880,5,2,5,0,0
22881,5,2,5,0,1
22882,8,3,9,0,0
22883,5,1,5,0,0
22884,8,2,5,1,0
22885,4,1,6,1,0
22886,8,1,4,0,0
22887,3,2,6,0,0
22888,3,2,3,0,0
22889,4,3,2,0,0
22890,88,10,25,11,15
22891,71,6,19,4,8
22892,140,8,34,6,9
22893,40,6,12,2,6
22894,66,15,18,2,9
22895,130,35,42,18,20
22896,159,23,29,4,11
22897,98,27,29,11,9
22898,151,47,53,12,21
22899,143,44,35,17,23
22900,209,57,71,24,27
22902,57,12,15,5,7
22903,23,4,3,1,1
22904,125,29,52,9,26
22905,40,6,14,2,7
22906,68,35,44,31,22
22907,313,68,96,31,57
22908,182,36,65,25,16
22909,271,93,71,53,23
22910,397,146,75,51,44
22911,45,15,9,6,7
22912,57,10,16,2,6
22913,55,9,16,4,11
22914,73,17,25,2,19
22915,72,21,11,6,24
22916,105,20,43,9,17
22917,112,19,41,9,17
22918,102,20,47,9,17
22919,107,19,45,9,18
22920,104,20,44,10,16
22921,93,16,40,7,16
22922,49,7,9,4,19
22923,36,14,11,5,10
22924,38,14,12,3,9
22925,75,20,38,5,26
22926,92,15,44,2,33
22927,72,12,28,1,16
22928,46,8,17,7,10
22929,7,0,3,1,2
22930,86,19,21,8,13
22931,65,11,24,5,8
22932,46,4,7,2,5
22933,53,8,17,3,11
22934,37,4,15,1,12
22935,35,6,7,0,4
22936,19,5,7,0,4
22937,80,12,25,2,22
22938,75,28,31,15,23
22939,60,10,20,4,10
22940,171,47,41,33,23
22941,135,41,37,33,9
22942,76,19,18,14,5
22943,103,15,23,10,10
22944,26,8,13,7,6
22945,60,26,34,11,9
22946,67,8,8,5,3
22947,74,12,11,6,1
22948,59,12,23,5,7
22949,36,11,18,6,16
22950,76,19,44,9,19
22951,198,51,64,19,37
22952,291,76,68,30,31
22953,41,7,17,7,11
22954,16,0,9,3,1
22955,57,17,17,7,13
22956,84,23,39,8,24
22957,115,13,39,5,29
22959,64,33,24,16,3
22960,467,108,169,30,113
22961,496,96,144,39,100
22962,148,20,41,14,24
22963,130,15,33,8,25
22964,149,49,55,25,24
22965,102,28,46,11,22
22966,329,75,102,29,37
22967,75,12,29,3,13
22968,81,15,23,1,25
22969,239,74,98,19,89
22970,165,33,47,22,17
22971,128,29,41,21,16
22972,111,29,23,12,9
22973,77,12,11,5,7
22974,95,20,21,11,15
22975,86,23,18,9,8
22976,78,11,12,8,7
22977,64,16,18,6,9
22978,107,22,38,8,23
22979,170,42,59,16,26
22980,129,33,49,11,25
22981,38,12,13,6,7
22982,79,22,29,6,11
22983,196,45,45,26,21
22984,96,24,15,4,3
22985,62,16,8,3,7
22986,85,16,28,9,16
22987,3,0,0,0,1
22988,209,36,54,18,21
22989,161,39,73,9,36
22990,80,19,27,4,14
22991,131,46,31,21,12
22992,145,67,35,30,19
22993,590,78,139,25,61
22994,124,9,19,7,4
22995,142,13,16,8,8
22996,202,33,39,15,12
22997,129,16,28,6,7
22998,310,45,57,23,13
22999,138,11,25,13,6
23000,135,18,26,15,14
23002,98,13,16,9,9
23003,38,3,7,2,3
23004,94,11,11,7,6
23005,123,25,15,13,6
23006,94,5,16,13,3
23007,80,18,28,7,10
23008,61,15,29,4,13
23009,32,11,9,1,8
23010,51,14,16,3,5
23012,105,43,32,14,9
23013,89,46,26,13,8
23014,80,34,29,14,7
23015,10,2,4,1,0
23016,8,3,2,4,2
23017,7,7,2,4,1
23018,9,5,2,2,2
23019,11,9,2,4,2
23020,27,9,21,10,5
23021,9,7,6,3,1
23022,11,6,1,3,2
23023,10,2,4,3,6
23024,7,1,1,1,0
23025,28,8,5,4,1
23026,35,9,8,3,1
23027,14,8,3,1,1
23028,72,11,23,4,6
23029,87,20,22,5,4
23031,96,19,18,2,5
23032,120,23,35,9,3
23033,39,5,13,1,2
23034,52,10,15,4,1
23035,104,24,25,12,5
23036,4,4,6,2,0
23037,10,3,1,4,0
23038,3,0,2,0,1
23039,7,5,6,2,3
23040,13,13,3,4,5
23041,18,10,8,6,6
23042,9,8,2,3,3
23043,6,5,5,0,3
23044,10,4,6,3,4
23045,11,3,4,3,2
23046,17,2,9,4,2
23047,10,2,8,1,5
23048,33,14,25,13,7
23049,116,10,27,3,13
23050,103,15,30,7,21
23051,84,9,26,1,13
23052,130,17,45,5,24
23053,73,10,29,0,18
23054,64,13,24,2,7
23055,13,8,12,2,4
23056,17,5,13,1,5
23057,20,7,10,2,5
23058,23,12,4,4,1
23060,19,6,7,4,5
23061,43,21,11,4,12
23064,11,2,5,0,4
23065,51,13,17,1,11
23066,46,14,11,0,5
23067,39,11,12,10,6
23068,73,15,22,7,16
23069,17,8,2,1,4
23070,15,7,7,2,2
23071,9,0,6,5,2
23072,10,2,5,3,2
23073,34,10,8,4,4
23074,25,6,3,2,0
23075,48,10,9,6,7
23076,130,29,47,16,27
23077,143,51,79,17,19
23078,111,34,47,11,10
23079,60,20,16,9,2
23080,126,36,33,17,16
23081,66,14,19,8,9
23082,140,55,46,26,6
23083,120,31,32,22,8
23084,495,200,71,71,5
23085,41,13,17,9,1
23086,20,3,5,4,5
23087,26,6,11,1,5
23088,29,13,10,1,4
23089,80,23,25,5,5
23090,60,20,20,20,6
23091,92,23,50,20,15
23092,70,14,29,6,7
23093,69,21,21,6,7
23094,29,15,17,8,5
23096,74,18,20,4,3
23099,28,9,7,6,5
23100,123,40,34,20,5
23101,100,41,28,18,9
23102,79,22,19,15,9
23103,171,58,55,42,8
23104,29,3,4,4,4
23106,23,9,9,7,2
23107,29,7,13,7,5
23108,205,46,63,21,19
23109,119,56,30,19,13
23110,124,40,34,9,14
23111,73,22,18,7,5
23112,119,25,24,7,9
23113,26,7,9,1,0
23114,25,6,4,6,0
23115,24,4,5,7,0
23116,9,3,2,4,0
23117,23,5,6,5,0
23118,131,32,36,15,11
23119,61,13,26,6,11
23120,50,15,21,2,4
23121,57,18,14,4,3
23122,53,17,21,3,5
23123,43,7,11,4,4
23124,14,2,7,1,0
23125,9,3,3,1,0
23126,153,52,37,20,16
23127,93,41,23,13,15
23128,71,26,18,12,5
23129,77,29,34,13,12
23130,73,24,40,21,9
23131,58,14,20,13,5
23132,76,28,25,5,10
23133,72,18,27,6,11
23134,24,3,4,1,5
23135,27,1,8,2,4
23136,22,9,9,1,3
23137,10,5,2,1,2
23138,50,9,13,2,6
23139,16,5,1,0,2
23140,22,5,4,2,2
23141,10,2,4,1,1
23142,18,4,9,1,4
23143,6,2,2,1,1
23144,135,36,41,14,12
23145,78,27,25,14,7
23146,142,14,43,4,14
23147,170,26,38,6,15
23148,159,20,42,7,16
23149,14,4,0,0,1
23150,28,8,2,1,1
23151,10,7,2,0,1
23152,84,21,32,5,10
23153,41,17,12,3,5
23154,141,30,27,14,16
23155,61,14,21,5,12
23156,135,23,17,8,8
23157,88,22,24,11,8
23158,144,20,14,8,3
23159,141,21,23,5,12
23160,29,8,13,2,9
23161,28,11,16,5,8
23162,95,11,22,6,8
23163,77,8,32,3,14
23164,45,10,14,3,8
23165,131,24,38,16,16
23166,116,14,38,8,22
23167,100,13,36,9,26
23168,152,25,28,8,10
23169,133,52,45,18,17
23170,210,34,59,4,22
23171,169,26,46,12,18
23172,143,18,40,6,17
23173,220,31,78,14,18
23174,162,23,54,10,20
23175,168,25,54,13,13
23176,98,20,38,17,16
23177,110,29,42,20,19
23178,26,6,16,4,5
23179,22,6,4,2,6
23180,25,7,2,1,1
23181,38,12,15,1,3
23182,194,24,32,8,9
23183,38,8,6,2,5
23184,115,22,35,11,16
23185,20,6,0,5,1
23186,41,11,6,7,6
23187,40,11,9,9,6
23188,163,46,50,17,12
23189,63,14,24,9,4
23190,109,28,24,13,6
23191,150,49,38,12,8
23192,176,61,47,24,16
23193,69,18,25,14,17
23194,79,29,33,19,17
23196,150,28,42,15,8
23197,119,20,33,11,3
23198,224,62,70,15,15
23199,516,60,101,17,32
23200,324,49,67,19,18
23201,517,78,98,39,29
23202,552,105,74,28,23
23203,760,131,137,32,38
23204,315,26,55,10,21
23205,239,29,50,19,12
23206,632,98,111,22,32
23207,457,79,94,23,18
23208,456,60,70,9,20
23209,744,113,112,23,37
23210,92,31,28,15,3
23211,70,21,17,9,3
23212,96,20,23,11,4
23213,65,23,19,12,6
23214,52,27,10,7,2
23215,83,60,30,27,3
23216,19,9,9,1,3
23217,44,11,17,9,5
23218,22,4,5,1,1
23219,30,9,7,3,3
23220,41,16,17,3,2
23221,59,20,23,8,4
23222,33,16,10,4,3
23223,33,17,13,5,2
23224,35,11,9,2,2
23225,43,17,6,2,2
23226,47,9,9,4,3
23227,64,7,7,5,4
23228,50,13,12,1,3
23229,112,39,39,14,15
23230,134,31,41,11,16
23231,160,34,31,10,22
23232,137,38,31,16,21
23233,96,18,25,8,12
23234,127,41,40,18,9
23235,60,16,20,3,0
23236,192,33,52,8,11
23237,109,25,26,8,2
23238,157,29,34,16,8
23239,95,19,28,14,7
23240,293,77,83,24,21
23241,189,26,48,21,11
23242,127,19,29,15,6
23243,245,48,66,11,19
23244,77,12,11,4,1
23245,431,110,131,21,34
23247,147,47,50,23,10
23249,45,7,9,4,4
23250,57,12,11,3,6
23251,66,9,17,7,4
23252,70,20,18,12,8
23253,25,2,10,1,9
23254,153,36,47,17,31
23255,78,21,23,8,14
23256,180,49,54,16,31
23263,246,78,59,33,15
23264,157,49,37,20,4
23265,149,50,36,30,5
23266,168,55,45,26,3
23267,43,20,21,7,3
23268,39,8,23,5,4
23269,35,23,15,6,0
23270,67,30,18,6,4
23271,35,14,14,12,3
23272,17,8,5,4,1
23273,46,19,21,9,3
23274,47,22,21,8,4
23275,175,50,28,27,5
23280,80,21,16,10,8
23281,60,9,14,7,4
23282,66,9,14,10,5
23283,135,28,23,12,11
23284,426,84,85,28,32
23285,82,12,23,9,6
23286,103,14,26,13,8
23287,91,14,30,9,5
23288,82,13,24,6,10
23289,86,23,19,8,6
23290,105,32,22,9,6
23291,91,26,18,5,6
23292,107,31,16,5,7
23293,253,82,73,42,25
23294,165,43,45,28,21
23295,203,61,49,33,24
23296,173,52,44,28,27
23297,81,15,33,4,9
23298,623,122,182,39,58
23299,70,15,25,6,8
23300,406,92,76,48,27
23301,461,118,103,56,30
23302,117,24,25,17,10
23303,4,1,1,0,0
23304,4,1,4,0,0
23305,6,1,2,0,0
23306,117,32,37,8,17
23307,307,79,87,35,21
23308,194,43,52,20,8
23309,189,39,48,29,10
23310,116,38,37,15,8
23311,152,55,50,22,5
23312,119,32,27,15,5
23313,220,55,56,33,7
23314,64,17,17,6,2
23315,49,11,10,2,4
23316,66,16,7,2,5
23317,46,13,6,2,4
23318,159,84,50,35,9
23319,188,83,55,42,13
23320,156,69,43,42,11
23321,326,116,86,53,24
23322,271,97,84,57,19
23323,134,69,35,35,9
23324,24,5,6,2,2
23325,18,3,6,1,2
23326,32,11,7,5,1
23327,22,5,1,5,2
23328,147,71,39,23,9
23329,133,42,40,25,3
23330,106,55,30,17,2
23331,42,21,13,9,1
23332,144,51,50,29,7
23333,118,51,29,28,6
23334,53,23,14,9,2
23335,41,15,14,9,4
23336,40,10,7,6,2
23337,38,8,7,6,1
23338,59,12,12,6,2
23339,29,10,12,7,0
23340,63,21,23,6,11
23341,53,16,16,8,6
23342,94,24,24,9,6
23343,239,66,51,34,6
23344,360,110,70,50,12
23345,95,14,13,9,7
23346,93,15,20,7,7
23347,56,5,6,1,3
23348,64,30,21,12,0
23349,130,56,43,24,4
23350,127,51,45,28,4
23351,137,65,46,26,4
23352,77,44,25,19,0
23353,123,54,52,25,7
23354,120,62,60,24,5
23355,427,144,91,67,11
23356,286,66,59,52,10
23357,49,17,12,12,1
23358,43,8,8,6,3
23359,43,17,11,6,0
23360,65,18,16,13,0
23365,62,37,16,18,0
23366,72,32,21,18,2
23367,128,55,26,28,1
23368,92,50,27,15,1
23369,45,23,14,16,0
23370,57,31,10,13,2
23371,78,31,12,19,0
23372,53,23,14,15,0
23373,42,18,19,6,3
23374,71,23,15,10,3
23375,47,17,16,9,0
23376,61,25,17,13,2
23377,45,15,14,7,3
23378,89,22,17,21,7
23379,22,11,10,5,3
23380,53,15,14,7,7
23381,40,10,9,6,2
23382,93,39,18,14,0
23388,84,19,22,12,1
23389,127,40,24,19,2
23390,94,27,14,14,4
23391,39,12,12,8,0
23392,34,20,12,16,1
23393,100,45,33,26,4
23394,65,27,15,15,2
23395,92,41,25,23,4
23396,88,34,27,23,3
23397,89,33,30,18,6
23398,22,25,13,5,1
23399,110,43,21,14,3
23400,65,11,11,4,5
23401,41,9,9,7,4
23402,36,10,7,1,2
23403,75,18,10,6,3
23404,86,21,20,7,2
23405,28,10,15,6,1
23406,57,21,10,5,2
23407,63,27,18,9,2
23408,38,11,4,4,2
23409,20,9,6,3,3
23410,6,4,5,2,1
23411,30,7,5,4,1
23412,48,6,9,3,6
23413,31,9,3,2,0
23414,33,13,9,5,2
23415,24,12,7,2,0
23416,11,2,2,3,0
23417,16,1,2,3,0
23418,24,20,9,6,2
23419,28,16,8,9,1
23420,13,5,7,4,0
23421,15,4,6,2,0
23422,13,6,8,4,0
23423,27,10,8,5,1
23424,53,17,14,17,3
23425,17,13,2,3,0
23426,113,27,25,8,2
23427,52,20,19,12,5
23428,20,4,1,1,0
23429,13,6,1,0,0
23430,12,3,1,1,0
23431,39,19,10,4,0
23432,42,13,9,5,3
23433,41,14,18,8,1
23434,60,29,31,14,2
23435,19,8,12,4,2
23436,41,22,21,6,2
23437,53,24,24,10,0
23438,57,19,11,10,3
23439,224,75,53,40,7
23440,1,4,0,0,0
23441,0,2,0,1,0
23442,2,3,0,5,0
23444,26,17,22,8,6
23445,52,15,18,10,1
23446,2,0,0,1,0
23447,2,0,0,2,0
23448,1,1,0,1,0
23449,1,0,0,0,0
23451,28,9,5,4,0
23452,52,18,6,5,0
23453,36,7,5,2,0
23454,28,13,4,8,0
23455,27,6,1,1,0
23456,28,3,2,3,0
23457,22,3,1,4,0
23458,14,7,4,5,0
23459,8,6,3,2,0
23460,24,10,5,4,0
23461,26,42,6,22,0
23462,29,6,4,5,0
23463,4,2,0,1,0
23464,1,3,1,1,0
23465,5,2,2,6,0
23466,8,6,3,4,0
23467,3,1,1,0,0
23468,6,2,0,3,0
23469,31,14,9,9,0
23470,37,15,16,7,0
23471,11,8,6,2,0
23472,14,11,5,1,0
23473,28,9,0,7,0
23474,17,7,0,4,0
23475,16,6,1,3,0
23476,11,5,0,2,0
23477,5,2,0,1,0
23478,8,2,0,0,0
23479,25,7,2,7,0
23480,104,47,12,15,0
23481,21,5,0,4,0
23482,25,6,0,5,0
23483,32,19,7,11,0
23484,11,5,8,2,0
23485,34,27,8,11,0
23486,38,19,6,5,0
23487,19,14,2,7,0
23489,69,42,18,14,0
23490,44,25,7,20,0
23491,32,19,9,17,0
23492,10,11,2,3,0
23493,186,80,51,44,3
23494,96,49,18,16,0
23495,11,6,4,3,0
23496,9,5,4,4,0
23497,104,45,16,14,0
23498,62,22,0,9,0
23499,58,24,6,10,0
23500,41,30,11,11,0
23501,44,25,8,12,0
23502,43,15,17,12,1
23503,179,58,57,37,6
23504,99,35,31,33,5
23505,60,22,14,15,0
23506,84,26,21,6,0
23507,69,16,20,6,0
23508,68,18,26,6,0
23509,36,8,11,2,0
23510,58,18,22,3,0
23511,40,16,14,16,2
23512,25,6,5,12,2
23513,25,14,13,8,2
23514,28,7,13,11,3
23515,28,7,9,14,2
23516,20,5,9,9,0
23517,21,9,11,10,0
23518,16,7,9,9,1
23519,12,2,2,3,0
23520,14,6,6,5,0
23521,16,4,0,2,0
23522,14,4,1,2,0
23523,25,8,4,1,0
23524,35,6,6,4,0
23525,31,6,3,5,0
23526,56,17,11,8,0
23527,28,9,3,4,0
23528,28,2,3,1,0
23529,25,1,3,1,0
23530,44,14,10,7,0
23531,64,16,13,6,0
23532,19,2,2,3,0
23533,20,4,2,5,0
23534,126,27,22,21,0
23535,110,27,15,15,0
23536,44,10,11,9,0
23537,14,2,3,2,0
23538,19,1,3,5,0
23539,20,4,6,5,0
23540,7,2,0,1,0
23541,77,19,17,7,0
23542,49,10,9,2,0
23543,57,21,11,8,0
23544,17,0,2,1,0
23545,55,14,7,5,3
23546,72,20,16,9,4
23547,32,10,9,10,1
23548,22,9,9,2,1
23549,30,9,11,0,1
23550,38,9,8,3,5
23551,64,12,11,9,4
23552,72,31,0,8,0
23553,35,11,8,9,0
23554,30,9,13,4,0
23555,27,7,14,4,0
23556,31,10,11,3,0
23557,17,7,4,1,0
23558,28,8,12,2,0
23559,41,10,15,9,3
23560,17,0,0,4,0
23561,10,2,0,1,0
23562,26,7,0,6,0
23564,28,4,6,4,0
23565,26,3,2,0,0
23566,33,6,6,2,0
23567,12,5,2,0,0
23568,22,2,2,2,0
23569,87,52,14,31,0
23570,127,64,24,33,0
23571,116,60,22,29,0
23574,10,1,0,3,0
23575,13,6,0,5,0
23576,17,10,0,3,0
23578,8,2,0,1,0
23579,13,5,0,8,0
23580,12,5,0,5,0
23581,227,61,11,16,0
23582,171,46,11,13,0
23583,201,81,13,16,0
23597,20,4,2,4,0
23598,35,6,0,2,0
23630,0,0,1,0,0
23660,19,5,4,3,0
23661,13,4,3,4,0
23664,0,0,0,1,0
23681,94,23,1,2,0
23691,27,9,0,2,0
23692,2,0,0,0,0
23694,14,8,0,2,0
23695,26,10,0,10,0
23697,18,5,0,4,0
23702,2,1,0,0,0
23843,0,1,0,0,0
35001G,12,5,4,5,1
35001W,3,1,0,1,0
35004B,30,9,4,1,4
35004C,25,2,7,2,2
35004G,10,2,4,2,2
35004P,1,0,0,0,0
35095A,20,5,7,1,1
35095B,21,7,8,4,1
35241,18,3,7,0,2
35265,3,1,4,1,2
35271S,0,0,0,0,2
35400,4,0,0,0,1
35443,2,2,1,0,0
35471D,55,38,21,22,12
35591T,1,0,2,0,1
35597A,0,0,0,1,0
35597B,0,0,0,1,0
35597D,0,1,1,0,0
35598A,1,0,0,1,0
35598B,16,3,2,0,1
35598C,1,0,0,1,0
35598D,11,6,3,2,2
35599B,13,1,6,3,0
35599D,12,1,4,1,1
35607A,0,0,0,0,1
35607B,3,1,1,0,2
35610A,0,0,0,0,1
35610B,0,0,0,0,1
35610C,0,0,0,0,1
35637A,14,2,4,2,2
35637C,4,0,0,1,2
35638A,0,0,3,2,0
35638B,1,0,1,1,1
35645,0,0,2,0,1
35646,30,7,5,4,0
35647,2,0,0,0,0
35648,37,11,8,6,2
35649,2,2,3,0,0
35650,1,0,0,0,0
35651,16,9,5,2,2
35653,10,1,4,1,1
35809A,25,7,8,0,2
35809B,1,0,1,0,1
35810A,33,5,11,0,5
35810B,13,2,3,0,3
35815P,3,0,0,0,2
35816P,1,0,0,1,0
35817P,1,0,0,0,1
35818B,2,0,0,1,0
35818P,11,2,0,3,2
35819B,15,3,3,6,0
35819P,2,2,1,1,1
35833P,6,2,0,3,1
35909A,0,1,1,0,1
35909B,1,0,1,0,0
35910A,3,0,0,0,1
35910B,2,0,0,1,0
35911A,13,3,5,2,2
35911B,3,0,1,0,0
35912B,12,0,3,1,2
35913B,6,0,1,1,2
35914,10,3,5,0,1
35915B,7,1,2,0,4
35915C,3,1,1,0,3
35916A,0,1,0,0,2
35916B,0,1,0,0,0
35916C,2,2,0,0,1
35920,7,0,2,0,2
35921,7,3,1,0,0
35922,4,2,3,0,1
35923,24,5,6,3,4
35924,16,5,4,1,7
35933,12,0,1,2,1
35953,46,26,10,4,3
35954,19,4,8,2,1
35957,4,1,1,1,0
35958,3,0,0,0,0
35961,93,24,20,8,14
35964,22,11,4,2,1
35965,18,1,2,1,6
35966,2,0,0,0,0
35967,17,4,4,3,1
35968,13,1,4,0,0
35970,172,78,56,38,5
35971,36,3,12,1,4
35972,8,1,6,0,2
37327,29,5,8,0,6
37330,1,0,0,0,0
37333,6,2,3,0,0
37340,28,5,16,6,9
37342,35,6,12,1,10
37343,7,0,0,1,0
37351,0,0,1,0,0
37370,57,12,35,6,10
37379A,1,0,0,0,0
37413,50,13,9,6,3
37423,3,0,0,0,0
37444A,13,0,3,0,0
37444B,3,0,0,0,0
37444C,9,0,0,0,0
37446,96,11,21,9,22
37447,47,11,8,3,7
37448,86,16,37,9,13
37449,68,18,35,8,24
37450,69,8,14,4,8
37461,1,0,0,0,0
37462E,1,0,2,1,0
37464,2,0,0,0,0
37467,4,0,2,2,3
37468,9,2,1,1,0
37471,0,0,1,0,0
37475,14,2,3,8,3
37476,3,0,2,1,3
37479B,7,1,5,4,0
37479P,14,0,6,1,2
37482P,27,1,5,0,4
37487B,1,0,0,0,1
37488A,1,0,2,0,0
37489A,4,2,2,4,3
37489B,4,1,2,1,4
37489C,4,1,1,0,2
37489D,4,2,2,6,3
37491B,1,0,0,0,0
37491C,1,0,0,0,0
37491D,1,0,0,0,0
37495,34,9,18,5,18
37500,50,6,12,5,7
37501,18,2,4,2,3
37509,0,1,0,0,1
40001,26,1,5,1,2
40003,6,1,0,1,3
40005B,0,2,0,1,1
40016,41,13,9,4,8
40046A,5,0,0,0,1
44089A,3,0,0,1,0
44089C,4,1,0,0,1
44091A,2,0,0,0,1
44092B,2,1,2,0,0
44092C,5,1,2,0,0
44228,1,0,1,0,0
44234,8,1,4,4,6
44235,7,3,2,1,3
44236,4,1,2,0,0
44242A,0,0,1,0,0
44242B,2,0,1,0,0
44265,0,0,0,1,0
45013,0,0,0,1,1
46000M,84,21,17,5,7
46000P,3,0,1,0,1
46000R,22,3,7,2,3
46000S,92,28,31,15,16
46000U,18,3,1,1,3
46115B,2,0,0,0,0
46118,13,2,2,1,0
46126A,4,0,1,0,1
46138B,9,1,1,0,1
46775D,5,3,1,2,2
46776A,3,0,0,1,2
46776B,5,0,0,0,2
46776C,4,0,0,0,2
46776D,1,0,0,0,2
46776E,2,1,0,0,2
46776F,6,0,0,0,2
47013A,1,0,2,1,0
47013C,2,1,2,1,1
47016,1,0,0,0,0
47021G,9,0,5,0,1
47310M,38,2,3,4,1
47341A,2,0,1,0,2
47341B,3,3,4,0,1
47343A,7,1,4,0,2
47344B,2,1,1,0,2
47348A,9,0,2,0,4
47351B,6,0,1,1,1
47367B,4,0,3,3,1
47369A,4,0,0,2,0
47369B,3,0,0,0,0
47420,2,8,8,0,1
47421,54,4,4,1,0
47422,48,4,3,0,0
47469,8,4,1,4,0
47471,17,0,2,2,5
47480,40,2,6,4,2
47481,14,1,3,1,1
47503A,82,24,31,21,10
47503H,9,9,10,6,2
47503J,1,0,0,0,0
47504H,53,14,15,6,4
47504K,87,22,36,17,17
47518F,20,3,4,1,0
47556B,0,0,0,0,2
47559B,160,17,40,15,14
47563A,29,5,6,6,0
47566,806,129,267,49,145
47566B,199,24,54,7,33
47567B,79,15,18,5,11
47570B,19,2,2,1,2
47574A,23,6,12,3,8
47574B,1,0,0,0,1
47578A,11,8,3,8,1
47579,0,0,0,0,1
47580,54,3,8,4,9
47585A,16,1,5,1,4
47586A,4,1,2,0,1
47589,3,0,0,0,0
47590A,201,35,74,14,32
47590B,195,38,80,17,33
47591B,6,0,1,0,3
47591D,228,61,69,16,27
47593A,10,0,2,1,0
47593B,61,9,12,7,7
47594A,6,6,8,4,2
47594B,15,5,7,2,1
47599A,77,9,36,8,16
47599B,62,4,25,4,13
48111,100,14,41,4,18
48116,96,8,25,3,10
48129,105,13,34,11,20
48138,302,58,95,17,48
48173C,112,20,25,11,8
48184,206,52,62,11,27
48185,146,23,54,2,19
48187,302,49,116,21,49
48188,157,20,48,8,20
48194,279,41,107,18,39
51008,10,3,1,2,3
51014A,90,33,20,15,3
51014C,68,17,17,8,3
51014L,64,19,14,9,1
51020A,8,1,4,1,4
51020B,8,0,4,0,3
62018,37,4,4,6,8
62043B,2,0,0,0,3
62074B,1,1,1,1,0
62086A,5,1,2,0,5
62094B,3,0,0,0,0
62096A,6,0,2,0,0
62096B,1,0,0,0,0
62097B,0,0,2,0,1
70006,51,9,11,2,8
70007,31,11,13,3,0
71038,25,12,8,1,3
71050,2,3,0,0,1
71053,147,28,53,7,28
71101E,10,4,8,0,1
71143,0,0,1,0,0
71215,0,0,1,1,0
71270,26,2,6,0,1
71279,16,5,7,1,0
71403,10,1,2,1,0
71406C,11,3,3,2,2
71459,236,26,69,15,34
71477,164,29,47,17,11
71495A,1,0,0,1,0
71495B,4,0,0,1,0
71496A,3,0,0,2,0
71496B,1,0,0,3,0
71510,5,1,1,0,1
72024U,0,0,1,0,2
72051S,3,1,1,0,1
72122,20,5,9,7,5
72127,9,4,6,5,6
72128,9,8,4,7,5
72130,7,10,2,3,3
72131,7,5,3,2,2
72132,6,3,0,2,1
72133,3,5,2,2,2
72134,2,3,2,0,1
72140E,2,3,0,1,2
72225C,10,0,2,2,2
72232,32,10,12,6,6
72349B,50,16,13,10,6
72351A,70,18,28,8,15
72351B,77,23,35,7,17
72369A,1,0,0,3,0
72586,13,10,10,5,0
72598,21,8,7,5,2
72709,6,0,0,1,0
72741,108,40,47,17,39
72760B,74,24,17,6,15
72780,12,1,4,1,2
72783,0,0,1,1,0
72798C,1,1,0,0,1
72799C,8,6,1,3,0
72799E,18,6,12,10,4
72799F,7,1,4,6,4
72800B,14,6,9,8,2
72800C,16,5,4,6,1
72800D,14,4,10,2,0
72800E,59,14,14,10,5
72801C,7,4,3,0,0
72801D,7,3,2,0,0
72801G,8,0,2,1,1
72802A,25,7,17,2,6
72802B,32,9,19,7,8
72802C,42,6,17,15,11
72803A,8,6,19,1,7
72807A,20,10,25,3,10
72807B,27,10,25,8,12
72807C,47,20,26,6,13
72811,4,1,0,1,0
72812,4,0,0,0,0
72815,0,0,1,0,0
72816,19,1,7,2,3
72817,58,12,14,7,5
72818,34,7,12,3,9
72819,14,4,4,4,4
72821,2,0,0,0,2
75011,4,2,4,1,1
75013B,3,2,0,0,2
75049L,69,12,18,6,19
75131,3,2,1,1,6
75172,2,1,1,0,4
75178,6,0,0,1,2
77079,0,0,1,0,0
77101A,15,0,2,0,4
78033,5,0,1,1,0
78034B,5,0,0,1,1
78124,6,3,2,3,4
79000,56,10,9,3,19
79026B,9,0,0,0,0
79030D,24,1,2,1,3
79030G,40,5,5,0,3
79051A,18,6,5,5,6
79062D,3,0,0,1,0
79063C,8,1,2,3,0
79063D,5,2,0,4,0
79066K,73,12,13,6,6
79067,12,1,2,1,2
79071B,4,1,2,1,3
79144B,11,0,2,2,1
79144C,6,0,1,0,0
79149B,5,0,1,2,0
79151B,1,0,0,1,0
79157B,1,0,0,1,0
79157V,1,0,0,2,0
79160,31,7,8,3,5
79161A,1,0,0,1,0
79163,22,4,2,1,4
79164,11,3,3,2,2
79190A,22,4,5,1,2
79190B,26,2,1,3,3
79190D,17,0,2,2,4
79191B,15,4,3,2,2
79191C,32,17,3,5,8
79191D,2,2,0,2,1
79192A,0,0,1,1,0
79302M,39,6,2,0,1
79321,378,48,60,21,17
79323B,0,0,0,0,1
79323P,0,0,0,0,1
79329,1,0,0,0,1
79331,1,1,1,0,0
79336,2,0,1,0,0
79337,2,1,2,1,4
79403,5,2,2,0,2
79406,1,1,1,2,1
81950B,8,0,1,0,1
81950V,4,0,1,1,1
81952B,5,2,0,1,1
81952V,13,7,4,2,1
81953B,3,0,0,2,0
81953P,3,0,0,0,0
82001S,74,10,19,2,1
82011A,8,1,1,0,0
82011B,14,1,4,0,0
82011C,12,2,2,3,1
82095,0,1,1,1,1
82482,550,118,152,23,44
82483,318,89,83,13,18
82484,411,63,70,18,44
82486,367,80,85,11,26
82494L,503,97,138,37,45
82551,158,15,53,15,14
82552,180,21,62,15,21
82567,92,19,26,6,8
82578,129,18,52,8,17
82580,236,29,80,16,27
82581,197,21,57,9,19
82582,245,37,53,20,23
82583,256,34,81,17,16
82599,50,4,23,4,6
82600,251,31,82,12,47
82605,2,0,1,0,0
82613A,10,2,1,0,2
82613B,24,8,8,0,6
82613C,22,4,7,0,5
82613D,30,7,6,1,7
82615,1,0,0,0,0
82616B,29,5,9,3,4
82616C,34,7,7,3,1
84006,57,10,4,6,1
84012,38,31,14,11,1
84016,0,0,1,0,0
84029E,187,57,53,21,10
84029G,185,44,54,24,19
84030E,162,48,45,16,16
84031A,33,7,5,2,3
84031B,23,8,4,0,3
84032A,60,18,12,11,7
84032B,66,31,19,11,6
84033,5,1,1,0,0
84050,122,8,49,5,22
84051,10,6,3,4,3
84077,243,72,94,22,42
84078A,48,18,23,6,11
84086B,5,1,0,2,0
84086C,10,0,4,5,2
84192,7,12,1,3,5
84199,13,5,1,10,1
84201B,0,0,1,1,0
84201C,0,0,1,0,0
84206A,1,0,1,1,0
84206B,0,0,0,1,0
84206C,1,0,0,1,0
84212,66,8,11,8,10
84218,19,5,9,1,6
84226,6,2,1,0,0
84227,1,0,0,0,0
84228,11,1,5,1,1
84231,11,1,6,0,1
84247E,2,7,10,5,2
84247G,19,0,0,0,4
84247K,3,0,3,4,0
84247L,6,0,0,1,1
84247N,6,2,4,4,2
84249A,7,0,4,1,1
84251B,5,0,3,1,5
84251C,2,0,0,0,0
84251G,8,3,2,0,2
84279B,28,11,10,0,11
84279P,54,13,12,9,10
84306,1,0,1,0,0
84313B,9,0,1,2,1
84313C,16,0,5,2,1
84341B,16,5,7,1,5
84347,175,77,40,25,10
84352,15,0,3,0,4
84356,25,9,5,2,5
84358,9,0,1,1,1
84360,14,0,1,0,2
84375,247,56,76,20,29
84378,284,71,98,25,54
84380,284,71,96,22,35
84387A,1,0,0,0,0
84388,3,0,2,1,0
84402B,3,0,0,0,0
84406B,149,26,37,11,21
84415A,1,1,0,0,0
84415B,1,1,0,0,0
84422,2,0,2,1,3
84429A,5,4,3,2,1
84452,8,1,6,1,0
84457,10,0,11,0,2
84459A,22,5,16,4,10
84459B,29,5,12,3,12
84461,10,0,4,0,0
84462,4,1,1,0,0
84465,3,1,3,0,0
84466,6,3,0,1,0
84497,2,1,2,0,2
84499,2,0,0,0,0
84507B,10,2,1,0,1
84507C,21,1,2,0,2
84508A,29,1,2,1,2
84508B,17,5,2,4,3
84508C,14,4,1,1,1
84509A,74,18,25,8,14
84509B,32,9,5,0,3
84509C,11,1,9,1,2
84509E,4,2,0,2,0
84509G,25,8,5,5,3
84510A,94,18,23,6,10
84510C,19,0,10,1,4
84510E,4,1,1,2,1
84519A,37,12,5,5,2
84519B,58,18,9,3,5
84520B,26,5,11,1,12
84522,1,2,0,2,1
84527,3,1,0,0,2
84531A,16,2,4,2,2
84531B,15,2,5,2,2
84534B,3,0,0,0,2
84535A,10,3,6,1,0
84535B,58,14,29,2,6
84536A,131,29,38,15,12
84536B,45,10,32,1,12
84539,1,0,0,0,0
84548,0,0,1,0,3
84549,1,0,2,0,0
84550,0,1,0,0,0
84551,0,0,1,0,0
84558A,36,6,7,10,5
84559A,20,5,9,5,3
84559B,21,6,7,6,4
84562A,1,0,1,0,0
84563A,10,0,2,2,0
84563B,13,1,6,0,4
84568,14,2,2,1,5
84569A,17,2,4,1,2
84569B,10,0,2,0,0
84569C,1,0,0,0,0
84569D,23,3,5,1,3
84575A,2,0,0,1,1
84576,7,1,0,0,1
84580,59,12,22,15,15
84581,37,9,9,9,7
84584,6,4,4,2,2
84592,8,5,2,0,2
84593,0,2,0,0,0
84595E,6,0,0,0,3
84596B,249,33,56,26,15
84596E,20,1,5,4,6
84596F,185,28,51,24,16
84596G,119,7,23,8,5
84596J,17,2,7,1,0
84596L,50,7,17,3,3
84597B,3,0,1,0,1
84597C,4,1,4,0,4
84598,3,1,1,0,0
84600,12,4,3,1,0
84609,9,4,2,1,1
84613A,1,0,2,0,0
84613C,0,1,0,0,0
84614A,0,0,0,0,1
84616,2,1,0,2,1
84617,1,0,1,1,0
84620,0,0,0,0,1
84625A,17,9,2,0,3
84625C,15,5,3,1,4
84629,5,0,4,0,1
84631,4,1,4,0,1
84632,3,0,2,0,0
84637,9,1,1,0,2
84638,6,1,4,0,1
84658,7,5,4,2,0
84659A,9,6,1,3,3
84660A,23,2,7,0,4
84660B,19,1,5,0,5
84660C,18,1,6,0,2
84661A,5,3,1,1,1
84661B,6,3,1,2,0
84661C,2,1,0,2,0
84663A,16,3,2,1,3
84665,7,2,5,0,3
84666,4,0,0,0,0
84673A,11,6,4,2,3
84673B,26,6,5,3,2
84674,26,2,8,4,2
84675,1,0,1,0,0
84678,5,1,2,0,2
84679,0,1,1,0,0
84683,4,0,1,0,2
84685,6,1,0,1,1
84686,2,2,4,0,0
84687,12,3,2,1,2
84688,4,1,3,0,0
84689,0,0,1,0,1
84691,4,0,0,0,0
84692,251,35,51,19,19
84705C,1,0,0,0,0
84706D,0,1,2,0,0
84706F,5,2,2,0,1
84707A,12,7,2,2,2
84707B,8,2,0,2,1
84708B,3,4,5,1,1
84709B,3,2,6,0,0
84711A,2,1,2,1,1
84711B,0,2,3,2,1
84712B,5,2,2,0,2
84715,2,0,0,0,1
84723,5,0,0,0,1
84725,10,1,2,4,1
84731,2,0,0,0,0
84732B,2,0,0,0,0
84732D,2,0,0,0,0
84741C,6,0,4,0,4
84743C,1,0,0,0,0
84744,7,1,4,2,4
84745A,2,0,2,0,1
84745B,2,0,2,0,1
84746,1,0,0,0,0
84748,5,0,3,2,1
84750A,0,0,1,0,0
84750B,7,1,4,0,0
84751B,5,1,1,1,1
84754,15,8,9,2,3
84755,294,51,107,23,61
84760S,1,2,1,1,4
84763,27,2,10,1,9
84766,10,1,0,2,1
84773,0,1,0,0,0
84789,26,6,8,2,2
84792,121,20,25,5,22
84795B,24,1,4,2,9
84795C,0,0,0,0,1
84796A,5,2,0,1,2
84796B,14,1,0,0,2
84798A,0,1,0,1,1
84798B,0,0,1,0,1
84799,4,1,1,0,3
84800L,14,1,5,1,1
84800M,7,1,2,0,1
84800S,5,1,3,1,0
84801A,2,0,2,1,0
84801B,0,1,2,0,0
84802A,0,0,1,0,0
84802B,0,1,0,0,0
84803B,1,1,0,0,1
84804A,1,2,3,1,1
84804B,2,2,2,0,0
84805A,1,1,1,0,0
84805B,2,1,0,0,0
84806A,3,3,2,1,2
84806B,8,4,3,2,2
84809A,2,1,1,0,1
84809B,1,0,0,0,0
84813,11,2,3,3,3
84816,5,2,1,0,2
84817,24,6,14,6,6
84818,47,18,21,2,12
84819,36,6,8,2,10
84820,15,4,5,2,6
84821,23,4,7,1,7
84823,13,2,4,0,6
84824,1,1,0,0,0
84826,11,5,14,1,4
84827,9,4,3,0,2
84828,71,13,21,5,7
84832,101,35,29,17,10
84836,278,53,86,39,35
84840,1,1,0,0,1
84842,4,1,2,1,1
84843,21,3,9,3,6
84846A,8,0,0,1,2
84847,6,1,5,0,0
84849A,16,5,5,1,4
84849B,40,5,8,0,4
84849D,69,10,14,1,9
84854,1,0,0,0,0
84857B,1,0,0,0,0
84857C,4,1,1,2,0
84858C,3,0,0,1,1
84859A,18,4,5,2,2
84859B,7,1,2,0,1
84859C,12,2,4,1,2
84865,9,1,1,0,1
84870B,4,1,3,0,2
84870C,5,0,3,0,2
84872A,3,0,0,0,0
84873A,2,0,0,0,0
84874B,4,1,0,0,2
84875B,8,1,1,2,3
84875D,3,0,2,1,2
84876B,12,3,2,2,4
84876D,5,3,2,1,2
84877A,1,0,0,0,0
84877B,3,2,3,0,1
84877D,2,1,4,1,4
84879,747,191,267,77,126
84880,41,9,13,1,4
84881,2,1,2,0,0
84882,9,3,2,0,1
84884A,40,5,9,4,6
84898F,11,2,5,0,0
84905,1,0,0,0,1
84906,6,0,2,0,2
84907,1,0,0,0,2
84910A,1,2,2,0,1
84912A,25,2,1,2,8
84912B,35,6,2,2,4
84913A,4,2,2,0,2
84913B,5,6,5,2,2
84915,9,0,2,0,0
84916,9,1,6,0,2
84917,8,1,1,1,3
84919,4,2,0,0,3
84920,11,5,5,1,5
84921,2,1,1,0,1
84922,2,1,0,1,1
84924A,10,3,3,4,4
84924F,2,0,1,0,0
84925D,5,2,2,0,1
84925F,7,4,3,0,1
84926A,13,1,10,1,6
84926D,16,4,8,0,4
84926E,15,7,11,2,3
84926F,13,3,3,3,1
84927A,10,1,2,0,1
84927D,9,0,1,1,1
84927E,5,3,3,1,0
84927F,19,4,13,4,2
84929,24,13,16,3,6
84931A,13,2,5,0,3
84931B,14,4,2,4,3
84944,44,9,11,7,2
84945,157,53,39,31,32
84946,361,100,99,68,61
84947,141,47,56,28,20
84949,130,40,39,24,21
84950,44,17,15,8,5
84951A,17,5,7,1,4
84951B,22,3,2,3,2
84952A,3,1,1,1,0
84952B,8,3,1,1,0
84952C,5,3,2,0,0
84963A,1,0,0,0,0
84963B,0,1,0,0,0
84968A,32,6,3,2,6
84968B,1,1,0,0,0
84968C,22,3,10,7,6
84968D,17,4,5,2,3
84968E,18,0,2,0,2
84968F,14,3,6,1,6
84969,43,12,10,3,5
84970L,180,39,77,18,24
84970S,243,46,74,22,30
84971S,72,7,19,4,15
84974,8,0,12,2,7
84975,1,0,0,1,0
84976,15,7,7,0,0
84978,342,62,94,34,49
84984A,5,0,0,1,0
84984B,4,0,0,1,0
84984D,2,1,0,1,0
84985A,8,2,5,1,4
84987,114,32,48,8,40
84988,177,26,58,12,36
84989A,10,2,4,2,0
84990,2,0,0,0,0
84991,407,79,106,24,75
84992,317,62,84,23,45
84993A,14,6,9,1,3
84993B,6,1,7,0,3
84997A,149,26,35,12,12
84997B,212,38,53,10,17
84997C,188,32,55,16,18
84997D,263,52,67,20,27
85006,4,3,0,0,2
85008,5,0,1,0,1
85014A,153,34,39,12,19
85014B,185,34,44,16,27
85015,38,25,17,20,15
85016,14,4,1,1,5
85017A,1,0,2,0,0
85017B,33,9,15,7,11
85017C,5,0,2,0,5
85018D,5,1,0,0,1
85019A,14,4,3,2,5
85019B,12,5,2,2,4
85019C,5,0,0,1,4
85020,4,4,5,0,3
85023B,5,6,0,1,0
85024B,5,2,3,1,1
85024C,3,3,3,0,0
85025B,7,10,1,3,1
85025C,11,5,7,1,6
85026B,0,5,1,0,3
85027L,9,2,5,0,2
85028L,3,1,0,0,0
85028S,5,0,1,0,2
85030,1,2,2,0,1
85031A,3,0,1,1,2
85031B,1,0,0,0,0
85031C,0,0,1,0,0
85032A,43,22,18,5,9
85032B,44,20,13,9,8
85032C,38,22,16,4,7
85032D,26,6,14,3,10
85034A,32,15,17,9,3
85034B,39,19,9,23,4
85034C,63,34,18,21,6
85035A,26,15,20,7,9
85035B,22,4,8,7,3
85035C,45,27,18,15,9
85036A,16,11,17,7,11
85036B,18,9,9,6,3
85036C,33,16,18,11,6
85038,70,15,17,7,8
85039A,17,9,9,5,2
85039B,23,9,8,8,4
85039C,9,1,2,0,0
85040A,52,29,34,10,7
85040B,17,5,9,2,2
85045,5,1,4,0,0
85047,1,0,0,0,1
85048,96,53,29,27,11
85049A,126,56,53,21,18
85049B,6,2,2,0,3
85049C,109,26,44,15,18
85049D,57,11,23,2,13
85049E,183,57,64,22,21
85049F,44,10,24,2,8
85049G,133,33,46,13,19
85049H,42,9,19,3,4
85053,135,34,46,14,17
85054,57,11,12,5,5
85055,6,1,1,0,2
85059,40,6,21,4,9
85061W,60,18,25,11,7
85062,70,19,28,7,11
85064,21,1,0,0,1
85066,231,67,88,21,48
85067,3,0,0,0,2
85071A,56,11,13,8,4
85071B,62,14,18,10,6
85071C,41,11,9,8,4
85071D,37,10,10,6,3
85078,37,11,11,2,4
85084,2,0,2,0,2
85086A,6,1,1,0,0
85087,4,1,1,0,1
85088,15,0,3,2,1
85089,0,2,0,2,2
85092,0,0,2,0,0
85093,11,5,2,1,2
85094,14,7,3,6,1
85095,7,1,1,0,1
85096,6,1,1,1,3
85099B,1118,158,211,50,81
85099C,443,72,74,21,49
85099F,456,61,80,22,45
85103,5,0,1,0,0
85104,8,2,3,1,0
85106,4,1,1,1,3
85107,11,5,8,4,1
85109,0,0,1,0,0
85111,25,10,10,8,1
85114A,29,3,8,0,2
85114B,26,11,9,3,3
85114C,39,10,8,3,3
85116,23,3,5,2,5
85118,4,1,1,0,0
85123A,1129,230,390,110,176
85124B,12,4,8,2,3
85124C,13,4,6,2,6
85125,11,3,4,0,1
85127,12,3,5,0,0
85129B,11,1,2,0,2
85129C,8,1,3,0,0
85129D,27,2,4,0,2
85130A,4,1,2,1,2
85130B,31,8,4,3,4
85130C,24,5,11,3,2
85130D,25,3,19,2,3
85131A,12,4,7,1,1
85131B,11,0,2,0,0
85131C,7,0,4,0,0
85131D,9,0,2,1,0
85132A,41,1,4,2,4
85132B,41,2,5,3,9
85132C,78,11,16,4,18
85135A,3,1,0,2,0
85135B,17,2,8,2,6
85135C,22,8,13,5,2
85136A,17,5,7,8,2
85136B,1,1,0,0,0
85136C,15,5,3,1,1
85141,15,5,14,1,7
85144,20,5,13,1,5
85145,6,5,1,1,1
85146,5,1,1,1,1
85150,228,25,75,15,26
85152,357,41,128,27,43
85159A,22,4,10,2,7
85159B,35,8,11,1,4
85160B,7,3,4,0,2
85161,5,1,1,1,1
85163A,11,2,4,1,0
85163B,10,0,2,0,2
85167B,3,0,3,0,1
85168B,4,1,0,1,1
85169A,26,7,7,5,4
85169B,18,3,2,1,1
85169C,12,1,8,0,0
85169D,13,2,4,2,1
85170A,0,0,1,0,0
85170B,16,2,5,0,0
85170C,17,5,3,2,2
85170D,37,5,5,1,3
85172,19,6,12,4,3
85173,22,9,4,8,7
85174,37,14,20,4,9
85175,67,19,23,9,13
85176,52,8,8,5,2
85177,17,8,12,3,3
85178,49,16,15,9,11
85179A,9,3,4,1,0
85179C,3,2,2,0,0
85180A,22,5,7,0,4
85180B,11,2,5,1,2
85183A,51,13,15,3,1
85183B,66,18,15,5,3
85184C,72,18,25,10,15
85185B,25,17,16,7,3
85185D,3,3,2,0,0
85186A,17,3,12,2,5
85186C,15,2,10,2,5
85187,28,2,15,5,10
85188A,22,2,8,0,2
85188B,5,1,1,0,1
85189,2,0,2,0,0
85194L,29,7,7,1,13
85194S,24,10,9,3,9
85195,2,0,0,0,1
85197,10,3,5,0,1
85198,1,2,0,1,2
85199L,43,6,11,1,4
85199S,104,25,18,13,10
85200,13,2,9,0,3
85202,26,7,10,0,6
85203,31,6,8,3,7
85204,25,5,6,1,7
85205B,14,3,6,0,2
85206A,55,8,28,3,12
85206B,2,2,0,0,0
85208,14,2,3,4,2
85211,4,3,7,2,3
85212,34,9,18,3,9
85213,15,2,3,1,4
85214,22,8,5,2,6
85215,4,1,0,0,3
85216,6,1,0,0,1
85224,0,0,0,1,0
85225,1,0,0,1,1
85227,70,28,31,22,8
85230A,13,2,2,0,1
85230B,24,4,6,3,1
85230E,16,3,3,1,1
85230F,5,2,3,1,1
85230G,17,3,4,0,1
85231B,70,17,11,6,7
85231G,43,6,10,2,6
85232A,15,0,5,3,2
85232B,7,0,0,0,3
85232D,35,5,7,3,4
90000A,2,1,0,1,2
90000B,0,0,0,0,2
90000D,2,0,0,0,2
90001A,0,0,0,0,1
90001B,1,0,0,0,1
90001C,0,0,1,1,0
90001D,1,0,0,1,1
90002D,2,0,3,0,1
90003B,2,0,0,0,1
90003C,3,0,1,0,1
90003D,3,0,3,0,1
90003E,2,0,0,0,0
90010A,1,1,2,0,1
90010B,1,0,1,0,1
90010E,3,0,2,1,1
90011A,1,0,0,0,0
90011B,1,1,0,0,0
90012A,1,0,0,1,0
90012B,1,1,0,0,0
90013A,1,2,0,0,0
90013C,1,1,1,1,0
90014A,3,3,1,2,1
90014B,2,2,2,1,1
90014C,2,1,0,0,0
90016A,3,0,0,0,1
90016B,4,0,2,0,2
90018A,4,1,1,2,1
90018B,1,2,0,0,2
90018C,3,0,0,0,0
90019A,2,2,0,2,3
90019B,0,0,1,1,0
90019C,2,1,0,0,0
90021,0,0,0,0,1
90022,3,0,0,0,1
90023,3,0,0,0,1
90024B,2,0,0,0,0
90024C,0,0,0,0,1
90024D,0,0,1,0,0
90024F,0,0,0,0,1
90025A,0,0,0,2,0
90025F,0,0,1,0,0
90026A,0,0,0,0,1
90026B,0,1,0,0,1
90026C,1,0,0,0,1
90026D,1,1,0,0,1
90027A,0,0,0,0,1
90027D,0,0,0,0,1
90028,0,0,1,0,0
90029,0,1,0,0,1
90030A,5,0,0,1,1
90030B,8,3,2,1,1
90030C,6,1,0,0,1
90031,3,1,0,0,1
90032,5,0,1,0,0
90033,1,0,0,0,0
90035A,0,0,0,0,2
90035C,0,1,0,0,0
90036A,2,0,1,0,1
90036B,0,0,1,0,1
90036C,2,0,0,0,0
90036D,1,1,1,0,1
90036E,4,0,1,0,0
90036F,0,0,1,0,0
90037B,1,0,0,0,0
90038A,1,0,0,0,0
90038B,0,1,0,0,0
90038C,0,1,0,0,0
90039A,0,0,0,0,1
90039B,0,0,0,0,1
90039C,0,1,0,0,0
90039D,0,0,1,0,1
90040A,0,1,0,0,1
90040B,0,0,0,0,2
90040C,0,2,1,0,0
90041,0,1,0,0,0
90042A,0,0,0,0,2
90043,1,1,0,0,0
90046,0,1,0,0,0
90048,0,1,0,0,0
90049,2,1,0,0,0
90050,1,0,0,0,1
90051,0,0,0,2,1
90054,0,0,0,1,0
90055,0,1,0,0,0
90057,15,5,1,1,0
90058A,1,4,0,0,2
90058B,5,6,2,0,2
90059A,1,0,0,0,0
90059B,2,0,0,0,1
90059C,2,0,0,0,1
90059D,1,0,0,0,0
90059E,2,0,0,0,1
90059F,3,0,0,0,0
90060B,0,0,0,0,1
90060D,0,2,0,0,1
90062,1,1,3,0,1
90063A,1,2,2,1,1
90063B,1,2,0,2,0
90064A,0,2,0,0,1
90064B,0,3,0,2,1
90065A,1,1,0,0,2
90065B,1,0,0,0,0
90067A,1,1,0,0,1
90069,1,0,0,0,0
90070,0,0,1,1,1
90071,0,0,0,1,0
90072,3,0,0,0,0
90073,2,1,0,0,1
90074,0,0,1,0,0
90076,1,0,0,0,0
90078,1,0,0,0,0
90079,0,0,0,1,1
90081A,5,2,0,0,1
90081C,4,2,0,0,0
90082A,5,3,0,1,1
90082B,6,2,0,0,4
90082D,2,0,0,0,3
90083,3,0,0,1,0
90084,1,0,0,0,0
90085,1,1,0,0,0
90086,9,2,0,0,0
90087,7,1,0,0,0
90089,1,0,0,2,0
90093,4,0,0,2,0
90094,3,2,0,4,3
90096,2,0,1,0,0
90098,4,2,1,2,0
90099,5,2,0,6,0
90100,1,0,0,0,0
90101,3,0,0,0,1
90102,0,1,0,0,0
90103,2,0,0,0,0
90104,1,0,0,0,0
90108,4,1,1,0,0
90114,2,5,0,3,1
90116,1,2,0,0,0
90118,1,0,0,0,0
90119,15,1,0,0,0
90120B,1,2,2,0,0
90120C,3,2,1,0,1
90120D,1,1,0,0,0
90122A,1,2,0,0,0
90122B,0,1,0,0,0
90122C,3,1,1,0,0
90123A,1,2,3,0,2
90123B,1,1,2,0,0
90123C,1,1,1,0,2
90123D,1,0,1,0,0
90124A,1,1,1,1,0
90124B,0,1,1,0,1
90124C,2,1,1,0,0
90125A,5,0,0,1,0
90125B,1,1,0,1,0
90125C,2,0,0,1,0
90125D,3,1,0,1,0
90125E,0,0,0,1,0
90128B,0,1,0,0,0
90129A,2,1,0,0,0
90129B,1,3,1,1,0
90129C,1,2,1,1,1
90129D,0,1,1,0,0
90129E,0,1,0,0,0
90129F,0,1,2,1,1
90130A,1,0,0,0,0
90130B,1,1,0,1,0
90131,0,0,1,0,0
90133,1,0,1,0,1
90135,0,0,0,0,1
90136,0,0,0,0,2
90138,0,0,0,0,1
90141A,1,0,0,0,1
90141B,1,0,0,0,1
90141C,1,0,0,0,1
90141D,1,0,0,0,0
90141E,1,0,0,0,0
90142D,1,0,1,0,1
90143,1,1,1,0,5
90144,2,0,0,0,1
90145,8,0,1,1,1
90146,3,0,0,0,0
90147,5,3,2,0,2
90148,2,0,0,0,4
90149,3,0,0,0,0
90151,2,2,0,0,0
90152A,3,0,0,0,0
90152B,0,1,0,0,0
90152C,1,0,0,0,0
90154,3,1,0,1,0
90155,3,0,1,0,0
90156,1,0,1,0,0
90157,0,0,1,0,1
90158,2,1,1,1,1
90159,1,0,0,0,1
90160A,3,2,2,1,3
90160B,5,0,1,0,2
90160C,6,3,4,0,3
90160D,2,2,1,0,4
90161A,2,2,0,1,1
90161B,6,2,3,0,1
90161C,5,3,4,2,1
90161D,2,4,2,0,1
90162A,0,1,0,0,0
90162B,7,1,1,0,1
90162C,6,0,1,0,0
90162D,4,0,1,0,0
90163A,0,0,0,1,1
90163B,0,0,0,0,1
90164A,3,1,1,0,1
90164B,4,0,1,1,1
90165B,1,0,0,0,0
90166,6,0,2,0,0
90167,1,0,0,0,0
90168,1,0,0,0,0
90169,1,0,0,0,0
90170,3,2,1,0,0
90173,1,0,1,0,1
90174,2,1,0,0,1
90175A,2,0,6,0,0
90175C,1,2,1,1,1
90175D,0,1,1,0,0
90176A,1,0,0,0,0
90176B,1,0,0,0,0
90176C,0,1,0,0,0
90176D,1,2,0,1,0
90176E,0,1,0,1,0
90177A,1,0,0,0,0
90177B,1,0,0,0,1
90177C,1,0,0,0,2
90177D,3,1,0,1,1
90177E,1,0,0,0,0
90178A,0,1,2,1,2
90178B,0,1,0,0,0
90179A,1,0,0,0,1
90179C,0,1,0,0,0
90180A,1,1,1,1,1
90180B,2,0,0,0,1
90181A,1,0,0,0,0
90182C,1,0,0,0,0
90183A,3,0,1,1,0
90183C,0,0,0,0,1
90184A,2,0,1,1,0
90184B,4,1,4,0,2
90184C,3,0,2,0,2
90185A,3,0,0,0,2
90185B,1,0,0,0,2
90185C,2,0,0,0,3
90185D,1,3,2,0,2
90186A,2,0,0,0,2
90186B,2,0,2,1,1
90187B,0,0,0,0,1
90188,1,0,0,2,0
90189A,1,0,0,1,0
90190A,0,0,0,0,1
90190B,0,0,0,0,1
90190C,2,0,0,1,1
90191,3,0,2,1,1
90192,6,0,2,0,0
90194,3,0,1,1,1
90195A,2,3,0,1,1
90195B,1,1,0,0,1
90196A,2,1,0,1,1
90196B,2,2,0,0,0
90197B,0,0,1,0,0
90198A,5,2,2,0,1
90198B,2,5,4,0,0
90199A,1,0,1,0,1
90199B,1,0,0,0,0
90199C,1,1,1,1,6
90199D,0,1,0,1,0
90200A,4,5,5,0,2
90200B,10,5,6,1,2
90200C,4,1,1,0,1
90200D,9,6,7,0,3
90200E,8,4,5,0,1
90201A,5,1,3,0,2
90201B,5,0,0,2,3
90201C,6,1,1,1,3
90201D,4,1,2,0,2
90202A,1,0,0,0,0
90202B,1,1,0,0,0
90202C,1,1,0,0,0
90202D,2,0,0,0,0
90204,4,1,1,0,2
90205A,2,1,1,2,0
90205C,1,0,1,1,0
90206A,2,0,1,0,0
90206C,4,2,0,2,0
90208,3,1,0,0,0
90209A,4,0,0,0,0
90209B,6,3,2,2,0
90209C,7,2,3,0,0
90210A,3,0,0,0,0
90210B,3,0,2,0,1
90210C,4,1,0,0,0
90210D,5,0,0,0,0
90211A,2,0,0,0,1
90211B,1,0,0,0,1
90212B,0,0,0,0,1
90212C,1,0,0,0,1
90214A,13,0,0,1,0
90214B,1,0,0,1,0
90214C,7,1,0,1,0
90214D,6,0,0,1,0
90214E,6,1,0,1,0
90214F,1,0,0,1,0
90214G,5,0,0,2,0
90214H,5,0,0,1,0
90214I,1,1,0,1,0
90214J,4,0,0,1,0
90214K,11,0,0,1,0
90214L,4,0,0,1,0
90214M,4,0,0,1,0
90214N,4,0,0,1,0
90214O,0,0,0,1,0
90214P,4,1,0,1,0
90214R,3,0,0,1,0
90214S,4,0,0,2,0
90214T,0,0,0,1,0
90214U,0,0,0,1,0
90214V,2,0,0,1,0
90214W,0,0,0,1,0
90214Y,1,0,0,2,0
90214Z,0,0,0,1,0
