10002,35,6,4,2,2
10080,16,3,2,0,0
10120,19,6,1,3,1
10123C,1,0,0,1,1
10124A,3,0,0,1,1
10124G,2,1,0,1,0
10125,43,6,7,6,2
10133,80,13,12,13,6
10135,75,14,11,13,8
11001,42,13,5,3,1
15030,6,3,1,2,1
15034,54,12,13,6,6
15036,218,45,26,20,16
15039,42,10,7,5,7
15044A,56,6,6,6,5
15044B,30,5,3,6,4
15044C,38,8,4,7,4
15044D,49,4,9,8,4
15056BL,218,26,24,11,12
15056N,284,37,22,22,17
15056P,100,14,11,9,3
15058A,34,5,4,4,4
15058B,30,2,4,2,3
15058C,24,1,1,1,3
15060B,67,11,7,6,4
16008,44,15,8,3,0
16010,1,1,1,0,0
16011,28,8,4,1,6
16012,23,6,4,3,1
16014,35,4,8,5,2
16015,10,1,8,3,2
16016,38,9,6,8,4
16020C,2,0,0,0,0
16033,4,0,0,0,0
16043,1,0,0,0,1
16045,36,13,10,9,1
16046,7,5,2,2,0
16048,25,9,7,6,2
16049,4,1,0,0,0
16052,5,1,0,0,0
16054,22,4,5,2,0
16151A,2,1,0,0,0
16156L,11,3,2,1,1
16156S,111,20,17,16,3
16161G,11,5,1,4,1
16161M,1,0,0,0,0
16161P,159,40,23,19,8
16161U,103,14,8,7,2
16162L,4,1,0,0,1
16162M,5,1,1,0,0
16168M,13,5,0,2,0
16169E,95,22,13,17,3
16169K,5,1,1,1,0
16169M,15,4,4,0,3
16169N,1,0,0,0,0
16169P,1,0,1,0,0
16202A,1,0,0,0,1
16202B,2,0,0,0,0
16202E,2,1,0,0,0
16206B,2,0,0,0,0
16207A,5,0,0,0,0
16207B,1,1,1,0,0
16216,24,7,5,3,2
16218,32,9,4,4,1
16219,32,6,9,0,0
16225,46,17,9,3,2
16235,53,16,2,5,5
16236,52,5,8,8,0
16237,103,28,22,12,4
16238,52,8,12,4,4
16244B,2,0,0,0,0
16248B,3,2,1,1,0
16254,7,1,0,1,0
16258A,28,2,6,1,1
16259,19,5,2,1,4
17001,0,0,0,0,1
17003,134,28,19,20,8
17007B,1,0,1,0,0
17011F,6,0,0,0,0
17012A,16,4,2,3,0
17012B,22,7,4,2,1
17012C,28,7,4,4,1
17012D,32,7,5,1,1
17012E,1,1,0,2,0
17012F,29,7,3,2,1
17013D,7,2,0,2,0
17014A,2,1,1,1,2
17021,33,11,5,5,3
17028J,0,0,0,0,1
17038,12,2,1,4,0
17084A,4,1,1,0,1
17084J,2,2,1,0,3
17084N,23,4,1,1,3
17084P,7,1,1,1,3
17084R,17,1,2,7,0
17090A,6,1,1,1,1
17090D,11,0,1,0,1
17091A,20,2,0,3,1
17091J,65,11,7,5,3
17096,8,1,0,3,1
17107D,25,9,8,3,2
17109D,4,1,0,0,0
17129F,14,2,2,1,0
17136A,10,3,3,2,2
17164B,4,3,1,2,0
17165D,1,2,3,1,0
17174,3,0,0,0,0
17191A,2,0,0,0,0
18007,9,5,3,1,0
18094C,11,2,0,1,1
18097A,0,0,0,1,3
18097C,33,9,3,10,1
18098C,27,0,7,3,1
20615,25,4,5,0,1
20616,17,6,1,1,0
20617,22,2,2,0,0
20618,22,2,2,1,1
20619,18,1,2,0,1
20622,23,4,4,1,1
20652,22,4,6,2,2
20653,4,1,1,0,0
20654,20,0,1,3,0
20655,29,2,2,0,1
20657,13,2,3,3,1
20658,42,7,4,7,2
20659,24,2,4,1,1
20661,4,1,0,0,0
20662,4,0,0,1,0
20663,3,0,0,0,0
20664,0,1,2,0,0
20665,46,12,5,9,1
20666,1,0,1,0,2
20667,0,1,0,0,0
20668,138,19,17,12,2
20669,32,1,5,7,2
20670,3,1,2,0,0
20671,2,0,0,0,0
20674,107,17,13,14,1
20675,151,32,26,17,0
20676,212,42,26,20,4
20677,153,29,24,16,2
20678,1,0,0,0,0
20679,184,40,25,12,10
20681,22,6,3,2,1
20682,138,21,9,9,6
20684,25,3,3,0,2
20685,423,64,55,20,17
20686,44,10,3,5,3
20694,8,1,1,1,0
20695,1,0,1,2,0
20696,7,1,1,0,1
20697,9,0,1,1,0
20698,7,0,1,0,0
20699,5,3,2,1,0
20700,3,0,1,0,0
20701,3,0,0,0,0
20702,30,5,3,2,1
20703,1,0,0,0,0
20704,24,6,4,4,1
20705,16,4,4,2,2
20707,25,1,0,4,1
20711,192,25,12,13,5
20712,402,37,30,19,9
20713,348,44,12,11,6
20716,22,5,4,0,4
20717,165,34,21,9,7
20718,286,48,18,27,11
20719,431,51,27,29,8
20723,397,51,21,23,8
20724,586,65,40,49,11
20725,1078,111,63,47,18
20726,673,83,49,28,9
20727,888,98,55,47,17
20728,752,102,72,42,21
20731,5,1,2,0,0
20733,38,5,2,3,1
20735,27,1,1,0,1
20748,17,3,8,2,0
20749,236,48,36,36,12
20750,228,56,40,31,12
20751,126,21,23,18,9
20752,78,19,11,6,3
20754,172,30,18,12,11
20755,37,5,3,3,3
20756,12,2,1,6,1
20757,18,6,2,6,1
20758,25,6,2,8,3
20759,14,2,1,3,0
20760,15,2,1,3,1
20761,33,6,5,6,5
20762,27,12,4,5,3
20763,16,6,2,1,0
20764,32,20,2,6,2
20765,26,15,5,4,3
20766,21,16,8,4,1
20767,38,13,3,5,2
20768,23,8,4,2,0
20769,19,6,0,1,0
20770,9,12,2,4,2
20771,21,3,3,1,0
20772,28,9,5,1,3
20773,15,7,1,0,1
20774,14,4,4,0,1
20775,13,6,0,2,1
20777,18,13,2,2,1
20778,6,1,1,0,0
20780,15,2,0,1,1
20781,10,10,0,0,3
20782,13,3,1,0,1
20785,3,0,0,2,0
20793,0,1,2,0,1
20794,13,1,0,1,1
20795,6,2,0,0,0
20796,4,3,1,0,0
20798,3,0,0,1,1
20801,41,4,3,2,5
20802,28,9,1,2,4
20803,21,7,2,0,2
20816,0,0,2,0,0
20818,1,1,0,0,0
20819,8,3,2,0,3
20820,2,0,0,0,0
20821,2,2,1,0,0
20823,7,0,0,1,0
20826,6,1,0,1,0
20827,2,0,0,0,0
20828,106,13,21,30,16
20829,114,23,16,14,2
20830,15,5,0,0,0
20831,21,1,2,0,0
20832,38,7,9,1,2
20835,6,0,1,0,0
20836,11,5,0,0,1
20837,9,2,2,1,1
20838,23,4,3,2,1
20839,28,13,3,3,2
20840,32,7,0,3,2
20845,8,1,0,1,1
20846,43,10,3,6,2
20847,6,5,1,1,1
20848,4,3,0,1,0
20851,3,3,1,0,0
20854,12,2,1,1,2
20856,19,3,0,4,1
20857,7,0,0,1,0
20861,1,0,0,1,0
20866,24,6,2,4,2
20867,16,3,3,1,2
20868,16,8,4,2,1
20869,9,3,5,1,0
20878,4,1,2,0,1
20886,53,7,5,10,4
20892,0,0,1,0,0
20893,15,3,0,1,1
20894,6,0,1,1,1
20897,2,2,2,1,1
20898,4,0,0,0,1
20901,3,0,0,0,0
20902,3,1,0,1,1
20903,5,2,0,1,2
20906,1,1,0,0,0
20910,2,1,0,0,0
20914,553,106,52,56,17
20931,19,8,5,1,4
20932,13,3,2,2,2
20933,7,0,1,1,0
20934,12,2,1,2,3
20935,2,1,1,0,0
20936,17,4,3,2,0
20941,9,4,0,5,0
20956,39,7,9,5,1
20961,86,24,8,8,4
20963,83,19,14,6,4
20964,1,0,0,0,0
20966,28,3,5,3,2
20967,52,9,6,7,2
20969,196,31,17,11,4
20970,179,22,17,11,3
20971,336,53,39,29,11
20972,392,68,43,30,17
20973,207,40,25,16,3
20974,202,42,27,24,8
20975,214,35,35,23,8
20977,102,14,13,11,5
20978,128,25,16,11,5
20979,164,22,23,20,5
20980,6,1,1,0,3
20981,130,37,23,13,8
20982,133,42,25,18,4
20983,158,43,21,23,5
20984,102,30,18,17,9
20985,64,5,20,6,1
20986,41,6,9,4,3
20992,183,30,20,20,8
20996,133,23,20,11,1
20997,4,0,0,1,0
20998,15,7,1,5,0
21000,9,3,3,2,0
21001,6,1,2,4,0
21002,2,0,2,1,0
21003,4,2,0,0,0
21011,2,0,0,0,0
21012,58,10,9,5,1
21014,41,11,11,5,2
21015,39,9,10,9,1
21018,4,0,0,0,1
21025,11,1,1,3,0
21026,15,3,3,3,1
21027,12,4,1,1,1
21028,18,1,0,1,1
21030,15,2,2,2,2
21031,8,1,2,0,0
21032,9,1,2,3,1
21033,84,13,3,7,2
21034,523,160,124,93,52
21035,160,29,17,11,8
21038,14,4,4,1,0
21039,54,14,4,2,3
21040,6,1,1,0,0
21041,102,18,8,13,5
21042,76,18,8,4,3
21043,37,9,2,2,8
21051,12,3,1,4,4
21054,14,7,2,3,1
21055,44,22,11,6,1
21056,44,8,7,6,1
21058,65,11,9,6,1
21059,45,17,8,5,2
21060,36,10,3,3,1
21061,33,7,5,6,1
21062,43,7,6,4,2
21063,55,13,6,5,2
21064,30,14,5,7,4
21065,26,5,5,3,5
21066,32,4,3,1,2
21067,31,5,2,1,5
21068,81,29,7,5,4
21069,41,5,4,0,2
21070,56,9,10,3,1
21071,64,26,7,8,5
21078,143,22,15,11,14
21080,555,77,57,40,24
21084,65,14,13,12,2
21086,232,22,27,12,3
21087,8,1,0,1,0
21088,45,10,11,5,3
21089,15,1,4,2,2
21090,81,9,14,11,4
21094,258,22,28,14,6
21095,7,1,0,1,0
21096,48,6,8,5,3
21098,130,26,15,8,5
21100,7,0,1,0,0
21106,14,5,6,6,4
21107,31,11,11,8,5
21108,102,41,28,15,11
21109,49,10,7,3,4
21110,44,13,9,6,8
21111,28,8,7,5,4
21112,31,7,3,3,2
21114,72,21,19,16,5
21115,94,9,12,12,6
21116,80,14,18,3,3
21117,9,2,5,1,0
21121,244,38,31,20,11
21122,215,38,28,20,14
21123,79,8,7,3,5
21124,149,33,26,13,11
21125,43,9,13,5,1
21126,40,11,7,6,5
21128,12,1,1,2,0
21129,14,3,1,1,1
21131,13,3,0,0,1
21132,13,1,0,1,1
21135,104,21,19,16,8
21136,205,56,41,36,24
21137,232,48,23,10,4
21143,17,2,7,3,0
21145,1,0,5,1,1
21147,16,1,0,4,1
21154,187,36,21,17,7
21155,280,30,20,24,7
21156,204,44,20,20,6
21157,9,2,2,0,2
21158,109,24,14,6,2
21159,81,16,7,3,2
21161,26,5,4,1,1
21162,97,25,10,6,2
21163,78,19,10,8,4
21164,168,40,12,21,9
21165,282,41,11,25,8
21166,449,78,39,39,8
21167,16,5,1,2,1
21169,254,51,20,21,10
21171,43,9,3,2,3
21172,271,40,37,26,9
21174,260,54,23,34,9
21175,512,89,44,43,13
21179,123,25,13,8,5
21181,524,84,36,43,26
21187,22,5,1,2,5
21188,23,3,3,4,1
21189,19,4,0,4,2
21190,3,0,4,0,0
21191,26,7,4,3,4
21192,30,4,5,1,3
21194,23,13,3,4,0
21195,19,3,0,1,1
21196,8,1,1,0,0
21197,7,2,2,1,1
21198,34,7,7,0,3
21199,36,2,5,3,3
21200,23,8,4,3,1
21201,53,5,7,7,3
21202,14,2,2,3,0
21204,32,9,4,5,1
21205,34,4,6,5,2
21206,58,9,4,4,2
21207,54,12,9,10,1
21208,31,16,5,4,1
21209,34,14,3,4,2
21210,261,36,27,35,9
21211,45,11,5,4,3
21212,760,111,91,79,27
21213,361,63,47,29,11
21215,53,6,3,3,1
21216,184,33,13,17,3
21217,183,34,24,13,4
21218,154,19,14,15,4
21219,34,5,3,1,0
21220,35,1,3,0,3
21221,16,3,2,1,2
21222,27,9,1,1,0
21224,63,10,6,2,2
21226,0,3,0,2,0
21228,1,0,0,0,1
21231,278,45,22,29,12
21232,403,84,41,41,24
21238,202,32,20,21,5
21239,143,29,15,12,5
21240,153,30,17,15,4
21242,152,32,20,16,5
21243,107,16,14,9,3
21244,98,22,15,11,2
21245,69,16,8,9,1
21246,25,4,2,4,4
21248,32,8,8,2,2
21249,48,12,9,7,3
21250,11,1,2,1,2
21251,20,9,1,4,1
21253,12,1,1,2,1
21257,106,15,10,15,8
21258,85,9,3,5,4
21259,176,28,12,14,9
21260,106,17,8,11,8
21261,19,3,2,1,2
21262,34,8,5,3,2
21263,26,11,0,1,1
21264,31,9,2,0,1
21265,10,4,1,0,1
21268,0,0,1,0,0
21269,9,3,1,4,1
21270,6,1,4,1,1
21272,47,7,1,7,4
21275,7,0,0,2,0
21277,13,1,2,4,0
21278,7,1,0,1,0
21279,7,3,2,0,0
21280,7,2,2,1,0
21281,3,1,1,1,0
21284,22,1,1,2,0
21285,29,2,1,1,0
21286,15,0,2,1,0
21287,28,12,9,4,1
21288,18,8,9,6,1
21289,10,6,2,0,1
21291,21,11,2,4,2
21292,13,6,3,2,2
21293,16,1,1,1,0
21294,40,8,7,3,2
21306,17,9,4,7,0
21307,8,1,2,2,0
21310,0,0,0,1,0
21311,32,10,3,3,0
21313,89,14,12,11,5
21314,235,37,30,29,15
21316,6,1,1,1,1
21317,15,4,7,1,1
21318,25,9,2,2,4
21319,8,1,2,0,1
21320,8,0,1,0,3
21324,10,5,1,2,2
21326,179,48,29,20,11
21327,87,24,22,9,6
21328,125,27,25,13,4
21329,114,26,18,9,5
21331,3,1,1,2,0
21332,6,0,1,0,1
21333,11,3,0,1,0
21336,3,0,0,0,0
21340,176,32,20,24,12
21344,3,1,0,1,0
21348,3,0,1,1,0
21349,2,0,3,2,0
21351,22,4,4,2,1
21352,21,5,3,7,1
21354,51,8,6,2,3
21355,70,15,15,7,7
21356,40,6,7,0,2
21357,6,2,3,0,0
21358,37,7,5,8,3
21359,19,1,1,5,1
21360,7,1,2,1,3
21361,37,8,1,4,4
21363,65,9,2,13,6
21364,10,3,4,1,3
21365,22,9,7,6,0
21366,4,2,1,2,2
21367,19,5,7,4,0
21368,18,4,6,3,0
21369,5,6,1,1,0
21370,5,1,1,1,0
21371,21,5,2,2,2
21372,15,2,5,2,1
21373,30,6,6,2,1
21374,18,8,5,7,2
21375,7,2,2,1,0
21376,9,2,2,1,1
21377,11,3,2,2,1
21378,10,3,2,5,2
21379,11,3,3,5,2
21380,167,21,16,23,8
21381,90,21,15,14,4
21382,64,11,10,9,2
21383,54,11,5,8,6
21385,129,38,19,16,16
21386,30,10,6,0,5
21389,64,15,4,10,9
21390,126,25,12,15,5
21391,47,7,13,11,3
21392,3,0,3,1,0
21393,2,2,2,2,0
21394,83,12,7,11,1
21395,54,14,3,5,3
21397,27,9,2,1,5
21398,35,5,2,1,6
21399,48,6,1,0,8
21400,27,10,2,6,3
21401,38,8,2,8,3
21402,45,7,4,3,2
21403,46,11,6,5,3
21407,55,17,6,12,4
21408,48,7,5,7,1
21411,126,25,18,14,7
21413,6,1,0,2,1
21414,0,0,1,0,0
21415,18,2,3,2,7
21416,1,0,0,1,2
21417,21,3,2,2,4
21418,8,1,1,0,3
21420,8,2,0,4,1
21421,9,2,0,2,0
21422,32,6,1,6,1
21424,17,1,3,1,0
21425,13,1,2,0,0
21426,15,0,2,1,0
21427,15,5,3,0,2
21428,139,17,10,11,6
21429,146,37,22,14,5
21430,224,46,22,21,11
21439,58,9,7,2,2
21441,23,5,3,3,4
21442,24,8,0,3,2
21445,16,2,1,0,2
21446,70,7,7,1,1
21447,71,11,2,5,3
21448,55,3,4,4,3
21452,89,19,18,7,2
21454,29,15,1,2,0
21455,15,11,2,6,1
21456,13,5,0,1,0
21457,13,1,0,1,1
21458,15,3,0,1,0
21459,12,3,0,2,1
21460,5,2,0,2,0
21461,3,1,0,1,0
21462,49,6,4,2,6
21463,102,6,11,7,5
21464,85,4,7,3,3
21465,40,14,7,1,1
21466,62,17,7,2,3
21467,53,10,6,3,6
21468,28,10,7,4,1
21469,45,14,5,4,3
21470,80,19,5,8,3
21471,57,21,5,8,3
21472,17,4,4,3,5
21473,9,4,4,1,0
21476,11,3,2,1,1
21479,294,43,28,18,8
21481,296,45,20,17,9
21484,223,27,30,13,4
21485,374,82,46,30,16
21486,3,0,0,0,1
21488,2,0,0,0,0
21494,90,28,11,2,3
21495,120,19,8,16,2
21497,161,33,17,17,4
21498,240,41,22,25,8
21499,146,30,17,21,2
21500,139,32,16,25,1
21503,19,1,1,1,1
21504,68,13,3,8,5
21506,174,37,22,19,1
21507,154,24,10,7,4
21508,108,14,12,9,3
21509,157,21,11,11,3
21518,16,1,0,0,0
21519,148,12,17,11,3
21520,23,3,3,2,2
21523,297,40,28,22,11
21524,301,46,26,25,12
21527,102,20,4,8,4
21528,63,10,6,8,2
21530,57,9,7,9,2
21531,137,36,19,14,6
21533,217,54,17,24,9
21534,88,22,7,11,3
21535,220,57,21,14,8
21537,33,9,9,6,1
21538,0,1,0,1,0
21539,156,34,10,13,2
21544,90,10,7,6,2
21547,11,0,1,3,2
21555,7,3,0,2,0
21556,37,4,3,2,1
21557,41,6,1,0,4
21558,208,27,23,11,6
21559,344,40,28,18,8
21561,124,22,12,6,4
21562,19,2,1,3,0
21563,99,15,7,7,6
21564,86,10,3,4,0
21576,28,7,6,4,1
21577,75,10,16,12,3
21578,55,10,10,6,3
21579,27,2,3,1,1
21580,19,2,2,1,0
21581,25,6,4,4,1
21584,79,37,22,15,6
21586,43,5,9,4,5
21587,17,1,5,3,4
21588,80,21,22,9,6
21591,81,32,22,12,7
21592,128,48,25,18,6
21609,31,21,7,6,10
21613,18,7,4,4,5
21614,3,0,0,3,1
21615,67,11,12,10,4
21616,59,23,15,11,0
21617,48,9,12,6,5
21618,38,8,7,1,4
21619,73,19,19,10,4
21620,93,13,13,7,5
21621,270,61,28,25,18
21622,55,13,11,12,3
21623,141,19,22,21,5
21624,51,10,9,12,3
21625,65,19,16,13,5
21626,51,10,7,4,4
21627,18,1,1,2,2
21628,14,0,1,1,1
21629,21,4,1,0,1
21630,16,1,1,3,1
21631,10,1,2,2,1
21632,5,0,0,0,0
21633,8,2,2,1,1
21634,15,2,2,3,1
21635,10,1,3,1,0
21636,45,20,9,3,1
21637,0,1,2,2,1
21638,17,5,6,2,2
21640,29,9,4,7,4
21641,13,2,3,5,0
21642,40,20,17,12,4
21643,16,6,3,2,4
21644,14,7,6,5,2
21647,15,6,0,4,4
21648,21,7,3,1,1
21650,40,8,9,10,1
21651,9,0,0,0,2
21654,28,13,3,2,4
21655,0,0,0,0,2
21656,9,1,2,3,2
21657,10,2,1,2,0
21658,94,15,5,11,5
21661,1,1,0,0,1
21662,8,4,0,2,2
21664,7,3,5,3,1
21666,23,3,3,4,0
21667,1,0,0,0,0
21668,273,35,13,18,4
21669,299,33,18,13,3
21670,239,27,11,15,4
21671,221,28,16,12,7
21672,249,32,14,17,3
21673,237,24,6,12,6
21675,37,8,2,3,2
21676,25,3,2,0,2
21677,53,10,4,5,8
21678,10,4,0,0,2
21679,64,5,6,5,7
21680,41,4,2,4,2
21681,1,1,0,0,0
21682,31,6,6,5,2
21683,32,9,6,1,0
21684,22,6,3,3,3
21686,13,1,4,0,0
21688,19,14,3,1,2
21689,11,6,3,2,1
21690,3,3,1,2,0
21692,1,4,2,0,1
21693,15,9,10,6,5
21694,5,2,8,3,2
21695,16,8,6,4,2
21696,12,7,3,6,2
21698,17,4,0,1,0
21700,64,5,6,9,3
21703,159,34,31,15,8
21704,147,22,14,11,4
21705,77,17,13,3,2
21706,49,7,5,5,3
21707,27,7,5,6,2
21708,20,5,4,3,1
21709,16,5,4,4,2
21710,18,2,2,4,5
21711,12,4,2,4,1
21713,76,17,13,15,9
21714,77,17,11,13,9
21715,86,16,13,18,6
21716,92,16,13,11,7
21717,28,5,2,2,1
21718,108,12,7,9,9
21719,26,3,1,3,2
21720,8,0,0,0,0
21721,14,3,0,4,1
21722,15,0,0,0,0
21723,28,4,2,3,3
21724,43,9,2,3,0
21725,24,5,3,0,0
21726,26,4,2,2,2
21730,57,36,13,9,5
21731,426,43,38,21,7
21733,505,74,53,40,24
21735,55,12,4,9,2
21736,1,1,2,2,0
21738,15,2,1,2,2
21739,33,6,7,2,2
21741,14,4,7,2,1
21742,44,27,8,9,4
21743,19,3,2,4,4
21744,59,12,7,3,3
21745,154,32,14,4,5
21746,141,17,12,13,4
21747,33,4,3,1,1
21749,69,14,7,11,6
21750,13,2,0,0,2
21754,513,95,49,42,11
21755,387,81,52,44,16
21756,175,38,14,22,7
21757,1,1,0,1,0
21758,10,1,2,0,1
21761,7,0,1,1,1
21763,1,0,0,2,1
21769,1,0,0,0,1
21770,220,61,25,31,7
21773,38,10,4,3,4
21774,40,6,4,2,0
21775,28,8,4,1,0
21777,3,0,0,0,0
21781,55,12,3,11,1
21784,27,4,0,6,1
21785,4,0,0,1,0
21786,82,3,3,6,2
21787,137,29,12,6,2
21788,46,13,8,2,0
21789,49,12,7,2,1
21790,493,98,69,55,21
21791,338,65,42,27,19
21792,49,7,6,4,4
21793,40,11,3,6,7
21794,64,15,4,7,3
21801,15,2,2,2,1
21802,31,7,6,3,2
21803,32,6,8,4,1
21804,21,6,10,2,2
21807,21,4,2,2,1
21808,9,3,8,1,1
21809,55,13,12,8,3
21810,126,32,22,8,1
21811,107,29,19,10,2
21812,26,6,6,3,2
21813,28,6,4,1,2
21814,10,2,1,0,2
21815,12,3,1,2,2
21816,5,1,0,2,1
21817,37,12,6,3,3
21818,101,35,21,4,3
21819,89,20,14,4,2
21820,37,9,9,6,2
21821,21,8,6,6,0
21822,48,6,11,2,0
21823,34,23,10,8,2
21824,39,16,12,9,1
21826,12,3,3,1,2
21827,2,0,0,1,0
21828,44,10,10,6,1
21829,91,16,15,7,6
21830,66,11,7,6,2
21832,77,22,15,6,2
21833,86,13,13,5,3
21836,1,1,0,0,0
21839,1,0,0,0,0
21841,9,4,3,5,1
21843,288,58,29,31,17
21844,91,18,16,6,5
21845,58,12,5,6,2
21846,20,1,1,1,1
21847,2,1,1,0,1
21849,18,2,2,3,0
21850,16,3,2,1,0
21851,10,1,1,2,1
21864,74,5,8,7,5
21865,44,9,8,7,4
21866,74,12,12,6,6
21867,56,7,11,10,4
21868,172,33,10,15,5
21870,104,13,13,8,3
21871,217,31,13,9,5
21872,89,23,5,4,3
21873,68,16,2,4,1
21874,156,25,12,3,0
21875,82,16,4,8,2
21876,152,27,10,7,4
21877,221,38,18,16,6
21878,105,22,13,11,6
21879,42,5,4,5,3
21880,66,14,5,11,4
21881,28,7,2,3,5
21882,25,4,3,4,5
21883,60,14,8,6,5
21884,27,7,3,4,3
21888,173,40,34,23,12
21889,326,51,43,32,14
21890,103,20,27,19,11
21891,231,52,37,24,14
21892,185,42,44,21,13
21894,48,8,10,7,2
21895,0,0,1,0,0
21896,55,16,10,5,6
21897,2,0,0,0,0
21898,6,0,0,0,1
21899,154,25,21,18,6
21900,199,23,25,17,6
21901,175,20,23,18,8
21902,112,23,15,11,6
21903,110,19,12,11,3
21904,18,3,0,0,4
21905,72,20,8,6,5
21906,63,15,3,11,3
21907,222,58,21,19,12
21908,268,58,22,25,8
21910,4,1,0,2,1
21911,16,2,0,2,0
21912,168,37,31,26,9
21913,57,14,5,8,5
21914,383,79,36,23,6
21915,392,82,40,36,17
21916,207,17,10,16,5
21917,137,23,13,10,6
21918,203,35,27,16,5
21922,110,25,11,14,9
21925,47,7,4,4,4
21926,44,4,8,2,2
21927,81,6,5,2,5
21928,409,76,38,18,8
21929,465,73,34,21,13
21930,404,33,27,9,8
21931,620,80,40,28,15
21932,219,51,24,26,7
21933,220,32,16,19,7
21934,110,13,7,6,7
21935,142,21,26,11,5
21936,307,31,28,14,8
21937,160,18,16,10,4
21942,16,0,2,4,1
21943,6,2,2,0,0
21944,25,2,5,0,2
21945,15,4,6,5,0
21946,8,1,2,0,0
21947,63,10,12,3,0
21948,42,8,4,1,1
21949,48,6,4,0,1
21955,107,19,11,9,12
21967,118,19,22,12,9
21972,29,5,2,3,0
21973,19,2,6,0,3
21974,142,24,23,25,15
21975,412,68,47,27,12
21976,209,35,29,12,4
21977,481,75,54,51,25
21980,152,36,28,24,12
21981,132,22,22,14,5
21982,192,28,26,16,9
21983,76,17,14,11,6
21984,97,21,26,12,6
21985,222,42,39,36,22
21986,97,18,15,18,9
21987,113,17,11,10,1
21988,115,15,10,8,1
21989,166,19,14,10,2
21990,122,26,14,20,4
21991,66,15,8,11,3
21992,120,34,25,31,6
21993,133,37,21,18,3
22021,43,8,9,3,3
22023,60,8,7,8,3
22024,101,8,13,6,3
22025,68,10,6,5,0
22026,82,7,6,4,2
22027,193,27,17,17,11
22028,143,20,6,11,7
22029,316,34,22,21,4
22030,178,29,15,15,8
22031,23,3,2,4,0
22032,19,4,1,6,1
22033,11,2,0,5,3
22034,0,0,0,1,0
22035,72,8,3,4,1
22037,207,16,18,17,4
22038,15,2,1,1,0
22039,4,1,0,2,0
22040,21,4,1,2,0
22041,165,20,8,3,3
22042,17,3,3,3,0
22043,28,8,3,4,0
22044,20,9,3,3,1
22045,161,14,16,15,1
22046,52,5,10,7,1
22047,73,13,7,12,2
22048,20,4,5,3,0
22049,19,5,4,4,0
22050,24,7,4,4,1
22051,23,7,3,6,1
22052,16,3,0,2,2
22053,18,2,2,2,2
22055,92,21,18,9,8
22057,36,11,2,4,3
22059,114,25,7,4,3
22060,22,6,3,3,3
22061,84,19,15,10,2
22062,38,7,6,9,1
22063,60,21,3,4,1
22064,140,16,10,4,3
22065,129,21,17,9,3
22066,81,22,17,15,5
22067,40,3,4,3,1
22068,66,8,4,4,3
22069,27,6,3,2,1
22070,57,14,7,6,2
22071,46,16,8,3,2
22072,109,17,11,8,3
22073,32,9,4,2,2
22074,50,12,10,4,1
22075,91,11,13,9,1
22076,77,13,14,9,1
22077,530,91,53,57,20
22078,102,20,11,12,7
22079,131,36,30,25,11
22080,79,27,18,6,1
22081,56,13,11,9,2
22082,198,72,36,33,13
22083,317,64,30,24,13
22084,256,44,32,22,29
22085,48,12,5,6,3
22086,722,130,92,56,19
22087,193,31,17,13,11
22088,125,19,7,11,9
22089,112,26,19,17,9
22090,412,61,50,32,18
22091,83,20,23,6,3
22092,54,13,13,7,3
22093,106,23,18,11,2
22094,94,20,22,14,4
22095,64,20,12,12,6
22096,59,23,18,12,6
22097,96,22,24,9,1
22098,96,20,20,8,7
22099,85,21,16,8,3
22100,24,8,2,3,3
22101,15,5,4,0,0
22102,10,1,2,5,0
22103,7,1,3,5,1
22104,10,2,0,0,0
22105,6,3,1,0,0
22106,8,1,0,2,1
22107,49,4,12,6,3
22108,21,3,1,2,1
22109,106,17,19,14,7
22110,112,19,17,11,4
22111,456,100,53,40,22
22112,527,77,58,35,17
22113,361,68,48,37,26
22114,375,68,46,26,5
22115,120,29,14,14,8
22116,59,18,7,6,0
22117,39,16,8,8,1
22118,59,10,6,5,0
22119,84,14,5,6,1
22120,118,23,10,14,5
22121,79,22,6,7,2
22123,46,11,9,6,2
22124,22,2,0,0,0
22125,1,0,0,0,0
22127,9,2,2,3,5
22128,33,13,10,8,8
22129,15,5,6,8,3
22130,56,15,11,5,4
22131,129,30,12,10,9
22132,57,9,6,8,3
22133,43,5,4,5,3
22134,47,4,3,2,1
22135,41,2,4,2,0
22136,31,10,6,5,1
22137,10,0,1,0,0
22138,519,135,91,84,38
22139,568,94,83,58,30
22141,261,55,28,14,2
22142,236,53,23,21,0
22144,304,72,36,24,1
22145,0,0,1,0,0
22146,0,0,1,0,0
22147,307,58,35,28,25
22148,111,22,17,10,5
22149,308,57,49,40,19
22150,267,63,43,27,13
22151,220,32,27,13,5
22152,78,7,9,3,1
22153,75,6,6,3,3
22154,79,21,10,3,5
22155,72,8,8,2,4
22156,100,30,6,17,6
22157,9,0,2,0,0
22158,169,45,30,20,6
22161,102,19,21,19,14
22162,15,7,5,0,1
22163,33,5,6,6,1
22164,5,5,0,1,1
22165,28,6,2,2,0
22166,12,3,1,0,0
22167,40,8,3,3,5
22168,45,3,13,4,10
22169,207,35,15,22,8
22170,163,28,15,10,9
22171,218,38,19,20,13
22173,247,41,17,24,13
22174,128,24,15,6,5
22175,102,19,11,7,2
22176,70,18,5,6,2
22178,585,105,55,47,33
22179,145,14,14,6,3
22180,75,26,7,15,9
22181,32,6,6,2,0
22182,22,8,6,2,0
22183,9,1,1,2,4
22184,4,0,0,0,0
22185,82,17,14,15,2
22186,75,19,12,10,3
22187,89,26,19,12,1
22188,101,25,11,23,7
22189,315,58,33,35,18
22190,39,6,2,3,2
22191,297,39,27,26,12
22192,272,27,20,15,4
22193,343,32,21,18,5
22194,26,2,2,2,1
22195,147,36,19,18,8
22196,180,35,19,16,9
22197,795,119,83,48,23
22198,42,7,1,1,2
22199,77,8,6,6,2
22200,63,4,2,6,2
22201,32,3,4,1,0
22202,12,1,1,2,1
22203,67,9,10,4,1
22204,23,4,3,1,0
22207,78,10,10,11,5
22208,136,35,23,11,5
22209,80,23,8,13,2
22210,86,30,21,12,1
22211,81,19,19,11,2
22212,209,23,12,16,4
22214,16,1,0,2,2
22215,56,13,12,5,3
22216,16,1,3,0,0
22217,39,12,8,4,2
22218,0,0,0,1,0
22219,233,29,25,22,15
22220,43,14,12,3,3
22221,23,9,4,3,5
22222,97,14,13,13,12
22223,24,2,7,4,6
22224,76,17,8,9,7
22227,134,27,6,12,3
22228,60,18,8,6,2
22229,42,14,4,3,1
22230,46,10,2,5,3
22231,70,14,10,12,5
22232,38,6,9,8,0
22233,54,11,6,9,1
22236,52,10,10,9,7
22241,115,19,13,10,13
22242,19,3,1,4,0
22243,91,8,3,8,1
22244,65,15,5,8,4
22245,37,6,7,3,5
22246,16,5,9,2,4
22247,32,10,8,7,4
22248,25,7,5,6,4
22249,49,13,8,9,7
22250,32,9,6,8,4
22251,47,10,4,8,6
22252,53,8,5,4,1
22254,30,8,1,1,1
22255,32,5,5,0,2
22256,19,3,3,10,4
22257,7,4,1,5,1
22258,23,5,3,3,2
22259,7,5,0,4,1
22260,35,6,3,3,3
22261,48,15,5,8,3
22262,71,10,3,9,4
22263,14,4,1,2,0
22264,29,6,3,5,1
22265,36,6,2,6,5
22266,46,26,2,7,5
22267,42,21,5,5,4
22268,58,20,12,5,6
22269,59,17,5,6,2
22270,32,2,3,3,5
22271,181,44,20,14,4
22272,29,7,4,5,2
22273,209,43,25,14,9
22274,170,34,19,11,4
22275,1,0,0,0,0
22276,42,7,6,7,0
22277,43,8,4,6,2
22278,53,13,12,6,3
22279,37,6,3,4,1
22280,27,3,1,1,0
22281,29,8,4,0,3
22282,49,5,3,4,3
22283,68,22,13,7,8
22284,64,16,5,13,6
22285,57,12,7,8,10
22286,43,19,2,14,4
22287,37,10,3,6,3
22288,16,11,4,5,8
22289,8,6,2,3,3
22291,54,19,8,8,8
22292,57,17,5,10,6
22293,47,17,4,9,12
22294,186,31,21,9,14
22295,146,24,24,16,11
22296,183,33,32,19,17
22297,157,29,23,19,4
22299,36,3,2,1,0
22300,89,23,16,14,4
22301,113,33,17,17,5
22302,126,22,19,18,7
22303,154,33,20,15,9
22304,24,9,9,4,2
22305,22,10,7,3,2
22306,65,13,15,9,1
22307,37,11,5,8,1
22308,29,2,3,2,0
22309,52,6,3,4,1
22310,46,3,2,2,0
22311,64,19,14,2,1
22312,65,11,16,4,2
22313,40,7,8,1,0
22314,67,10,11,7,1
22315,78,19,9,11,5
22316,29,5,2,4,2
22317,23,5,3,6,3
22318,61,8,7,13,1
22319,34,7,8,7,7
22320,37,12,10,9,1
22321,38,9,7,3,1
22322,26,1,4,4,2
22323,1,0,0,0,0
22324,21,5,2,1,1
22325,36,5,6,10,2
22326,453,71,48,26,11
22327,135,19,10,5,4
22328,352,55,37,18,9
22329,113,15,10,11,4
22331,103,17,17,5,1
22332,102,10,11,6,2
22333,204,22,28,13,5
22334,68,10,8,6,0
22335,90,14,8,14,7
22336,30,7,7,6,3
22337,14,7,5,1,0
22338,81,17,15,8,0
22339,31,10,7,7,0
22340,38,9,9,7,0
22341,23,6,5,5,2
22342,31,9,8,3,1
22343,51,5,3,3,2
22344,35,3,4,4,1
22345,35,4,3,2,0
22346,29,2,1,2,0
22348,202,28,12,12,5
22349,73,19,9,7,8
22350,59,13,8,6,3
22351,0,0,1,0,0
22352,252,37,20,19,3
22353,15,5,2,2,1
22354,49,5,4,2,5
22355,480,57,29,23,10
22356,406,44,20,19,8
22357,58,12,6,7,4
22358,69,17,7,10,10
22359,36,13,8,3,3
22360,91,25,16,13,5
22361,91,17,8,5,5
22362,53,11,9,5,3
22363,35,13,3,4,5
22364,62,18,5,7,7
22365,91,12,10,9,5
22366,107,14,18,13,4
22367,322,56,37,30,12
22371,172,29,18,16,19
22372,71,12,9,5,4
22374,111,19,12,7,10
22375,71,10,7,6,5
22376,57,9,9,7,3
22377,75,13,6,8,3
22378,81,12,6,4,2
22379,339,33,18,17,7
22380,149,19,12,14,6
22381,235,29,15,7,9
22382,773,108,62,43,22
22383,854,111,56,44,18
22384,747,82,67,46,15
22385,405,42,21,14,5
22386,705,85,52,30,18
22389,25,8,2,1,0
22390,23,5,1,2,0
22391,12,3,2,1,0
22393,35,11,3,1,0
22394,11,3,0,2,0
22395,12,2,0,1,0
22396,77,15,7,12,1
22398,161,36,19,15,1
22399,59,14,5,6,3
22400,101,18,15,16,2
22402,103,17,12,14,3
22403,59,13,5,8,1
22405,37,6,4,6,3
22406,42,9,5,5,3
22407,20,2,1,0,1
22408,13,5,3,1,1
22409,26,5,6,5,3
22410,34,4,2,5,1
22411,587,117,52,28,19
22412,75,23,1,12,6
22413,241,52,26,31,8
22414,53,6,3,6,2
22415,8,1,2,2,0
22416,36,11,8,7,1
22417,281,56,41,33,9
22418,158,44,23,12,6
22419,122,17,11,10,6
22420,62,11,10,2,2
22421,76,15,12,16,4
22422,56,8,7,5,1
22423,1145,246,146,121,65
22424,222,47,23,29,7
22425,87,22,13,15,4
22426,85,31,11,14,5
22427,271,69,35,42,30
22428,67,13,3,4,5
22429,190,54,39,33,9
22430,104,24,17,14,7
22431,206,24,23,14,12
22432,181,14,21,11,13
22433,144,16,16,6,9
22434,70,21,15,5,5
22435,154,27,11,21,8
22436,111,10,8,13,3
22437,128,17,12,14,5
22438,51,12,4,4,3
22439,115,14,16,13,5
22440,105,15,9,7,10
22441,107,28,14,14,10
22442,49,11,7,4,3
22443,51,16,5,8,1
22444,21,7,0,3,3
22445,62,20,6,10,2
22446,32,1,5,2,1
22447,12,0,1,2,1
22448,25,2,3,4,0
22449,48,12,12,12,5
22450,35,6,5,6,2
22451,29,5,1,2,2
22452,44,10,10,2,2
22453,34,3,6,2,2
22454,26,2,5,0,5
22456,191,48,16,32,19
22457,644,137,79,76,44
22458,10,1,1,1,1
22459,10,2,1,1,1
22460,113,20,13,14,4
22461,30,10,3,2,0
22464,191,39,23,21,11
22465,115,21,12,14,1
22466,109,21,15,3,4
22467,452,54,37,28,15
22468,88,13,9,2,4
22469,646,149,90,56,44
22470,529,115,72,75,28
22471,42,5,10,7,1
22472,56,6,7,7,6
22473,54,7,10,4,4
22474,53,8,6,10,6
22475,96,6,3,5,2
22476,54,10,8,6,1
22477,38,11,10,8,4
22478,45,13,10,7,2
22479,34,6,6,7,1
22480,36,16,6,4,6
22481,52,15,8,8,4
22482,29,7,5,2,5
22483,100,10,12,7,5
22485,96,28,15,20,6
22486,8,1,1,0,0
22487,234,47,35,39,25
22488,208,43,27,26,8
22489,203,44,41,22,12
22491,124,29,29,13,8
22492,219,40,32,23,11
22493,127,23,13,7,10
22494,89,12,5,10,3
22495,44,9,5,5,3
22496,50,7,8,3,2
22497,36,7,5,8,4
22498,71,13,3,7,3
22499,193,31,35,20,20
22500,56,12,9,10,3
22501,174,24,13,30,18
22502,144,36,16,30,13
22503,10,1,4,1,0
22504,32,1,1,3,2
22505,181,38,25,15,9
22507,239,49,26,25,9
22508,158,33,18,21,10
22509,61,7,9,3,2
22510,29,4,3,3,3
22511,34,4,5,3,2
22512,25,4,1,2,1
22513,35,7,5,3,2
22514,48,9,9,8,2
22515,43,5,5,7,3
22516,28,6,5,5,0
22517,39,5,3,10,1
22518,36,9,5,5,2
22519,43,9,5,6,2
22520,71,13,7,10,6
22521,69,10,5,9,7
22522,76,15,9,13,11
22523,76,15,8,14,6
22524,41,9,3,7,6
22525,37,4,2,6,3
22526,41,9,3,9,5
22529,39,9,5,6,3
22530,121,31,15,12,7
22531,110,23,16,9,8
22532,45,10,7,5,1
22533,53,10,10,3,3
22534,132,32,25,13,5
22535,81,16,10,4,2
22536,95,22,18,7,6
22537,91,26,13,4,4
22538,16,2,3,4,2
22539,58,10,10,7,5
22540,41,5,10,4,5
22541,15,4,2,1,0
22543,27,4,7,3,0
22544,76,20,14,11,7
22545,36,6,3,2,1
22546,43,6,4,5,2
22547,38,4,5,3,1
22548,106,29,19,21,9
22549,174,31,20,15,10
22550,114,20,23,13,6
22551,443,57,53,29,12
22553,315,63,50,25,11
22554,435,79,52,30,9
22555,321,49,46,36,9
22556,389,50,50,27,15
22557,334,63,42,42,17
22558,443,91,46,47,21
22559,22,6,7,2,2
22560,223,42,30,29,13
22561,271,45,45,32,15
22562,127,27,21,12,9
22563,176,27,26,21,12
22564,123,18,15,11,3
22565,79,11,7,9,4
22566,85,10,13,10,6
22567,125,26,18,19,4
22568,309,58,26,26,7
22569,222,38,20,15,6
22570,252,43,17,15,6
22571,126,33,16,8,2
22572,90,25,12,2,4
22573,101,19,22,10,4
22574,113,21,11,12,3
22575,51,11,6,9,2
22576,87,14,13,12,4
22577,317,66,53,39,5
22578,291,67,57,38,0
22579,186,37,36,26,3
22580,130,15,14,9,0
22581,76,13,8,4,3
22582,38,15,9,12,5
22583,33,13,12,10,11
22584,81,30,24,12,9
22585,203,43,52,26,16
22586,73,23,11,7,4
22587,73,25,16,9,1
22588,86,20,16,9,6
22589,40,5,11,2,0
22591,45,7,9,2,0
22592,58,12,13,6,2
22593,102,14,16,9,1
22594,91,13,11,10,1
22595,246,45,40,26,13
22596,153,40,28,18,1
22597,85,18,12,6,2
22598,41,3,6,3,1
22599,52,7,7,4,1
22600,94,23,20,7,1
22601,105,20,21,5,3
22602,118,27,17,13,6
22603,74,29,19,5,4
22604,68,18,15,7,6
22605,152,34,22,20,13
22606,74,20,13,18,10
22607,194,46,31,27,9
22608,54,10,14,5,2
22609,74,18,16,12,1
22610,114,24,23,9,3
22611,27,5,4,3,2
22613,86,16,5,6,2
22614,121,18,14,19,3
22615,49,9,7,4,1
22616,303,34,33,17,10
22617,271,66,31,39,20
22618,17,2,1,4,1
22619,214,50,50,23,9
22620,248,50,40,25,13
22621,339,69,51,45,17
22622,143,24,26,27,11
22623,141,26,24,21,9
22624,449,67,51,44,24
22625,327,50,42,29,7
22626,125,20,13,20,8
22627,233,27,22,20,5
22628,83,9,11,11,6
22629,565,66,46,36,7
22630,475,77,36,37,11
22631,201,19,21,15,6
22632,241,58,38,30,5
22633,315,67,52,28,8
22634,132,26,22,21,7
22635,109,22,24,19,8
22636,124,27,12,13,6
22637,181,43,15,21,6
22638,20,8,4,4,2
22639,69,17,19,15,11
22640,24,7,2,4,5
22641,11,2,4,4,3
22642,25,7,6,3,4
22643,21,8,1,1,1
22644,111,36,18,17,8
22645,152,33,26,16,10
22646,180,49,27,18,10
22647,19,4,9,4,0
22649,106,31,19,9,2
22650,79,9,9,6,5
22651,65,12,8,9,0
22652,268,52,46,24,9
22653,94,6,9,8,5
22654,155,20,22,17,10
22655,25,2,5,4,2
22656,14,0,3,2,1
22659,432,36,26,24,11
22660,47,9,9,2,2
22661,273,33,23,16,4
22662,477,56,40,30,11
22663,255,27,17,9,10
22664,83,7,5,3,4
22665,145,42,21,18,6
22666,596,105,62,60,20
22667,353,45,19,23,14
22668,140,29,12,18,8
22669,106,18,18,19,6
22670,161,20,17,9,4
22671,78,15,2,8,1
22672,111,22,11,9,7
22673,87,12,8,4,2
22674,100,26,9,10,3
22675,96,19,6,5,2
22676,113,16,5,4,2
22677,86,15,5,5,2
22678,78,14,6,3,2
22679,70,13,3,4,2
22680,75,13,7,6,2
22681,65,13,2,3,0
22682,61,11,4,3,1
22683,59,13,3,4,1
22684,45,9,2,4,1
22685,48,14,2,4,2
22686,60,7,3,2,1
22687,25,2,6,2,0
22688,20,3,1,1,2
22689,79,14,16,4,0
22690,185,33,27,13,6
22691,72,11,6,5,2
22692,230,40,31,28,11
22693,166,33,15,14,11
22694,210,43,25,27,7
22695,63,18,11,6,0
22696,75,25,15,12,3
22697,485,96,55,55,28
22698,412,71,44,36,21
22699,559,104,61,48,29
22700,31,6,7,3,2
22701,39,6,5,3,0
22702,29,5,4,4,1
22703,29,5,4,2,0
22704,124,22,16,8,4
22705,59,5,6,3,2
22706,45,9,5,8,2
22707,32,5,4,5,1
22708,71,8,9,9,2
22709,21,6,6,5,1
22710,72,14,3,8,3
22711,69,11,9,11,1
22712,170,21,9,11,5
22713,110,15,13,11,6
22714,113,13,13,13,3
22715,67,11,7,10,3
22716,152,25,20,12,6
22717,66,9,7,4,1
22718,80,10,9,5,2
22719,27,1,2,0,4
22720,774,170,87,100,28
22721,176,33,23,12,5
22722,471,85,43,56,19
22723,174,24,16,25,4
22725,274,22,18,11,3
22726,668,63,37,30,10
22727,719,80,52,35,13
22728,499,62,33,19,8
22729,293,34,22,13,5
22730,396,30,24,21,6
22731,75,9,9,9,4
22732,96,9,9,13,0
22733,97,17,17,9,4
22734,210,65,44,24,0
22735,59,8,13,5,4
22736,105,23,16,9,2
22737,132,23,16,15,4
22738,121,26,19,12,3
22739,136,28,27,12,9
22740,68,19,11,8,1
22741,104,26,13,9,3
22742,62,11,6,10,2
22743,100,21,13,11,7
22744,88,27,17,9,9
22745,219,28,35,33,11
22746,178,22,22,25,10
22747,120,17,12,18,7
22748,242,37,33,31,14
22749,286,57,39,30,9
22750,273,53,33,25,7
22751,171,31,25,22,6
22752,200,46,18,19,18
22753,131,16,13,5,3
22754,151,17,20,3,5
22755,159,16,11,8,4
22756,70,10,7,1,5
22757,89,10,7,3,5
22758,94,13,9,4,10
22759,186,68,40,26,16
22760,45,8,5,3,5
22761,15,2,1,3,3
22762,48,18,8,11,2
22763,61,16,7,8,2
22764,1,1,0,0,0
22765,2,0,0,0,1
22766,311,62,37,40,16
22767,131,31,21,17,8
22768,139,44,25,18,9
22769,1,0,0,1,1
22770,40,7,5,3,0
22771,255,30,22,19,8
22772,148,9,9,7,4
22773,125,8,6,9,2
22774,81,9,7,2,1
22775,130,18,7,5,1
22776,265,69,46,46,25
22777,27,2,4,8,1
22778,79,4,12,13,4
22779,119,14,8,4,7
22780,105,8,5,7,7
22781,102,24,16,14,5
22782,45,12,7,6,4
22783,19,5,3,4,1
22784,169,37,23,20,20
22785,37,5,7,3,2
22786,18,5,8,4,2
22788,36,1,0,8,1
22789,82,26,10,4,9
22791,160,44,36,17,9
22792,80,23,17,7,3
22794,104,23,13,10,7
22795,213,35,20,18,5
22796,139,39,16,12,9
22797,50,14,5,3,7
22798,137,24,11,12,5
22799,48,15,4,8,5
22800,92,25,7,9,6
22801,89,42,9,19,6
22802,16,4,6,4,5
22803,8,10,3,4,0
22804,282,50,33,31,25
22805,100,10,7,7,1
22806,20,5,2,1,0
22807,78,12,8,9,4
22808,28,10,4,6,6
22809,119,22,21,13,4
22810,88,24,18,6,5
22811,48,3,2,3,0
22812,78,16,21,7,5
22813,91,26,22,12,3
22814,75,12,5,3,1
22815,87,11,6,7,3
22816,101,31,21,23,4
22817,109,6,4,5,2
22818,101,31,17,12,3
22819,98,14,6,6,2
22820,34,2,5,4,1
22821,54,4,5,3,1
22822,87,22,13,12,11
22823,7,0,2,1,3
22824,23,6,5,7,2
22825,12,5,2,4,2
22826,23,6,6,5,1
22827,18,2,3,1,2
22828,3,1,2,1,0
22829,65,16,3,8,7
22830,5,0,0,1,0
22831,71,11,9,11,4
22832,52,7,3,5,2
22833,3,1,0,0,0
22834,210,33,33,10,13
22835,354,67,47,37,13
22837,103,11,9,4,9
22838,82,27,15,10,2
22839,81,19,15,22,2
22840,155,35,30,27,6
22841,121,31,18,22,8
22842,90,23,14,15,4
22843,77,17,7,10,4
22844,211,33,26,17,9
22845,166,21,20,22,8
22846,183,32,18,14,2
22847,246,43,24,23,6
22848,80,15,9,6,2
22849,87,14,1,14,5
22851,190,46,22,24,15
22852,78,10,11,4,5
22853,75,8,9,4,5
22854,87,25,12,15,10
22855,98,27,19,21,15
22856,14,0,2,4,2
22857,36,10,6,5,4
22858,71,17,8,10,7
22859,94,15,5,9,7
22860,60,13,4,7,3
22861,18,7,3,6,4
22862,34,5,1,2,4
22863,64,12,8,6,5
22865,442,65,51,32,4
22866,346,61,53,30,12
22867,343,60,49,27,9
22868,7,2,0,2,0
22869,12,2,2,2,1
22870,12,2,0,3,0
22871,5,2,0,3,0
22872,9,2,0,2,0
22873,8,2,0,3,0
22874,7,2,0,3,0
22875,9,2,0,2,1
22876,5,3,0,2,1
22877,7,2,0,4,0
22878,6,2,0,2,1
22879,4,2,2,0,0
22880,7,2,3,0,0
22881,7,2,3,0,1
22882,11,5,4,0,0
22883,6,2,3,0,0
22884,11,2,2,1,0
22885,5,3,4,0,0
22886,9,2,2,0,0
22887,6,3,2,0,0
22888,5,1,2,0,0
22889,7,0,2,0,0
22890,93,21,14,14,7
22891,78,17,7,4,2
22892,150,22,13,8,4
22893,47,6,7,4,2
22894,83,10,8,5,4
22895,160,33,25,21,6
22896,178,24,12,6,6
22897,120,27,13,9,5
22898,190,36,33,18,7
22899,183,31,20,20,8
22900,270,58,25,21,14
22902,71,7,10,7,1
22903,27,3,2,0,0
22904,154,32,27,15,13
22905,45,9,7,5,3
22906,98,39,31,22,10
22907,373,80,44,45,23
22908,218,49,30,17,10
22909,340,71,63,30,7
22910,521,78,50,51,13
22911,61,4,6,9,2
22912,69,13,4,3,2
22913,65,14,5,10,1
22914,88,25,8,10,5
22915,89,10,11,16,8
22916,131,26,18,12,7
22917,140,21,18,12,7
22918,131,25,20,13,6
22919,136,23,20,12,7
22920,132,24,19,14,5
22921,115,23,17,10,7
22922,53,8,8,15,4
22923,48,11,6,8,3
22924,50,8,9,5,4
22925,94,33,11,15,11
22926,111,31,14,12,18
22927,86,19,10,9,5
22928,58,9,9,10,2
22929,7,3,1,2,0
22930,105,12,14,11,5
22931,76,13,14,9,1
22932,50,3,5,4,2
22933,60,12,9,7,4
22934,41,8,10,4,6
22935,41,5,2,3,1
22936,22,3,6,1,3
22937,92,10,17,17,5
22938,102,22,19,23,6
22939,71,12,9,8,4
22940,206,48,30,26,5
22941,170,28,32,21,4
22942,90,17,14,8,3
22943,119,17,10,11,4
22944,33,7,9,8,3
22945,81,23,24,7,5
22946,75,7,5,2,2
22947,81,10,11,1,1
22948,79,14,7,6,0
22949,46,14,11,13,3
22950,88,29,27,23,0
22951,241,54,35,29,10
22952,347,60,44,36,9
22953,47,13,8,12,3
22954,16,7,2,4,0
22955,70,15,8,15,3
22956,104,21,26,18,9
22957,129,28,19,12,13
22959,89,29,15,7,0
22960,569,123,79,85,31
22961,595,106,71,68,35
22962,165,35,22,17,8
22963,143,28,15,19,6
22964,189,56,22,29,6
22965,133,36,17,18,5
22966,399,86,43,40,4
22967,85,20,14,9,4
22968,93,23,5,14,10
22969,304,67,55,52,41
22970,197,38,22,21,6
22971,154,35,20,22,4
22972,135,19,17,10,3
22973,87,11,8,5,1
22974,112,19,13,17,1
22975,108,15,8,9,4
22976,89,11,7,6,3
22977,80,13,8,11,1
22978,128,28,17,22,3
22979,207,49,26,26,5
22980,162,38,17,21,9
22981,47,16,3,8,2
22982,103,19,11,10,4
22983,230,36,37,25,5
22984,117,11,10,3,1
22985,71,13,5,7,0
22986,100,19,17,14,4
22987,3,0,0,1,0
22988,236,51,22,21,8
22989,198,45,39,28,8
22990,98,21,10,12,3
22991,172,28,20,20,1
22992,202,42,20,30,2
22993,678,92,58,48,17
22994,134,16,8,2,3
22995,150,18,10,3,6
22996,236,34,17,6,8
22997,147,25,8,2,4
22998,351,46,32,13,6
22999,149,18,14,10,2
23000,152,22,20,11,3
23002,110,18,5,5,7
23003,44,4,0,2,3
23004,100,13,10,4,2
23005,147,15,12,6,2
23006,102,8,15,5,1
23007,99,21,11,9,3
23008,79,21,7,9,6
23009,42,7,3,5,4
23010,65,12,5,6,1
23012,142,27,21,13,0
23013,124,30,15,13,0
23014,109,25,17,13,0
23015,12,5,0,0,0
23016,9,5,2,2,1
23017,13,4,0,4,0
23018,13,4,0,3,0
23019,17,8,0,3,0
23020,35,21,8,8,0
23021,13,7,3,3,0
23022,17,0,1,5,0
23023,12,4,0,9,0
23024,8,1,0,1,0
23025,34,4,7,1,0
23026,41,7,4,4,0
23027,20,3,2,2,0
23028,87,16,4,8,1
23029,107,22,4,5,0
23031,114,17,3,4,2
23032,148,22,13,7,0
23033,49,8,1,1,1
23034,65,11,5,1,0
23035,123,25,12,9,1
23036,7,3,4,2,0
23037,12,3,1,2,0
23038,3,1,2,0,0
23039,9,6,5,2,1
23040,26,1,3,5,3
23041,27,4,8,7,2
23042,16,2,4,2,1
23043,10,3,4,0,2
23044,15,2,4,4,2
23045,13,2,5,1,2
23046,21,2,8,2,1
23047,14,1,7,2,2
23048,48,14,20,7,3
23049,129,9,19,9,3
23050,125,10,21,11,9
23051,97,10,15,6,5
23052,153,18,27,17,6
23053,90,12,15,6,7
23054,82,8,12,5,3
23055,20,9,4,6,0
23056,21,11,3,3,3
23057,25,9,3,5,2
23058,32,5,6,1,0
23060,24,6,6,4,1
23061,57,16,4,9,5
23064,12,2,4,2,2
23065,63,9,9,11,1
23066,58,7,6,4,1
23067,51,10,8,6,3
23068,88,12,16,12,5
23069,24,3,1,3,1
23070,20,8,3,1,1
23071,9,6,0,6,1
23072,12,5,2,3,0
23073,40,9,6,4,1
23074,29,5,1,1,0
23075,57,14,1,7,1
23076,156,38,23,24,8
23077,192,59,39,14,5
23078,138,36,25,13,1
23079,78,13,13,3,0
23080,151,34,29,12,2
23081,79,9,19,9,0
23082,181,44,32,12,4
23083,146,32,25,7,3
23084,660,99,58,21,4
23085,51,14,11,5,0
23086,23,1,8,4,1
23087,32,6,6,4,1
23088,39,12,1,4,1
23089,99,22,11,5,1
23090,73,26,16,10,1
23091,121,32,22,17,8
23092,86,24,7,7,2
23093,81,25,7,9,2
23094,39,16,10,9,0
23096,89,17,8,5,0
23099,37,4,4,10,0
23100,151,35,27,9,0
23101,134,31,17,12,2
23102,95,19,17,11,2
23103,210,58,44,21,1
23104,32,4,4,3,1
23106,31,6,6,6,1
23107,36,10,6,8,1
23108,245,54,32,16,7
23109,158,45,18,13,3
23110,156,34,11,16,4
23111,95,14,8,7,1
23112,138,26,8,11,1
23113,30,10,3,0,0
23114,29,5,5,2,0
23115,27,5,6,2,0
23116,9,6,2,1,0
23117,28,5,3,3,0
23118,159,35,14,16,1
23119,73,20,13,9,2
23120,61,16,11,4,0
23121,68,17,7,3,1
23122,64,20,10,4,1
23123,50,11,3,5,0
23124,15,6,2,1,0
23125,11,4,0,1,0
23126,195,38,22,19,4
23127,128,22,17,14,4
23128,91,21,7,12,1
23129,93,35,18,19,0
23130,94,27,27,18,1
23131,66,16,16,9,3
23132,100,19,12,12,1
23133,87,19,14,11,3
23134,26,1,4,5,1
23135,28,3,6,4,1
23136,31,7,3,2,1
23137,13,4,1,2,0
23138,55,12,7,6,0
23139,19,3,0,2,0
23140,26,4,1,4,0
23141,12,4,1,1,0
23142,19,10,5,2,0
23143,8,2,2,0,0
23144,166,33,17,18,4
23145,103,18,16,12,2
23146,156,25,20,14,2
23147,192,27,20,10,6
23148,176,36,19,12,1
23149,17,1,1,0,0
23150,34,4,0,1,1
23151,16,3,0,1,0
23152,103,22,15,9,3
23153,52,14,6,5,1
23154,166,23,20,16,3
23155,74,22,4,8,5
23156,151,19,12,8,1
23157,106,19,15,13,0
23158,162,13,10,3,1
23159,157,20,15,10,0
23160,36,11,9,5,0
23161,36,16,11,5,0
23162,105,15,15,5,2
23163,93,15,14,10,2
23164,54,14,5,6,1
23165,152,30,20,21,2
23166,127,27,18,21,5
23167,111,27,18,24,4
23168,177,20,13,11,2
23169,172,50,20,21,2
23170,246,38,28,9,8
23171,200,33,21,13,4
23172,169,24,18,9,4
23173,252,56,35,13,5
23174,189,35,26,13,6
23175,195,39,25,11,3
23176,115,26,30,12,6
23177,130,31,33,22,4
23178,32,13,5,6,1
23179,26,5,2,5,2
23180,32,2,0,2,0
23181,50,10,5,2,2
23182,216,23,16,11,1
23183,45,5,4,4,1
23184,134,29,14,16,6
23185,23,3,2,4,0
23186,51,4,7,7,2
23187,48,8,8,11,0
23188,203,33,30,21,1
23189,76,20,11,7,0
23190,133,22,14,10,1
23191,193,33,20,7,4
23192,222,45,36,18,3
23193,80,19,24,16,4
23194,95,32,26,17,7
23196,175,28,25,13,2
23197,136,23,19,8,0
23198,275,50,42,18,1
23199,575,71,45,32,3
23200,362,61,34,18,2
23201,586,74,58,37,6
23202,627,79,39,34,3
23203,871,115,64,41,7
23204,343,46,12,23,3
23205,272,34,24,16,3
23206,724,78,55,31,7
23207,524,67,48,27,5
23208,513,48,35,15,4
23209,839,90,58,36,6
23210,115,28,19,7,0
23211,90,15,9,6,0
23212,112,20,14,8,0
23213,81,20,11,13,0
23214,76,10,7,5,0
23215,121,40,27,15,0
23216,24,9,5,2,1
23217,49,13,13,10,1
23218,25,3,4,1,0
23219,34,9,5,3,1
23220,51,16,9,3,0
23221,73,16,17,8,0
23222,47,10,5,4,0
23223,43,14,9,4,0
23224,44,6,6,2,1
23225,56,5,5,3,1
23226,55,7,4,6,0
23227,68,8,5,5,1
23228,59,7,10,2,1
23229,146,29,27,13,4
23230,164,30,17,17,5
23231,190,25,21,19,2
23232,170,23,24,18,8
23233,114,15,15,10,5
23234,157,41,20,17,0
23235,77,13,8,1,0
23236,219,42,24,10,1
23237,141,14,13,2,0
23238,188,23,17,16,0
23239,117,19,13,13,1
23240,368,59,43,28,0
23241,215,41,21,16,2
23242,150,22,11,12,1
23243,295,42,29,22,1
23244,91,6,6,2,0
23245,525,124,37,37,4
23247,184,43,31,19,0
23249,49,11,5,2,2
23250,65,13,5,5,1
23251,73,16,9,4,1
23252,86,20,12,7,3
23253,27,8,5,5,2
23254,186,35,24,33,6
23255,97,20,9,15,3
23256,225,40,30,30,5
23263,305,65,31,25,5
23264,188,45,23,11,0
23265,181,49,24,16,0
23266,204,54,27,11,1
23267,52,27,11,4,0
23268,46,15,13,5,0
23269,57,15,5,2,0
23270,91,16,13,4,1
23271,44,15,9,9,1
23272,24,8,2,1,0
23273,61,22,8,7,0
23274,65,17,13,7,0
23275,206,44,25,9,1
23280,97,18,11,7,2
23281,70,12,9,2,1
23282,74,14,10,5,1
23283,159,20,17,11,2
23284,495,73,46,32,9
23285,90,23,11,7,1
23286,114,23,14,12,1
23287,103,24,13,9,0
23288,93,19,13,9,1
23289,108,13,13,6,2
23290,132,21,13,6,2
23291,115,12,13,4,2
23292,135,13,11,5,2
23293,320,61,46,42,6
23294,197,34,37,30,4
23295,246,43,35,41,5
23296,212,40,29,40,3
23297,93,24,15,10,0
23298,735,150,71,57,11
23299,85,16,16,5,2
23300,475,87,42,39,6
23301,549,110,51,53,5
23302,136,28,6,21,2
23303,6,0,0,0,0
23304,6,3,0,0,0
23305,8,1,0,0,0
23306,147,28,19,14,3
23307,378,71,42,36,2
23308,231,45,23,16,2
23309,230,31,25,26,3
23310,156,19,27,11,1
23311,195,47,34,8,0
23312,146,23,18,11,0
23313,260,54,42,15,0
23314,76,19,7,4,0
23315,58,9,4,5,0
23316,78,8,6,4,0
23317,58,4,5,4,0
23318,219,50,45,23,0
23319,253,61,42,25,0
23320,205,59,32,25,0
23321,424,86,44,41,10
23322,342,88,46,47,5
23323,186,40,32,22,2
23324,28,5,3,3,0
23325,21,4,2,3,0
23326,41,5,6,3,1
23327,24,4,2,5,0
23328,203,39,28,17,2
23329,172,41,14,14,2
23330,148,32,17,13,0
23331,58,12,10,6,0
23332,183,52,20,24,2
23333,153,38,18,22,1
23334,70,14,10,7,0
23335,52,16,8,6,1
23336,49,5,4,6,1
23337,44,7,7,1,1
23338,68,10,10,3,0
23339,38,6,13,1,0
23340,79,19,12,14,0
23341,72,13,6,8,0
23342,122,14,13,6,2
23343,292,54,28,21,1
23344,446,78,47,30,1
23345,105,16,8,9,0
23346,104,18,13,7,0
23347,60,4,5,2,0
23348,90,19,11,7,0
23349,178,40,30,9,0
23350,172,37,33,13,0
23351,190,38,36,14,0
23352,111,25,21,8,0
23353,164,47,36,14,0
23354,167,55,37,12,0
23355,536,89,75,40,0
23356,334,65,38,34,2
23357,65,17,5,4,0
23358,48,11,4,4,1
23359,57,16,4,0,0
23360,81,18,8,5,0
23365,89,22,16,6,0
23366,94,26,15,10,0
23367,170,37,19,12,0
23368,125,39,14,7,0
23369,61,21,11,5,0
23370,77,22,11,3,0
23371,100,23,10,7,0
23372,68,21,10,6,0
23373,58,16,5,9,0
23374,91,13,8,10,0
23375,62,13,6,8,0
23376,79,21,15,3,0
23377,61,8,9,5,1
23378,104,22,20,10,0
23379,31,9,7,4,0
23380,67,10,10,9,0
23381,49,8,5,5,0
23382,115,30,14,5,0
23388,101,22,9,6,0
23389,159,29,14,10,0
23390,118,18,8,9,0
23391,52,9,5,5,0
23392,47,17,10,9,0
23393,138,26,30,14,0
23394,82,16,19,7,0
23395,122,26,24,13,0
23396,116,21,26,12,0
23397,117,25,19,15,0
23398,43,12,8,3,0
23399,147,22,11,11,0
23400,73,9,7,7,0
23401,47,9,6,8,0
23402,45,4,4,3,0
23403,86,13,7,6,0
23404,99,18,13,6,0
23405,39,11,6,4,0
23406,74,11,5,5,0
23407,86,17,10,6,0
23408,47,5,3,4,0
23409,29,5,3,4,0
23410,10,5,1,2,0
23411,36,4,4,3,0
23412,55,4,4,9,0
23413,39,5,0,1,0
23414,46,5,6,5,0
23415,37,6,2,0,0
23416,13,3,2,0,0
23417,17,3,2,0,0
23418,40,12,5,4,0
23419,38,13,4,7,0
23420,16,7,3,3,0
23421,17,5,4,1,0
23422,17,6,5,3,0
23423,32,10,6,3,0
23424,68,13,15,8,0
23425,30,1,2,2,0
23426,138,22,9,6,0
23427,71,11,12,14,0
23428,23,1,2,0,0
23429,19,0,1,0,0
23430,14,1,2,0,0
23431,53,13,3,3,0
23432,53,8,6,5,0
23433,53,15,11,2,1
23434,83,27,18,8,0
23435,26,12,4,3,0
23436,62,16,7,7,0
23437,72,24,8,7,0
23438,72,9,10,9,0
23439,289,47,40,23,0
23440,4,1,0,0,0
23441,0,3,0,0,0
23442,4,6,0,0,0
23444,47,15,8,6,3
23445,68,12,13,3,0
23446,2,0,0,1,0
23447,2,0,0,2,0
23448,2,0,0,1,0
23449,1,0,0,0,0
23451,37,3,4,2,0
23452,67,6,7,1,0
23453,44,1,5,0,0
23454,40,5,8,0,0
23455,32,2,1,0,0
23456,30,3,2,1,0
23457,25,2,2,1,0
23458,16,8,5,1,0
23459,14,2,3,0,0
23460,31,8,3,1,0
23461,51,25,9,11,0
23462,34,5,2,3,0
23463,5,1,0,1,0
23464,4,1,0,1,0
23465,6,2,6,1,0
23466,14,3,3,1,0
23467,3,2,0,0,0
23468,8,1,0,2,0
23469,42,9,4,8,0
23470,49,12,11,3,0
23471,19,5,2,1,0
23472,24,5,2,0,0
23473,33,6,3,2,0
23474,21,4,3,0,0
23475,19,4,3,0,0
23476,16,0,2,0,0
23477,7,0,0,1,0
23478,9,1,0,0,0
23479,29,8,3,1,0
23480,142,19,11,6,0
23481,23,3,3,1,0
23482,27,5,2,2,0
23483,47,11,6,5,0
23484,14,6,6,0,0
23485,52,17,9,2,0
23486,53,10,4,1,0
23487,27,9,3,3,0
23489,100,29,10,4,0
23490,62,16,9,9,0
23491,46,11,14,6,0
23492,18,4,2,2,0
23493,246,59,43,16,0
23494,132,30,15,2,0
23495,14,8,1,1,0
23496,13,5,3,1,0
23497,142,25,9,3,0
23498,81,10,2,0,0
23499,72,19,5,2,0
23500,61,19,12,1,0
23501,65,13,9,2,0
23502,55,18,11,4,0
23503,230,39,43,25,0
23504,129,31,27,16,0
23505,80,15,11,5,0
23506,109,21,4,3,0
23507,79,22,6,4,0
23508,83,23,11,1,0
23509,43,9,4,1,0
23510,71,22,7,1,0
23511,55,11,15,7,0
23512,30,3,11,6,0
23513,34,12,11,5,0
23514,34,6,15,7,0
23515,35,6,13,6,0
23516,27,3,9,4,0
23517,30,8,8,5,0
23518,25,3,9,5,0
23519,13,2,3,1,0
23520,18,5,5,3,0
23521,20,0,1,1,0
23522,18,1,1,1,0
23523,32,4,1,1,0
23524,39,10,2,0,0
23525,36,5,2,2,0
23526,67,14,8,3,0
23527,35,5,2,2,0
23528,30,2,1,1,0
23529,26,3,1,0,0
23530,54,15,2,4,0
23531,81,7,8,3,0
23532,22,1,0,3,0
23533,24,3,3,1,0
23534,150,21,15,10,0
23535,130,21,10,6,0
23536,51,11,8,4,0
23537,17,1,2,1,0
23538,20,3,1,4,0
23539,24,7,0,4,0
23540,9,0,0,1,0
23541,94,12,11,3,0
23542,56,6,7,1,0
23543,78,5,8,6,0
23544,17,2,0,1,0
23545,66,8,5,5,0
23546,85,21,11,4,0
23547,41,8,6,7,0
23548,30,9,3,1,0
23549,40,7,3,1,0
23550,49,6,3,4,1
23551,74,10,7,9,0
23552,100,10,1,0,0
23553,44,9,8,2,0
23554,37,10,7,2,0
23555,37,6,7,2,0
23556,41,8,5,1,0
23557,22,5,1,1,0
23558,37,8,4,1,0
23559,50,11,11,6,0
23560,17,4,0,0,0
23561,12,1,0,0,0
23562,32,7,0,0,0
23564,32,5,5,0,0
23565,29,1,1,0,0
23566,38,6,3,0,0
23567,14,5,0,0,0
23568,23,2,2,1,0
23569,129,25,18,12,0
23570,173,39,31,5,0
23571,163,29,24,11,0
23574,11,0,1,2,0
23575,19,4,1,0,0
23576,26,4,0,0,0
23578,10,1,0,0,0
23579,18,3,4,1,0
23580,17,4,1,0,0
23581,267,31,12,5,0
23582,209,20,9,3,0
23583,258,40,8,5,0
23597,23,2,5,0,0
23598,41,1,1,0,0
23630,0,1,0,0,0
23660,23,6,1,1,0
23661,17,2,5,0,0
23664,0,0,0,1,0
23681,112,6,2,0,0
23691,34,3,1,0,0
23692,2,0,0,0,0
23694,19,4,1,0,0
23695,33,8,5,0,0
23697,22,2,3,0,0
23702,2,1,0,0,0
23843,1,0,0,0,0
35001G,17,3,5,2,0
35001W,4,0,1,0,0
35004B,40,3,1,3,1
35004C,28,2,5,2,1
35004G,12,0,4,4,0
35004P,1,0,0,0,0
35095A,24,8,1,0,1
35095B,27,10,1,2,1
35241,22,6,0,1,1
35265,5,4,0,1,1
35271S,0,0,0,0,2
35400,4,0,0,0,1
35443,4,1,0,0,0
35471D,80,30,15,19,4
35591T,1,1,1,1,0
35597A,0,0,1,0,0
35597B,0,0,1,0,0
35597D,1,0,1,0,0
35598A,1,0,1,0,0
35598B,19,2,0,1,0
35598C,1,0,0,1,0
35598D,14,7,2,1,0
35599B,14,5,2,2,0
35599D,12,5,2,0,0
35607A,0,0,0,1,0
35607B,3,1,1,2,0
35610A,0,0,0,1,0
35610B,0,0,0,0,1
35610C,0,0,0,0,1
35637A,15,2,4,3,0
35637C,4,0,0,3,0
35638A,0,1,2,2,0
35638B,1,1,0,2,0
35645,0,0,2,0,1
35646,35,2,7,2,0
35647,2,0,0,0,0
35648,45,7,7,3,2
35649,4,2,1,0,0
35650,1,0,0,0,0
35651,25,2,4,2,1
35653,11,1,4,0,1
35809A,33,4,3,1,1
35809B,1,1,0,0,1
35810A,39,6,4,4,1
35810B,14,4,1,2,0
35815P,3,0,0,1,1
35816P,1,0,1,0,0
35817P,1,0,0,1,0
35818B,2,0,1,0,0
35818P,12,1,2,2,1
35819B,15,5,5,2,0
35819P,2,3,0,2,0
35833P,6,2,0,4,0
35909A,1,1,0,1,0
35909B,1,1,0,0,0
35910A,3,0,0,1,0
35910B,2,0,0,1,0
35911A,15,4,3,1,2
35911B,3,0,1,0,0
35912B,12,1,2,2,1
35913B,6,0,1,3,0
35914,14,3,1,0,1
35915B,7,3,0,2,2
35915C,3,2,0,0,3
35916A,1,0,0,1,1
35916B,1,0,0,0,0
35916C,4,0,0,1,0
35920,7,2,0,0,2
35921,10,0,1,0,0
35922,4,4,1,0,1
35923,28,3,6,3,2
35924,22,3,2,3,3
35933,12,0,1,3,0
35953,64,18,4,2,1
35954,23,6,3,2,0
35957,5,1,0,1,0
35958,3,0,0,0,0
35961,108,25,6,14,6
35964,31,5,2,2,0
35965,19,0,2,3,4
35966,2,0,0,0,0
35967,21,2,5,1,0
35968,15,1,2,0,0
35970,225,58,46,19,1
35971,40,5,6,2,3
35972,9,4,2,2,0
37327,32,8,2,2,4
37330,1,0,0,0,0
37333,11,0,0,0,0
37340,35,10,10,8,1
37342,41,10,4,3,6
37343,7,1,0,0,0
37351,0,1,0,0,0
37370,67,32,7,11,3
37379A,1,0,0,0,0
37413,61,11,5,1,3
37423,3,0,0,0,0
37444A,14,2,0,0,0
37444B,3,0,0,0,0
37444C,9,0,0,0,0
37446,103,20,12,15,9
37447,54,10,6,5,1
37448,109,28,8,10,6
37449,81,26,22,15,9
37450,72,17,6,5,3
37461,1,0,0,0,0
37462E,1,3,0,0,0
37464,2,0,0,0,0
37467,4,2,3,1,1
37468,11,1,0,1,0
37471,0,1,0,0,0
37475,16,3,3,7,1
37476,3,2,1,3,0
37479B,9,3,2,3,0
37479P,16,4,1,2,0
37482P,30,3,0,0,4
37487B,1,0,0,0,1
37488A,1,2,0,0,0
37489A,6,0,4,3,2
37489B,5,0,2,2,3
37489C,5,0,1,0,2
37489D,6,1,4,4,2
37491B,1,0,0,0,0
37491C,1,0,0,0,0
37491D,1,0,0,0,0
37495,41,13,11,13,6
37500,56,9,6,5,4
37501,20,4,2,0,3
37509,1,0,0,1,0
40001,28,2,3,1,1
40003,7,0,2,0,2
40005B,0,3,0,0,1
40016,48,9,9,6,3
40046A,5,0,0,1,0
44089A,3,0,1,0,0
44089C,5,0,0,0,1
44091A,2,0,1,0,0
44092B,3,0,2,0,0
44092C,6,0,2,0,0
44228,2,0,0,0,0
44234,9,4,1,3,6
44235,10,2,0,1,3
44236,5,2,0,0,0
44242A,0,1,0,0,0
44242B,2,0,1,0,0
44265,0,0,1,0,0
45013,0,1,0,1,0
46000M,106,9,11,6,2
46000P,3,1,0,0,1
46000R,25,2,7,2,1
46000S,118,19,25,15,5
46000U,20,1,2,1,2
46115B,2,0,0,0,0
46118,15,1,2,0,0
46126A,4,1,0,1,0
46138B,11,0,0,1,0
46775D,8,0,2,2,1
46776A,3,0,2,1,0
46776B,5,0,0,1,1
46776C,4,0,0,2,0
46776D,1,0,1,1,0
46776E,3,0,1,1,0
46776F,6,0,1,1,0
47013A,3,1,0,0,0
47013C,4,2,0,0,1
47016,1,0,0,0,0
47021G,11,2,1,1,0
47310M,39,4,2,3,0
47341A,2,0,1,0,2
47341B,5,4,1,0,1
47343A,7,3,2,1,1
47344B,2,2,0,1,1
47348A,9,1,1,2,2
47351B,6,0,1,2,0
47367B,4,3,2,1,1
47369A,4,1,0,1,0
47369B,3,0,0,0,0
47420,9,4,5,1,0
47421,58,3,2,0,0
47422,50,3,2,0,0
47469,12,5,0,0,0
47471,18,2,1,2,3
47480,41,4,4,5,0
47481,14,4,0,2,0
47503A,98,31,19,17,3
47503H,15,11,4,5,1
47503J,1,0,0,0,0
47504H,63,12,13,1,3
47504K,102,29,22,20,6
47518F,25,2,0,1,0
47556B,0,0,2,0,0
47559B,177,30,22,12,5
47563A,32,5,5,4,0
47566,950,174,115,104,53
47566B,236,34,11,22,14
47567B,90,17,8,11,2
47570B,21,2,0,2,1
47574A,30,8,4,7,3
47574B,1,0,0,1,0
47578A,16,7,3,4,1
47579,0,0,0,0,1
47580,56,7,4,6,5
47585A,18,1,5,2,1
47586A,6,0,1,1,0
47589,3,0,0,0,0
47590A,233,52,36,25,10
47590B,232,50,46,24,11
47591B,6,1,0,1,2
47591D,287,49,32,26,7
47593A,10,0,3,0,0
47593B,70,8,9,5,4
47594A,12,6,3,4,1
47594B,20,3,5,1,1
47599A,93,19,18,8,8
47599B,74,11,10,5,8
48111,124,21,12,11,9
48116,104,17,11,5,5
48129,118,25,17,14,9
48138,356,74,41,28,21
48173C,128,19,16,7,6
48184,256,50,19,20,13
48185,181,22,23,9,9
48187,358,67,59,38,15
48188,184,26,21,16,6
48194,328,71,43,25,17
51008,13,1,2,1,2
51014A,106,31,12,11,1
51014C,75,20,10,6,2
51014L,75,21,5,5,1
51020A,8,4,2,1,3
51020B,8,3,1,1,2
62018,41,3,4,9,2
62043B,2,0,0,2,1
62074B,2,1,0,1,0
62086A,5,3,0,1,4
62094B,3,0,0,0,0
62096A,6,1,1,0,0
62096B,1,0,0,0,0
62097B,0,2,0,0,1
70006,59,7,8,5,2
70007,41,9,6,2,0
71038,34,9,2,1,3
71050,5,0,0,0,1
71053,168,46,20,19,10
71101E,12,6,4,1,0
71143,0,1,0,0,0
71215,0,1,1,0,0
71270,27,6,1,0,1
71279,21,8,0,0,0
71403,10,3,0,1,0
71406C,13,4,2,1,1
71459,269,36,33,25,17
71477,190,40,19,13,6
71495A,1,0,0,1,0
71495B,4,0,0,1,0
71496A,3,0,0,2,0
71496B,1,0,0,3,0
71510,5,2,0,0,1
72024U,0,1,0,2,0
72051S,4,1,0,0,1
72122,26,5,7,5,3
72127,10,8,1,9,2
72128,14,7,5,6,1
72130,12,8,0,3,2
72131,11,3,2,2,1
72132,9,0,2,1,0
72133,6,5,1,1,1
72134,5,2,0,0,1
72140E,4,1,0,2,1
72225C,10,1,3,1,1
72232,39,9,12,3,3
72349B,62,16,11,1,5
72351A,92,23,6,8,10
72351B,108,23,10,7,11
72369A,1,0,1,2,0
72586,21,10,3,4,0
72598,28,5,5,4,1
72709,6,0,0,1,0
72741,135,40,35,21,20
72760B,95,12,12,13,4
72780,12,5,1,0,2
72783,0,2,0,0,0
72798C,2,0,0,0,1
72799C,13,3,2,0,0
72799E,22,13,8,5,2
72799F,10,2,3,4,3
72800B,19,6,7,6,1
72800C,20,3,4,4,1
72800D,19,7,3,1,0
72800E,70,12,12,5,3
72801C,10,3,1,0,0
72801D,10,1,1,0,0
72801G,8,2,1,0,1
72802A,33,14,3,3,4
72802B,42,17,4,10,2
72802C,48,18,6,13,6
72803A,13,18,3,2,5
72807A,27,22,7,6,6
72807B,38,20,8,8,8
72807C,66,19,11,10,6
72811,5,0,0,1,0
72812,4,0,0,0,0
72815,0,1,0,0,0
72816,20,6,1,4,1
72817,68,10,8,10,0
72818,38,5,11,8,3
72819,16,5,5,0,4
72821,2,0,0,2,0
75011,4,6,1,1,0
75013B,5,0,0,2,0
75049L,79,20,2,15,8
75131,5,1,1,3,3
75172,3,1,0,2,2
75178,6,0,0,1,2
77079,0,1,0,0,0
77101A,16,0,1,1,3
78033,5,0,2,0,0
78034B,5,0,1,0,1
78124,8,4,0,5,1
79000,63,8,5,11,10
79026B,9,0,0,0,0
79030D,25,2,1,1,2
79030G,45,4,2,1,1
79051A,23,7,3,3,4
79062D,3,0,0,1,0
79063C,9,2,1,2,0
79063D,7,1,0,3,0
79066K,84,10,8,6,2
79067,13,1,2,1,1
79071B,5,2,1,2,1
79144B,11,2,2,1,0
79144C,6,1,0,0,0
79149B,5,2,1,0,0
79151B,1,1,0,0,0
79157B,1,1,0,0,0
79157V,1,0,1,1,0
79160,36,10,0,5,3
79161A,1,0,0,1,0
79163,26,2,1,2,2
79164,14,3,2,1,1
79190A,25,4,2,2,1
79190B,28,2,2,3,0
79190D,17,2,1,4,1
79191B,17,4,4,0,1
79191C,46,7,3,6,3
79191D,4,0,2,1,0
79192A,0,1,0,1,0
79302M,41,5,1,0,1
79321,425,38,37,16,8
79323B,0,0,0,0,1
79323P,0,0,0,0,1
79329,1,0,0,1,0
79331,2,1,0,0,0
79336,2,1,0,0,0
79337,4,1,0,4,1
79403,6,3,0,1,1
79406,2,2,1,1,0
81950B,8,0,1,1,0
81950V,5,0,0,2,0
81952B,7,0,1,0,1
81952V,19,3,4,0,1
81953B,3,0,2,0,0
81953P,3,0,0,0,0
82001S,86,11,7,2,0
82011A,9,1,0,0,0
82011B,16,2,1,0,0
82011C,14,1,4,0,1
82095,1,2,0,1,0
82482,657,135,42,34,19
82483,391,80,31,13,6
82484,462,70,30,26,18
82486,433,82,25,21,8
82494L,596,123,41,38,22
82551,174,43,19,16,3
82552,207,42,21,22,7
82567,111,25,3,8,4
82578,155,35,15,14,5
82580,276,52,28,24,8
82581,222,43,18,16,4
82582,274,55,21,21,7
82583,306,55,19,19,5
82599,60,16,3,6,2
82600,295,57,22,31,18
82605,2,1,0,0,0
82613A,11,2,0,1,1
82613B,31,8,3,2,2
82613C,25,7,2,3,1
82613D,36,6,4,2,3
82615,1,0,0,0,0
82616B,32,10,3,4,1
82616C,39,7,4,2,0
84006,62,10,3,2,1
84012,56,22,13,4,0
84016,0,0,1,0,0
84029E,233,60,21,10,4
84029G,224,54,24,16,8
84030E,198,45,24,17,3
84031A,38,4,4,3,1
84031B,28,4,3,2,1
84032A,72,17,11,7,1
84032B,89,21,15,8,0
84033,5,1,1,0,0
84050,143,26,13,16,8
84051,12,6,4,2,2
84077,318,71,38,31,15
84078A,73,11,8,11,3
84086B,6,0,0,2,0
84086C,11,5,0,4,1
84192,18,2,1,3,4
84199,15,5,5,5,0
84201B,0,1,1,0,0
84201C,0,1,0,0,0
84206A,1,1,1,0,0
84206B,0,0,0,1,0
84206C,1,0,1,0,0
84212,73,7,5,14,4
84218,21,12,1,1,5
84226,8,1,0,0,0
84227,1,0,0,0,0
84228,13,4,1,1,0
84231,12,5,1,1,0
84247E,10,6,6,2,2
84247G,19,0,0,1,3
84247K,3,3,3,1,0
84247L,6,0,0,1,1
84247N,6,4,5,1,2
84249A,7,2,2,1,1
84251B,6,0,2,5,1
84251C,2,0,0,0,0
84251G,11,2,0,1,1
84279B,35,13,2,6,4
84279P,64,14,10,5,5
84306,1,0,1,0,0
84313B,9,0,1,2,1
84313C,18,1,2,3,0
84341B,19,6,3,2,4
84347,225,62,24,10,6
84352,16,2,0,2,2
84356,31,8,1,5,1
84358,9,1,1,1,0
84360,14,1,0,1,1
84375,296,63,32,25,12
84378,356,68,54,35,19
84380,359,66,46,23,14
84387A,1,0,0,0,0
84388,4,2,0,0,0
84402B,3,0,0,0,0
84406B,175,35,10,17,7
84415A,2,0,0,0,0
84415B,2,0,0,0,0
84422,2,2,0,4,0
84429A,9,2,2,1,1
84452,9,6,1,0,0
84457,12,9,0,2,0
84459A,25,9,12,5,6
84459B,32,12,4,9,4
84461,11,3,0,0,0
84462,5,1,0,0,0
84465,4,3,0,0,0
84466,7,2,0,1,0
84497,3,0,2,0,2
84499,2,0,0,0,0
84507B,12,1,0,0,1
84507C,22,2,1,0,1
84508A,31,1,1,0,2
84508B,21,3,4,1,2
84508C,18,0,1,2,0
84509A,94,15,12,12,6
84509B,40,4,2,2,1
84509C,14,2,5,1,2
84509E,5,2,0,1,0
84509G,31,6,7,0,2
84510A,114,13,12,11,1
84510C,23,3,3,4,1
84510E,4,2,1,2,0
84519A,43,12,2,3,1
84519B,66,18,4,3,2
84520B,31,8,4,5,7
84522,1,2,2,0,1
84527,3,1,0,0,2
84531A,17,5,2,0,2
84531B,16,5,3,0,2
84534B,3,0,0,0,2
84535A,12,6,1,1,0
84535B,65,25,13,3,3
84536A,157,37,17,8,6
84536B,57,21,11,3,8
84539,1,0,0,0,0
84548,0,1,0,1,2
84549,2,0,1,0,0
84550,1,0,0,0,0
84551,0,1,0,0,0
84558A,42,7,5,8,2
84559A,24,8,4,3,3
84559B,27,5,5,4,3
84562A,1,0,1,0,0
84563A,10,1,3,0,0
84563B,16,1,3,0,4
84568,18,0,2,1,3
84569A,18,4,1,1,2
84569B,10,1,1,0,0
84569C,1,0,0,0,0
84569D,25,4,3,0,3
84575A,2,0,0,1,1
84576,8,0,0,1,0
84580,70,21,15,12,5
84581,44,10,7,6,4
84584,10,4,1,2,1
84592,12,3,0,0,2
84593,0,2,0,0,0
84595E,6,0,0,3,0
84596B,287,35,29,23,5
84596E,21,4,3,5,3
84596F,214,34,26,24,6
84596G,133,8,9,11,1
84596J,25,0,1,1,0
84596L,62,10,2,6,0
84597B,3,1,0,1,0
84597C,6,1,3,3,0
84598,4,1,0,0,0
84600,14,3,3,0,0
84609,13,0,2,1,1
84613A,1,1,1,0,0
84613C,0,1,0,0,0
84614A,0,0,0,0,1
84616,3,0,1,2,0
84617,1,0,2,0,0
84620,0,0,0,0,1
84625A,26,2,1,1,1
84625C,20,2,3,1,2
84629,5,4,0,0,1
84631,5,4,0,0,1
84632,3,2,0,0,0
84637,10,1,0,1,1
84638,9,1,1,1,0
84658,10,3,3,2,0
84659A,12,4,0,5,1
84660A,25,6,1,2,2
84660B,20,2,3,4,1
84660C,19,3,3,1,1
84661A,8,2,0,0,1
84661B,9,2,1,0,0
84661C,3,2,0,0,0
84663A,18,1,3,2,1
84665,10,3,2,1,1
84666,4,0,0,0,0
84673A,16,5,0,4,1
84673B,33,3,2,4,0
84674,29,2,8,2,1
84675,1,1,0,0,0
84678,6,2,0,1,1
84679,1,0,1,0,0
84683,4,1,0,0,2
84685,7,0,0,1,1
84686,5,1,2,0,0
84687,15,2,0,2,1
84688,5,1,2,0,0
84689,0,0,1,0,1
84691,4,0,0,0,0
84692,280,40,27,19,9
84705C,1,0,0,0,0
84706D,0,3,0,0,0
84706F,7,2,0,1,0
84707A,17,5,0,2,1
84707B,9,2,0,1,1
84708B,6,5,2,0,1
84709B,5,5,1,0,0
84711A,2,3,1,1,0
84711B,0,6,1,0,1
84712B,7,1,1,1,1
84715,2,0,0,0,1
84723,5,0,0,1,0
84725,10,3,3,2,0
84731,2,0,0,0,0
84732B,2,0,0,0,0
84732D,2,0,0,0,0
84741C,8,0,3,1,2
84743C,1,0,0,0,0
84744,8,2,3,3,2
84745A,2,1,1,0,1
84745B,2,1,1,0,1
84746,1,0,0,0,0
84748,5,5,0,0,1
84750A,0,1,0,0,0
84750B,8,4,0,0,0
84751B,5,2,0,2,0
84754,23,7,4,2,1
84755,347,75,40,49,25
84760S,2,2,0,2,3
84763,33,2,4,6,4
84766,11,1,1,0,1
84773,1,0,0,0,0
84789,30,7,3,3,1
84792,144,13,16,12,8
84795B,25,5,1,5,4
84795C,0,0,0,0,1
84796A,5,2,1,1,1
84796B,15,0,0,1,1
84798A,1,0,0,1,1
84798B,0,1,0,0,1
84799,5,1,0,2,1
84800L,16,4,0,1,1
84800M,8,2,0,0,1
84800S,7,1,1,1,0
84801A,2,0,3,0,0
84801B,1,1,1,0,0
84802A,0,1,0,0,0
84802B,1,0,0,0,0
84803B,2,0,0,0,1
84804A,3,1,3,1,0
84804B,4,0,2,0,0
84805A,2,1,0,0,0
84805B,3,0,0,0,0
84806A,6,2,1,1,1
84806B,11,3,2,1,2
84809A,3,1,0,0,1
84809B,1,0,0,0,0
84813,13,1,3,3,2
84816,7,1,1,1,0
84817,30,13,5,6,2
84818,65,17,6,5,7
84819,42,7,3,5,5
84820,20,3,3,4,2
84821,27,4,5,2,4
84823,15,4,0,3,3
84824,1,1,0,0,0
84826,16,12,2,4,1
84827,13,3,0,2,0
84828,85,16,12,3,1
84832,130,30,14,14,4
84836,316,68,50,44,13
84840,2,0,0,0,1
84842,5,3,0,1,0
84843,24,7,3,6,2
84846A,8,0,1,1,1
84847,7,4,1,0,0
84849A,19,6,3,1,2
84849B,45,7,2,1,2
84849D,79,13,1,7,3
84854,1,0,0,0,0
84857B,1,0,0,0,0
84857C,5,0,2,1,0
84858C,3,1,0,0,1
84859A,20,3,5,1,2
84859B,7,2,1,1,0
84859C,12,3,3,2,1
84865,10,0,1,1,0
84870B,5,2,1,1,1
84870C,5,2,1,0,2
84872A,3,0,0,0,0
84873A,2,0,0,0,0
84874B,5,0,1,0,1
84875B,9,0,2,3,1
84875D,4,0,2,1,1
84876B,12,4,3,3,1
84876D,6,2,3,0,2
84877A,1,0,0,0,0
84877B,3,4,2,0,0
84877D,2,3,4,2,1
84879,918,207,131,108,44
84880,50,9,5,4,0
84881,3,2,0,0,0
84882,12,2,0,1,0
84884A,43,9,6,1,5
84898F,15,3,0,0,0
84905,1,0,1,0,0
84906,6,2,0,0,2
84907,1,0,0,0,2
84910A,2,3,0,0,1
84912A,26,1,4,5,2
84912B,40,2,3,4,0
84913A,5,1,2,2,0
84913B,10,4,4,2,0
84915,9,0,2,0,0
84916,10,2,4,2,0
84917,9,0,2,3,0
84919,6,0,1,0,2
84920,15,6,1,0,5
84921,3,1,0,1,0
84922,2,2,0,1,0
84924A,11,6,1,6,0
84924F,2,1,0,0,0
84925D,7,2,0,0,1
84925F,11,3,0,1,0
84926A,16,4,6,4,1
84926D,21,6,2,3,0
84926E,23,6,5,3,1
84926F,15,4,2,1,1
84927A,12,0,1,0,1
84927D,10,0,1,0,1
84927E,8,2,1,1,0
84927F,22,11,3,4,2
84929,37,13,8,4,0
84931A,15,5,0,1,2
84931B,18,3,2,3,1
84944,52,13,5,1,2
84945,201,33,37,33,8
84946,451,89,67,48,34
84947,171,62,30,16,13
84949,161,42,23,17,11
84950,60,9,14,5,1
84951A,20,7,3,1,3
84951B,24,3,3,0,2
84952A,4,0,2,0,0
84952B,10,1,2,0,0
84952C,7,2,1,0,0
84963A,1,0,0,0,0
84963B,1,0,0,0,0
84968A,36,6,1,3,3
84968B,2,0,0,0,0
84968C,28,7,4,7,2
84968D,20,6,1,2,2
84968E,18,1,1,1,1
84968F,19,4,0,5,2
84969,55,5,9,3,1
84970L,238,41,29,20,10
84970S,291,57,25,28,14
84971S,79,17,3,11,7
84974,8,8,6,5,2
84975,1,0,0,1,0
84976,23,3,3,0,0
84978,402,64,52,38,25
84984A,5,0,0,1,0
84984B,4,0,0,1,0
84984D,3,0,0,1,0
84985A,11,2,3,2,2
84987,147,31,25,26,13
84988,206,39,28,22,14
84989A,13,1,3,1,0
84990,2,0,0,0,0
84991,490,79,44,56,22
84992,380,63,42,31,15
84993A,21,4,5,3,0
84993B,10,1,3,2,1
84997A,172,29,19,9,5
84997B,249,41,25,8,7
84997C,220,37,33,13,6
84997D,309,49,40,21,10
85006,5,2,1,0,1
85008,5,0,1,0,1
85014A,185,29,24,12,7
85014B,219,32,23,22,10
85015,54,18,18,19,6
85016,15,3,2,3,2
85017A,1,2,0,0,0
85017B,37,19,6,8,5
85017C,5,1,1,4,1
85018D,6,0,0,0,1
85019A,17,3,2,4,2
85019B,17,2,1,4,1
85019C,5,0,0,4,1
85020,9,4,0,2,1
85023B,7,4,0,1,0
85024B,6,4,1,1,0
85024C,3,4,2,0,0
85025B,13,6,1,2,0
85025C,15,6,6,2,1
85026B,2,4,1,0,2
85027L,12,4,0,0,2
85028L,4,0,0,0,0
85028S,6,0,0,1,1
85030,3,2,0,0,1
85031A,3,2,0,0,2
85031B,1,0,0,0,0
85031C,0,1,0,0,0
85032A,60,14,14,6,3
85032B,62,13,11,3,5
85032C,55,20,5,3,4
85032D,30,9,9,6,5
85034A,48,9,9,8,2
85034B,53,14,15,10,2
85034C,89,24,19,5,5
85035A,37,15,11,9,5
85035B,25,5,5,7,2
85035C,63,23,14,10,4
85036A,25,15,5,10,7
85036B,25,8,5,5,2
85036C,44,14,13,11,2
85038,80,18,9,4,6
85039A,27,4,8,1,2
85039B,30,8,6,4,4
85039C,10,1,1,0,0
85040A,83,20,17,9,3
85040B,24,4,3,3,1
85045,6,1,3,0,0
85047,1,0,0,1,0
85048,129,42,23,16,6
85049A,175,45,30,18,6
85049B,8,2,0,2,1
85049C,136,30,23,17,6
85049D,71,14,8,10,3
85049E,226,59,33,22,7
85049F,56,15,8,7,2
85049G,170,30,20,16,8
85049H,50,11,11,4,1
85053,167,45,14,14,6
85054,65,13,5,7,0
85055,7,0,1,2,0
85059,46,15,10,7,2
85061W,77,18,13,10,3
85062,93,19,9,10,4
85064,22,0,0,0,1
85066,298,72,27,39,19
85067,3,0,0,1,1
85071A,63,13,6,10,0
85071B,69,21,8,12,0
85071C,48,13,5,7,0
85071D,44,14,3,5,0
85078,46,8,6,4,1
85084,4,0,0,0,2
85086A,6,1,1,0,0
85087,5,1,1,0,0
85088,16,2,1,2,0
85089,1,1,0,4,0
85092,0,1,1,0,0
85093,14,4,1,1,1
85094,20,3,4,4,0
85095,8,1,0,0,1
85096,7,1,1,2,1
85099B,1256,168,100,64,30
85099C,493,82,30,33,21
85099F,513,59,51,30,11
85103,5,1,0,0,0
85104,10,3,0,1,0
85106,4,2,1,0,3
85107,15,9,4,0,1
85109,0,1,0,0,0
85111,31,14,4,4,1
85114A,34,1,5,2,0
85114B,36,5,6,4,1
85114C,50,6,1,4,2
85116,25,4,3,2,4
85118,5,0,1,0,0
85123A,1349,275,188,138,85
85124B,15,6,4,3,1
85124C,17,4,3,3,4
85125,14,4,0,1,0
85127,13,3,4,0,0
85129B,12,1,1,2,0
85129C,9,3,0,0,0
85129D,29,3,1,1,1
85130A,6,1,0,1,2
85130B,36,7,3,3,1
85130C,27,8,8,1,1
85130D,26,13,10,2,1
85131A,17,6,1,0,1
85131B,11,2,0,0,0
85131C,7,4,0,0,0
85131D,9,2,1,0,0
85132A,41,4,3,2,2
85132B,44,3,4,5,4
85132C,89,12,10,13,3
85135A,3,1,0,2,0
85135B,20,5,4,4,2
85135C,29,12,5,3,1
85136A,19,9,5,5,1
85136B,2,0,0,0,0
85136C,17,5,1,1,1
85141,21,8,6,2,5
85144,23,9,8,4,0
85145,7,4,1,1,1
85146,5,2,0,2,0
85150,265,54,21,19,10
85152,429,86,32,38,11
85159A,28,9,2,0,6
85159B,44,8,3,1,3
85160B,11,3,0,1,1
85161,6,1,1,1,0
85163A,14,0,4,0,0
85163B,11,0,2,0,1
85167B,4,1,1,0,1
85168B,5,0,2,0,0
85169A,33,5,4,6,1
85169B,21,1,2,0,1
85169C,17,3,1,0,0
85169D,16,2,1,3,0
85170A,0,0,1,0,0
85170B,18,3,2,0,0
85170C,19,6,0,3,1
85170D,42,5,0,3,1
85172,24,9,7,3,1
85173,30,6,5,7,2
85174,53,16,6,6,3
85175,88,21,8,9,5
85176,55,10,5,5,0
85177,23,11,5,4,0
85178,61,15,9,12,3
85179A,10,3,3,1,0
85179C,4,1,2,0,0
85180A,29,2,4,1,2
85180B,12,3,3,2,1
85183A,60,15,6,2,0
85183B,77,19,6,5,0
85184C,84,26,12,10,8
85185B,44,16,4,3,1
85185D,5,3,0,0,0
85186A,21,8,3,6,1
85186C,18,8,1,4,3
85187,32,12,4,8,4
85188A,24,7,1,2,0
85188B,5,2,0,1,0
85189,2,2,0,0,0
85194L,36,7,1,5,8
85194S,32,10,3,4,6
85195,2,0,0,0,1
85197,13,4,1,0,1
85198,2,1,0,2,1
85199L,49,8,4,2,2
85199S,124,18,13,10,5
85200,14,10,0,1,2
85202,32,9,2,2,4
85203,35,7,4,5,4
85204,29,5,2,4,4
85205B,15,4,4,2,0
85206A,62,17,15,6,6
85206B,4,0,0,0,0
85208,17,1,3,3,1
85211,7,6,4,0,2
85212,41,14,9,3,6
85213,17,2,1,2,3
85214,29,4,3,6,1
85215,4,1,0,2,1
85216,6,1,0,1,0
85224,0,1,0,0,0
85225,1,0,1,0,1
85227,91,28,25,11,4
85230A,14,3,0,0,1
85230B,28,2,6,2,0
85230E,18,4,0,1,1
85230F,7,3,1,0,1
85230G,19,3,2,0,1
85231B,86,9,4,9,3
85231G,50,8,3,4,2
85232A,16,4,2,1,2
85232B,7,0,0,0,3
85232D,39,9,2,3,1
90000A,3,0,1,2,0
90000B,0,0,0,2,0
90000D,2,0,0,2,0
90001A,0,0,0,1,0
90001B,1,0,0,1,0
90001C,0,1,0,1,0
90001D,1,0,0,2,0
90002D,2,2,1,0,1
90003B,2,0,0,0,1
90003C,3,0,1,0,1
90003D,3,3,0,0,1
90003E,2,0,0,0,0
90010A,1,2,1,0,1
90010B,1,1,0,0,1
90010E,3,2,0,1,1
90011A,1,0,0,0,0
90011B,1,1,0,0,0
90012A,1,0,0,1,0
90012B,2,0,0,0,0
90013A,2,1,0,0,0
90013C,2,1,1,0,0
90014A,4,2,2,2,0
90014B,4,2,0,2,0
90014C,3,0,0,0,0
90016A,3,0,0,1,0
90016B,4,1,1,2,0
90018A,4,2,0,3,0
90018B,3,0,0,2,0
90018C,3,0,0,0,0
90019A,2,2,1,3,1
90019B,0,1,0,1,0
90019C,3,0,0,0,0
90021,0,0,0,1,0
90022,3,0,0,0,1
90023,3,0,0,1,0
90024B,2,0,0,0,0
90024C,0,0,0,1,0
90024D,0,1,0,0,0
90024F,0,0,0,1,0
90025A,0,0,0,2,0
90025F,0,1,0,0,0
90026A,0,0,0,1,0
90026B,1,0,0,1,0
90026C,1,0,0,1,0
90026D,2,0,0,1,0
90027A,0,0,0,0,1
90027D,0,0,0,0,1
90028,0,0,1,0,0
90029,0,1,0,1,0
90030A,5,0,1,1,0
90030B,11,2,1,1,0
90030C,7,0,0,1,0
90031,4,0,0,1,0
90032,5,0,1,0,0
90033,1,0,0,0,0
90035A,0,0,0,2,0
90035C,0,1,0,0,0
90036A,2,1,0,1,0
90036B,0,1,0,1,0
90036C,2,0,0,0,0
90036D,1,2,0,1,0
90036E,4,1,0,0,0
90036F,0,1,0,0,0
90037B,1,0,0,0,0
90038A,1,0,0,0,0
90038B,1,0,0,0,0
90038C,1,0,0,0,0
90039A,0,0,0,1,0
90039B,0,0,0,1,0
90039C,0,1,0,0,0
90039D,0,1,0,1,0
90040A,1,0,0,0,1
90040B,0,0,0,0,2
90040C,2,0,1,0,0
90041,0,1,0,0,0
90042A,0,0,0,2,0
90043,2,0,0,0,0
90046,1,0,0,0,0
90048,1,0,0,0,0
90049,3,0,0,0,0
90050,1,0,0,1,0
90051,0,0,0,3,0
90054,0,0,0,1,0
90055,0,1,0,0,0
90057,19,1,2,0,0
90058A,2,3,0,0,2
90058B,9,3,1,0,2
90059A,1,0,0,0,0
90059B,2,0,0,0,1
90059C,2,0,0,0,1
90059D,1,0,0,0,0
90059E,2,0,0,0,1
90059F,3,0,0,0,0
90060B,0,0,0,1,0
90060D,2,0,0,1,0
90062,2,3,0,1,0
90063A,2,1,2,2,0
90063B,2,1,0,2,0
90064A,1,1,0,1,0
90064B,1,2,0,3,0
90065A,2,0,0,2,0
90065B,1,0,0,0,0
90067A,2,0,0,0,1
90069,1,0,0,0,0
90070,0,1,1,0,1
90071,0,0,0,1,0
90072,3,0,0,0,0
90073,3,0,0,1,0
90074,0,0,1,0,0
90076,1,0,0,0,0
90078,1,0,0,0,0
90079,0,0,0,2,0
90081A,7,0,0,0,1
90081C,6,0,0,0,0
90082A,8,0,1,0,1
90082B,8,0,0,3,1
90082D,2,0,0,2,1
90083,3,0,1,0,0
90084,1,0,0,0,0
90085,2,0,0,0,0
90086,11,0,0,0,0
90087,8,0,0,0,0
90089,1,0,2,0,0
90093,4,0,2,0,0
90094,4,2,3,0,3
90096,2,0,1,0,0
90098,5,2,2,0,0
90099,7,1,3,2,0
90100,1,0,0,0,0
90101,3,0,0,0,1
90102,1,0,0,0,0
90103,2,0,0,0,0
90104,1,0,0,0,0
90108,5,1,0,0,0
90114,4,3,3,0,1
90116,2,1,0,0,0
90118,1,0,0,0,0
90119,16,0,0,0,0
90120B,2,2,1,0,0
90120C,4,1,1,0,1
90120D,1,1,0,0,0
90122A,2,1,0,0,0
90122B,0,1,0,0,0
90122C,3,2,0,0,0
90123A,3,3,0,1,1
90123B,2,2,0,0,0
90123C,2,1,0,1,1
90123D,1,1,0,0,0
90124A,1,2,1,0,0
90124B,0,2,0,0,1
90124C,3,1,0,0,0
90125A,5,0,0,1,0
90125B,2,0,0,1,0
90125C,2,0,0,1,0
90125D,3,1,0,1,0
90125E,0,0,0,1,0
90128B,0,1,0,0,0
90129A,3,0,0,0,0
90129B,4,0,2,0,0
90129C,3,0,2,0,1
90129D,1,0,1,0,0
90129E,1,0,0,0,0
90129F,1,0,3,0,1
90130A,1,0,0,0,0
90130B,1,1,1,0,0
90131,0,1,0,0,0
90133,1,0,1,1,0
90135,0,0,0,1,0
90136,0,0,0,2,0
90138,0,0,0,1,0
90141A,1,0,0,0,1
90141B,1,0,0,1,0
90141C,1,0,0,0,1
90141D,1,0,0,0,0
90141E,1,0,0,0,0
90142D,1,1,0,1,0
90143,2,1,0,4,1
90144,2,0,0,1,0
90145,8,1,1,0,1
90146,3,0,0,0,0
90147,7,2,1,2,0
90148,2,0,0,3,1
90149,3,0,0,0,0
90151,2,2,0,0,0
90152A,3,0,0,0,0
90152B,0,1,0,0,0
90152C,1,0,0,0,0
90154,3,1,0,1,0
90155,3,0,1,0,0
90156,1,0,1,0,0
90157,0,0,1,1,0
90158,2,1,1,2,0
90159,1,0,0,1,0
90160A,5,2,0,2,2
90160B,5,1,0,1,1
90160C,8,4,1,2,1
90160D,4,0,1,3,1
90161A,2,2,1,1,0
90161B,7,1,3,1,0
90161C,6,3,4,2,0
90161D,5,1,2,1,0
90162A,1,0,0,0,0
90162B,8,0,1,1,0
90162C,6,0,1,0,0
90162D,4,0,1,0,0
90163A,0,0,1,1,0
90163B,0,0,0,1,0
90164A,4,1,0,1,0
90164B,4,1,0,2,0
90165B,1,0,0,0,0
90166,6,1,1,0,0
90167,1,0,0,0,0
90168,1,0,0,0,0
90169,1,0,0,0,0
90170,4,2,0,0,0
90173,1,1,0,0,1
90174,2,1,0,0,1
90175A,2,4,2,0,0
90175C,1,3,1,0,1
90175D,0,2,0,0,0
90176A,1,0,0,0,0
90176B,1,0,0,0,0
90176C,1,0,0,0,0
90176D,3,0,0,1,0
90176E,1,0,0,1,0
90177A,1,0,0,0,0
90177B,1,0,0,1,0
90177C,1,0,0,1,1
90177D,4,0,0,2,0
90177E,1,0,0,0,0
90178A,1,1,2,1,1
90178B,0,1,0,0,0
90179A,1,0,0,1,0
90179C,1,0,0,0,0
90180A,1,2,1,0,1
90180B,2,0,0,0,1
90181A,1,0,0,0,0
90182C,1,0,0,0,0
90183A,3,1,0,1,0
90183C,0,0,0,0,1
90184A,2,1,0,1,0
90184B,5,1,3,0,2
90184C,3,1,1,1,1
90185A,3,0,0,1,1
90185B,1,0,0,1,1
90185C,2,0,0,1,2
90185D,3,2,1,2,0
90186A,2,0,0,0,2
90186B,2,2,1,0,1
90187B,0,0,0,1,0
90188,1,0,0,2,0
90189A,1,0,0,1,0
90190A,0,0,0,1,0
90190B,0,0,0,1,0
90190C,2,0,1,0,1
90191,3,0,2,2,0
90192,6,2,0,0,0
90194,3,0,1,2,0
90195A,4,1,0,1,1
90195B,1,1,0,0,1
90196A,2,1,1,0,1
90196B,3,1,0,0,0
90197B,0,1,0,0,0
90198A,5,3,1,0,1
90198B,4,5,2,0,0
90199A,1,1,0,0,1
90199B,1,0,0,0,0
90199C,1,1,2,3,3
90199D,0,1,0,1,0
90200A,9,3,2,0,2
90200B,16,3,2,1,2
90200C,5,1,0,0,1
90200D,15,5,2,1,2
90200E,13,3,1,1,0
90201A,7,1,1,2,0
90201B,5,2,0,2,1
90201C,8,1,0,3,0
90201D,6,0,1,2,0
90202A,1,0,0,0,0
90202B,1,1,0,0,0
90202C,1,1,0,0,0
90202D,2,0,0,0,0
90204,4,2,0,0,2
90205A,3,1,1,1,0
90205C,2,0,0,1,0
90206A,2,0,1,0,0
90206C,4,2,1,1,0
90208,3,1,0,0,0
90209A,4,0,0,0,0
90209B,7,4,0,2,0
90209C,8,4,0,0,0
90210A,3,0,0,0,0
90210B,3,1,1,0,1
90210C,5,0,0,0,0
90210D,5,0,0,0,0
90211A,2,0,0,0,1
90211B,1,0,0,0,1
90212B,0,0,1,0,0
90212C,1,0,1,0,0
90214A,13,0,1,0,0
90214B,1,0,1,0,0
90214C,8,0,1,0,0
90214D,6,0,1,0,0
90214E,7,0,1,0,0
90214F,1,0,1,0,0
90214G,5,0,2,0,0
90214H,5,0,1,0,0
90214I,2,0,1,0,0
90214J,4,0,1,0,0
90214K,11,0,1,0,0
90214L,4,0,1,0,0
90214M,4,0,1,0,0
90214N,4,0,1,0,0
90214O,0,0,1,0,0
90214P,5,0,1,0,0
90214R,3,0,1,0,0
90214S,4,0,2,0,0
90214T,0,0,1,0,0
90214U,0,0,1,0,0
90214V,2,0,1,0,0
90214W,0,0,1,0,0
90214Y,1,0,2,0,0
90214Z,0,0,1,0,0
