33,8,4,2,2
14,5,2,0,0
18,7,1,2,2
0,1,0,0,2
3,0,0,1,1
2,1,0,1,0
41,8,7,4,4
68,25,12,10,9
64,25,11,10,11
35,20,5,2,2
6,3,1,1,2
50,16,13,4,8
199,64,26,15,21
37,15,7,2,10
52,10,6,5,6
27,8,3,3,7
36,10,4,6,5
47,6,9,5,7
203,41,24,10,13
262,59,22,19,20
88,26,11,7,5
26,13,4,4,4
25,7,4,2,3
19,6,1,1,3
53,25,7,4,6
39,20,8,3,0
1,1,1,0,0
25,11,4,1,6
18,11,4,3,1
27,12,8,3,4
9,2,8,1,4
36,11,6,5,7
2,0,0,0,0
4,0,0,0,0
1,0,0,0,1
33,16,10,9,1
7,5,2,2,0
23,11,7,5,3
3,2,0,0,0
4,2,0,0,0
20,6,5,2,0
2,1,0,0,0
10,4,2,1,1
95,36,17,14,5
11,5,1,3,2
1,0,0,0,0
142,57,23,13,14
92,25,8,3,6
4,1,0,0,1
5,1,1,0,0
12,6,0,1,1
81,36,13,17,3
5,1,1,1,0
11,8,4,0,3
1,0,0,0,0
1,0,1,0,0
1,0,0,0,1
2,0,0,0,0
1,2,0,0,0
1,1,0,0,0
5,0,0,0,0
1,1,1,0,0
20,11,5,2,3
27,14,4,4,1
26,12,9,0,0
42,21,9,2,3
45,24,2,5,5
41,16,8,5,3
85,46,22,6,10
44,16,12,3,5
1,1,0,0,0
1,4,1,1,0
5,3,0,1,0
23,7,6,1,1
14,10,2,1,4
0,0,0,0,1
120,42,19,16,12
1,0,1,0,0
4,2,0,0,0
14,6,2,2,1
20,9,4,1,2
22,13,4,3,2
25,14,5,1,1
1,1,0,2,0
23,13,3,2,1
7,2,0,0,2
2,1,1,1,2
32,12,5,4,4
0,0,0,0,1
10,4,1,2,2
2,3,1,0,1
2,2,1,0,3
18,9,1,1,3
6,2,1,1,3
15,3,2,7,0
4,3,1,1,1
10,1,1,0,1
13,9,0,0,4
56,20,7,2,6
8,1,0,3,1
22,12,8,2,3
2,3,0,0,0
13,3,2,1,0
7,6,3,2,2
4,3,1,2,0
1,2,3,1,0
3,0,0,0,0
0,2,0,0,0
8,6,3,1,0
10,3,0,1,1
0,0,0,1,3
28,14,3,10,1
25,2,7,3,1
23,6,5,0,1
14,9,1,0,1
17,7,2,0,0
20,4,2,1,1
17,2,2,0,1
21,6,4,0,2
19,7,6,2,2
2,3,1,0,0
17,3,1,3,0
27,4,2,0,1
12,3,3,3,1
37,12,4,2,7
22,4,4,1,1
4,1,0,0,0
4,0,0,1,0
3,0,0,0,0
0,1,2,0,0
41,17,5,4,6
1,0,1,0,2
0,1,0,0,0
118,39,17,11,3
24,9,5,4,5
3,1,2,0,0
1,1,0,0,0
95,29,13,10,5
139,44,26,11,6
199,55,26,13,11
142,40,24,10,8
1,0,0,0,0
172,52,25,9,13
20,8,3,2,1
124,35,9,7,8
22,6,3,0,2
396,91,55,18,19
40,14,3,5,3
7,2,1,0,1
1,0,1,1,1
7,1,1,0,1
9,0,1,1,0
7,0,1,0,0
3,5,2,0,1
2,1,1,0,0
1,2,0,0,0
28,7,3,1,2
1,0,0,0,0
21,9,4,1,4
14,6,4,0,4
22,4,0,2,3
176,41,12,8,10
375,64,30,15,13
334,58,12,8,9
19,8,4,0,4
143,56,21,7,9
252,82,18,20,18
402,80,27,21,16
362,86,21,20,11
535,116,40,42,18
985,204,63,41,24
600,156,49,22,15
794,192,55,42,22
666,188,72,32,31
4,2,2,0,0
33,10,2,3,1
23,5,1,0,1
14,6,8,1,1
210,74,36,24,24
202,82,40,27,16
106,41,23,14,13
66,31,11,6,3
158,44,18,12,11
29,13,3,3,3
11,3,1,6,1
17,7,2,6,1
17,14,2,8,3
10,6,1,3,0
9,8,1,3,1
24,15,5,3,8
25,14,4,5,3
15,7,2,1,0
31,21,2,5,3
22,19,5,4,3
17,20,8,3,2
27,24,3,5,2
20,11,4,2,0
18,7,0,1,0
8,13,2,4,2
18,6,3,1,0
26,11,5,0,4
11,11,1,0,1
11,7,4,0,1
6,13,0,2,1
13,18,2,2,1
6,1,1,0,0
13,4,0,1,1
10,10,0,0,3
13,3,1,0,1
3,0,0,2,0
0,1,2,0,1
13,1,0,0,2
6,2,0,0,0
3,4,1,0,0
3,0,0,0,2
39,6,3,0,7
25,12,1,2,4
21,7,2,0,2
0,0,2,0,0
1,1,0,0,0
7,4,2,0,3
1,1,0,0,0
2,2,1,0,0
5,2,0,1,0
6,1,0,1,0
2,0,0,0,0
90,29,21,25,21
106,31,16,8,8
13,7,0,0,0
20,2,2,0,0
34,11,9,1,2
6,0,1,0,0
8,8,0,0,1
8,3,2,1,1
20,7,3,2,1
20,21,3,3,2
25,14,0,3,2
8,1,0,1,1
37,16,3,4,4
6,5,1,1,1
4,3,0,1,0
3,3,1,0,0
9,5,1,1,2
14,8,0,3,2
4,3,0,1,0
1,0,0,1,0
23,7,2,4,2
16,3,3,1,2
14,10,4,2,1
8,4,5,1,0
4,1,2,0,1
46,14,5,7,7
0,0,1,0,0
12,6,0,1,1
6,0,1,1,1
2,2,2,0,2
2,2,0,0,1
3,0,0,0,0
3,1,0,0,2
4,3,0,0,3
1,1,0,0,0
2,1,0,0,0
499,160,52,48,25
13,14,5,1,4
10,6,2,1,3
4,3,1,1,0
9,5,1,1,4
2,1,1,0,0
17,4,3,2,0
9,4,0,2,3
32,14,9,4,2
72,38,8,6,6
73,29,14,4,6
1,0,0,0,0
24,7,5,2,3
44,17,6,4,5
165,62,17,8,7
149,52,17,8,6
287,102,39,26,14
314,146,43,27,20
180,67,25,13,6
178,66,27,19,13
195,54,35,20,11
88,28,13,8,8
102,51,16,7,9
142,44,23,14,11
6,1,1,0,3
99,68,23,12,9
101,74,25,15,7
120,81,21,18,10
87,45,18,16,10
58,11,20,2,5
38,9,9,3,4
156,57,20,16,12
112,44,20,9,3
4,0,0,1,0
12,10,1,3,2
6,6,3,2,0
3,4,2,4,0
2,0,2,1,0
4,2,0,0,0
1,1,0,0,0
47,21,9,5,1
38,14,11,3,4
36,12,10,9,1
4,0,0,0,1
10,2,1,1,2
13,5,3,3,1
11,5,1,0,2
18,1,0,1,1
13,4,2,2,2
7,2,2,0,0
8,2,2,3,1
73,24,3,5,4
432,251,124,74,71
145,44,17,8,11
13,5,4,0,1
50,18,4,1,4
5,2,1,0,0
94,26,8,8,10
71,23,8,2,5
29,17,2,1,9
11,4,1,2,6
12,9,2,3,1
38,28,11,6,1
41,11,7,4,3
64,12,9,2,5
39,23,8,3,4
32,14,3,2,2
31,9,5,5,2
40,10,6,3,3
50,18,6,5,2
24,20,5,5,6
19,12,5,1,7
29,7,3,0,3
29,7,2,0,6
77,33,7,3,6
40,6,4,0,2
53,12,10,3,1
59,31,7,6,7
117,48,15,8,17
488,144,57,32,32
56,23,13,10,4
210,44,27,9,6
7,2,0,1,0
43,12,11,4,4
13,3,4,2,2
70,20,14,9,6
229,51,28,11,9
6,2,0,1,0
46,8,8,4,4
115,41,15,6,7
5,2,1,0,0
8,11,6,2,8
25,17,11,5,8
77,66,28,13,13
38,21,7,0,7
35,22,9,3,11
24,12,7,3,6
21,17,3,2,3
61,32,19,10,11
83,20,12,8,10
72,22,18,2,4
7,4,5,1,0
216,66,31,17,14
184,69,28,14,20
72,15,7,3,5
128,54,26,10,14
37,15,13,4,2
32,19,7,3,8
12,1,1,1,1
14,3,1,0,2
13,3,0,0,1
13,1,0,1,1
86,39,19,9,15
164,97,41,26,34
214,66,23,6,8
14,5,7,1,2
1,0,5,1,1
16,1,0,2,3
172,51,21,15,9
256,54,20,18,13
185,63,20,16,10
9,2,2,0,2
94,39,14,5,3
71,26,7,3,2
24,7,4,1,1
85,37,10,6,2
69,28,10,7,5
147,61,12,12,18
246,77,11,14,19
373,154,39,26,21
12,9,1,2,1
210,95,20,15,16
39,13,3,2,3
243,68,37,19,16
226,88,23,21,22
433,168,44,30,26
104,44,13,4,9
450,158,36,28,41
20,7,1,2,5
21,5,3,4,1
13,10,0,1,5
3,0,4,0,0
21,12,4,2,5
25,9,5,1,3
21,15,3,3,1
18,4,0,1,1
8,1,1,0,0
6,3,2,1,1
32,9,7,0,3
31,7,5,3,3
20,11,4,3,1
53,5,7,6,4
13,3,2,3,0
28,13,4,4,2
31,7,6,5,2
54,13,4,4,2
45,21,9,9,2
28,19,5,2,3
31,17,3,2,4
228,69,27,25,19
37,19,5,3,4
658,213,91,58,48
315,109,47,24,16
43,16,3,1,3
156,61,13,14,6
163,54,24,7,10
141,32,14,10,9
28,11,3,0,1
31,5,3,0,3
14,5,2,0,3
25,11,1,0,1
55,18,6,1,3
0,3,0,2,0
0,1,0,0,1
254,69,22,21,20
360,127,41,32,33
187,47,20,16,10
132,40,15,9,8
138,45,17,12,7
142,42,20,11,10
100,23,14,6,6
89,31,15,6,7
61,24,8,7,3
24,5,2,1,7
27,13,8,1,3
47,13,9,6,4
8,4,2,1,2
18,11,1,3,2
12,1,1,2,1
97,24,10,12,11
81,13,3,5,4
166,38,12,11,12
96,27,8,9,10
16,6,2,1,2
26,16,5,3,2
25,12,0,1,1
26,14,2,0,1
9,5,1,0,1
0,0,1,0,0
7,5,1,4,1
5,2,4,0,2
42,12,1,6,5
6,1,0,2,0
10,4,2,3,1
7,1,0,1,0
7,3,2,0,0
6,3,2,1,0
2,2,1,0,1
19,4,1,0,2
27,4,1,1,0
15,0,2,0,1
24,16,9,3,2
15,11,9,4,3
6,10,2,0,1
18,14,2,4,2
11,8,3,2,2
16,1,1,1,0
30,18,7,1,4
16,10,4,7,0
8,1,2,2,0
0,0,0,1,0
29,13,3,3,0
77,26,12,9,7
193,79,30,13,31
6,1,1,1,1
14,5,7,0,2
25,9,2,2,4
8,1,2,0,1
8,0,1,0,3
5,10,1,1,3
157,70,29,17,14
79,32,22,9,6
102,50,25,11,6
93,47,18,6,8
3,1,1,2,0
5,1,1,0,1
11,3,0,0,1
3,0,0,0,0
154,54,20,17,19
3,1,0,1,0
3,0,1,0,1
1,1,3,1,1
18,8,4,1,2
17,9,3,6,2
44,15,6,2,3
59,26,15,5,9
33,13,7,0,2
5,3,3,0,0
26,18,5,8,3
18,2,1,2,4
7,1,2,0,4
32,13,1,3,5
59,15,2,7,12
10,3,4,1,3
19,12,7,6,0
4,2,1,2,2
17,7,7,4,0
16,6,6,3,0
4,7,1,1,0
4,2,1,1,0
19,7,2,2,2
13,4,5,2,1
18,18,6,1,2
15,11,5,7,2
7,2,2,1,0
9,2,2,1,1
9,5,2,2,1
9,4,2,4,3
10,4,3,4,3
141,47,16,18,13
80,31,15,11,7
49,26,10,6,5
45,20,5,7,7
111,56,19,11,21
28,12,6,0,5
51,28,4,4,15
109,42,12,10,10
39,15,13,9,5
2,1,3,1,0
2,2,2,2,0
68,27,7,9,3
45,23,3,4,4
26,10,2,1,5
31,9,2,1,6
45,9,1,0,8
21,16,2,6,3
30,16,2,8,3
38,14,4,3,2
42,15,6,5,3
48,24,6,8,8
43,12,5,6,2
112,39,18,11,10
6,1,0,2,1
0,0,1,0,0
15,5,3,2,7
1,0,0,1,2
19,5,2,2,4
7,2,1,0,3
8,2,0,3,2
8,3,0,1,1
29,9,1,5,2
16,2,3,1,0
13,1,2,0,0
13,2,2,1,0
14,6,3,0,2
126,30,10,11,6
129,54,22,13,6
208,62,22,18,14
54,13,7,1,3
21,7,3,1,6
20,12,0,2,3
16,2,1,0,2
64,13,7,1,1
63,19,2,4,4
46,12,4,2,5
72,36,18,4,5
26,18,1,1,1
12,14,2,4,3
13,5,0,0,1
13,1,0,1,1
15,3,0,0,1
12,3,0,1,2
5,2,0,1,1
1,3,0,1,0
43,12,4,1,7
95,13,11,6,6
79,10,7,2,4
33,21,7,0,2
56,23,7,1,4
48,15,6,2,7
26,12,7,2,3
38,21,5,4,3
67,32,5,6,5
47,31,5,7,4
15,6,4,2,6
9,4,4,0,1
10,4,2,1,1
264,73,28,16,10
268,73,20,13,13
187,63,30,9,8
325,131,46,19,27
3,0,0,0,1
2,0,0,0,0
86,32,11,1,4
102,37,8,14,4
138,56,17,13,8
210,71,22,23,10
126,50,17,16,7
120,51,16,19,7
18,2,1,1,1
59,22,3,4,9
160,51,22,15,5
141,37,10,4,7
97,25,12,6,6
144,34,11,8,6
12,5,0,0,0
131,29,17,8,6
16,10,3,1,3
273,64,28,14,19
261,86,26,18,19
95,27,4,6,6
58,15,6,4,6
42,24,7,7,4
120,53,19,12,8
188,83,17,20,13
75,35,7,9,5
192,85,21,12,10
26,16,9,4,3
0,1,0,1,0
142,48,10,10,5
76,24,7,4,4
9,2,1,3,2
4,6,0,2,0
34,7,3,1,2
41,6,1,0,4
183,52,23,8,9
304,80,28,17,9
109,37,12,4,6
13,8,1,2,1
84,30,7,3,10
78,18,3,2,2
25,10,6,3,2
69,16,16,10,5
49,16,10,5,4
22,7,3,0,2
16,5,2,0,1
23,8,4,3,2
66,50,22,11,10
38,10,9,3,6
11,7,5,3,4
61,40,22,6,9
68,45,22,10,9
105,71,25,13,11
27,25,7,5,11
14,11,4,4,5
3,0,0,3,1
57,21,12,10,4
52,30,15,11,0
44,13,12,6,5
27,19,7,1,4
65,27,19,10,4
76,30,13,7,5
232,99,28,22,21
47,21,11,6,9
126,34,22,16,10
41,20,9,9,6
51,33,16,8,10
49,12,7,3,5
18,1,1,1,3
14,0,1,1,1
21,4,1,0,1
16,1,1,2,2
8,3,2,0,3
5,0,0,0,0
8,2,2,0,2
13,4,2,2,2
10,1,3,1,0
34,31,9,3,1
0,1,2,2,1
12,10,6,2,2
26,12,4,6,5
11,4,3,5,0
29,31,17,10,6
16,6,3,2,4
12,9,6,3,4
12,9,0,4,4
19,9,3,1,1
34,14,9,10,1
5,4,0,0,2
27,14,3,1,5
0,0,0,0,2
7,3,2,2,3
10,2,1,0,2
86,23,5,6,10
1,1,0,0,1
7,5,0,2,2
7,3,5,3,1
22,4,3,4,0
1,0,0,0,0
237,71,13,12,10
260,72,18,9,7
212,54,11,9,10
195,54,16,8,11
229,52,14,12,8
209,52,6,9,9
33,12,2,3,2
19,9,2,0,2
47,16,4,4,9
7,7,0,0,2
55,14,6,4,8
37,8,2,4,2
0,2,0,0,0
29,8,6,1,6
27,14,6,1,0
21,7,3,3,3
13,1,4,0,0
17,16,3,1,2
5,12,3,2,1
1,5,1,2,0
1,4,2,0,1
11,13,10,6,5
4,3,8,3,2
13,11,6,4,2
11,8,3,4,4
16,5,0,1,0
59,10,6,5,7
137,56,31,13,10
133,36,14,9,6
64,30,13,2,3
42,14,5,2,6
22,12,5,4,4
19,6,4,2,2
11,10,4,3,3
16,4,2,1,8
10,6,2,1,4
64,29,13,14,10
59,35,11,13,9
70,32,13,15,9
78,30,13,9,9
28,5,2,1,2
95,25,7,5,13
23,6,1,2,3
7,1,0,0,0
13,4,0,4,1
12,3,0,0,0
24,8,2,2,4
40,12,2,2,1
20,9,3,0,0
20,10,2,2,2
52,41,13,8,6
387,82,38,18,10
432,147,53,25,39
46,21,4,8,3
1,1,2,2,0
14,3,1,2,2
31,8,7,2,2
13,5,7,2,1
32,39,8,8,5
15,7,2,2,6
49,22,7,3,3
127,59,14,4,5
116,42,12,11,6
25,12,3,0,2
62,21,7,8,9
9,6,0,0,2
438,170,49,34,19
328,140,52,33,27
144,69,14,15,14
1,1,0,1,0
8,3,2,0,1
7,0,1,1,1
1,0,0,2,1
1,0,0,0,1
193,88,25,23,15
35,13,4,2,5
36,10,4,2,0
23,13,4,1,0
3,0,0,0,0
52,15,3,10,2
26,5,0,4,3
4,0,0,1,0
73,12,3,2,6
121,45,12,3,5
38,21,8,1,1
41,20,7,1,2
421,170,69,50,26
285,118,42,21,25
39,17,6,4,4
34,17,3,4,9
53,26,4,6,4
14,3,2,1,2
28,10,6,2,3
31,7,8,3,2
17,10,10,1,3
19,6,2,2,1
7,5,8,1,1
49,19,12,7,4
113,45,22,8,1
93,43,19,8,4
22,10,6,1,4
21,13,4,1,2
9,3,1,0,2
12,3,1,2,2
5,1,0,2,1
35,14,6,3,3
92,44,21,4,3
79,30,14,4,2
29,17,9,3,5
18,11,6,5,1
39,15,11,2,0
29,28,10,7,3
33,22,12,9,1
12,3,3,0,3
2,0,0,1,0
38,16,10,2,5
68,39,15,4,9
58,19,7,4,4
70,29,15,4,4
70,29,13,5,3
1,1,0,0,0
1,0,0,0,0
6,7,3,5,1
261,85,29,24,24
82,27,16,3,8
52,18,5,3,5
17,4,1,0,2
1,2,1,0,1
15,5,2,1,2
13,6,2,1,0
6,5,1,1,2
67,12,8,5,7
36,17,8,6,5
63,23,12,6,6
44,19,11,10,4
154,51,10,13,7
92,25,13,3,8
203,45,13,8,6
79,33,5,4,3
64,20,2,4,1
139,42,12,1,2
69,29,4,5,5
132,47,10,6,5
204,55,18,12,10
93,34,13,9,8
39,8,4,3,5
63,17,5,8,7
27,8,2,2,6
24,5,3,4,5
56,18,8,4,7
22,12,3,4,3
145,68,34,19,16
282,95,43,26,20
87,36,27,11,19
179,104,37,20,18
159,68,44,12,22
38,18,10,6,3
0,0,1,0,0
48,23,10,5,6
2,0,0,0,0
4,2,0,0,1
131,48,21,10,14
171,51,25,9,14
156,39,23,11,15
99,36,15,7,10
84,45,12,7,7
13,8,0,0,4
58,34,8,4,7
57,21,3,8,6
173,107,21,12,19
227,99,22,16,17
4,1,0,0,3
16,2,0,0,2
142,63,31,21,14
45,26,5,7,6
333,129,36,18,11
352,122,40,27,26
186,38,10,12,9
119,41,13,9,7
177,61,27,13,8
102,33,11,11,12
41,13,4,3,5
41,7,8,2,2
77,10,5,2,5
385,100,38,15,11
430,108,34,16,18
368,69,27,6,11
579,121,40,20,23
193,77,24,20,13
192,60,16,14,12
97,26,7,4,9
127,36,26,8,8
280,58,28,10,12
139,39,16,7,7
13,3,2,4,1
5,3,2,0,0
22,5,5,0,2
13,6,6,5,0
8,1,2,0,0
53,20,12,3,0
38,12,4,1,1
41,13,4,0,1
87,39,11,5,16
104,33,22,9,12
25,9,2,1,2
18,3,6,0,3
118,48,23,20,20
355,125,47,20,19
191,53,29,11,5
420,136,54,40,36
138,50,28,16,20
119,35,22,10,9
167,53,26,12,13
67,26,14,6,11
86,32,26,7,11
189,75,39,22,36
88,27,15,12,15
98,32,11,9,2
100,30,10,7,2
146,39,14,9,3
114,34,14,18,6
54,27,8,9,5
103,51,25,26,11
116,54,21,15,6
36,15,9,2,4
47,21,7,5,6
96,13,13,4,5
65,13,6,4,1
69,20,6,3,3
174,46,17,14,14
133,30,6,7,11
288,62,22,15,10
161,46,15,9,14
20,6,2,4,0
18,5,1,5,2
11,2,0,4,4
0,0,0,0,1
63,17,3,2,3
183,40,18,11,10
12,5,1,1,0
4,1,0,2,0
17,8,1,1,1
155,30,8,2,4
13,7,3,3,0
26,10,3,4,0
19,10,3,3,1
142,33,16,12,4
46,11,10,4,4
61,25,7,9,5
15,9,5,2,1
17,7,4,4,0
23,8,4,3,2
20,10,3,4,3
14,5,0,1,3
15,5,2,2,2
79,34,18,6,11
33,14,2,3,4
94,45,7,4,3
22,6,3,0,6
76,27,15,9,3
37,8,6,7,3
50,31,3,4,1
132,24,10,4,3
112,38,17,8,4
72,31,17,14,6
35,8,4,3,1
55,19,4,4,3
24,9,3,2,1
48,23,7,4,4
40,22,8,2,3
100,26,11,5,6
31,10,4,1,3
44,18,10,3,2
80,22,13,4,6
70,20,14,7,3
469,152,53,40,37
86,36,11,8,11
118,49,30,17,19
67,39,18,5,2
52,17,11,6,5
169,101,36,28,18
274,107,30,20,17
219,81,32,15,36
41,19,5,5,4
608,244,92,51,24
175,49,17,7,17
111,33,7,7,13
98,40,19,14,12
375,98,50,25,25
67,36,23,3,6
46,21,13,4,6
97,32,18,9,4
81,33,22,11,7
56,28,12,12,6
52,30,18,9,9
85,33,24,8,2
85,31,20,7,8
76,30,16,7,4
22,10,2,2,4
13,7,4,0,0
9,2,2,5,0
6,2,3,1,5
10,2,0,0,0
5,4,1,0,0
8,1,0,2,1
46,7,12,4,5
20,4,1,2,1
92,31,19,10,11
99,32,17,8,7
389,167,53,32,30
462,142,58,28,24
304,125,48,28,35
324,119,46,21,10
98,51,14,9,13
54,23,7,5,1
27,28,8,3,6
47,22,6,4,1
71,27,5,5,2
102,39,10,9,10
62,39,6,5,4
41,16,9,4,4
20,4,0,0,0
1,0,0,0,0
8,3,2,2,6
28,18,10,5,11
15,5,6,6,5
47,24,11,5,4
115,44,12,7,12
54,12,6,2,9
40,8,4,2,6
46,5,3,2,1
40,3,4,1,1
28,13,6,4,2
10,0,1,0,0
426,228,91,65,57
499,163,83,44,44
225,91,28,11,5
189,100,23,19,2
253,123,36,21,4
0,0,1,0,0
0,0,1,0,0
252,113,35,23,30
90,43,17,6,9
248,117,49,33,26
210,120,43,21,19
191,61,27,11,7
66,19,9,2,2
66,15,6,2,4
70,30,10,3,5
61,19,8,2,4
89,41,6,11,12
9,0,2,0,0
146,68,30,15,11
92,29,21,17,16
12,10,5,0,1
32,6,6,6,1
5,5,0,1,1
24,10,2,2,0
7,8,1,0,0
29,19,3,1,7
43,5,13,4,10
185,57,15,18,12
142,49,15,8,11
195,61,19,18,15
226,62,17,18,19
122,30,15,5,6
93,28,11,4,5
65,23,5,1,7
512,178,55,37,43
136,23,14,5,4
67,34,7,10,14
28,10,6,1,1
19,11,6,2,0
8,2,1,2,4
4,0,0,0,0
71,28,14,14,3
60,34,12,10,3
72,43,19,11,2
87,39,11,16,14
262,111,33,28,25
29,16,2,2,3
266,70,27,17,21
241,58,20,9,10
305,70,21,13,10
24,4,2,1,2
137,46,19,14,12
168,47,19,12,13
723,191,83,43,28
40,9,1,1,2
75,10,6,5,3
60,7,2,5,3
30,5,4,1,0
11,2,1,1,2
63,13,10,3,2
23,4,3,1,0
70,18,10,6,10
114,57,23,10,6
71,32,8,13,2
71,45,21,10,3
69,31,19,10,3
187,45,12,10,10
14,3,0,1,3
51,18,12,5,3
16,1,3,0,0
31,20,8,3,3
0,0,0,1,0
196,66,25,16,21
35,22,12,3,3
19,13,4,3,5
89,22,13,12,13
22,4,7,4,6
71,22,8,7,9
130,31,6,6,9
53,25,8,3,5
38,18,4,2,2
40,16,2,5,3
63,21,10,9,8
35,9,9,7,1
48,17,6,7,3
46,16,10,9,7
107,27,13,8,15
18,4,1,2,2
76,23,3,5,4
60,20,5,5,7
36,7,7,2,6
16,5,9,2,4
28,14,8,4,7
21,11,5,3,7
41,21,8,5,11
28,13,6,4,8
40,17,4,6,8
49,12,5,3,2
29,9,1,0,2
30,7,5,0,2
16,6,3,4,10
7,4,1,2,4
21,7,3,2,3
7,5,0,2,3
30,11,3,2,4
41,22,5,3,8
66,15,3,4,9
14,4,1,1,1
27,8,3,0,6
28,14,2,5,6
39,33,2,6,6
36,27,5,4,5
54,24,12,5,6
50,26,5,4,4
30,4,3,1,7
146,79,20,10,8
23,13,4,4,3
165,87,25,10,13
139,65,19,10,5
1,0,0,0,0
36,13,6,3,4
35,16,4,4,4
39,27,12,3,6
32,11,3,3,2
24,6,1,1,0
25,12,4,0,3
44,10,3,4,3
58,32,13,5,10
54,26,5,11,8
51,18,7,6,12
42,20,2,13,5
34,13,3,6,3
13,14,4,5,8
7,7,2,3,3
38,35,8,5,11
47,27,5,6,10
39,25,4,5,16
159,58,21,6,17
118,52,24,13,14
143,73,32,10,26
133,53,23,13,10
31,8,2,1,0
73,39,16,10,8
93,53,17,9,13
104,44,19,13,12
134,53,20,11,13
20,13,9,2,4
20,12,7,1,4
57,21,15,8,2
32,16,5,7,2
26,5,3,1,1
46,12,3,4,1
40,9,2,2,0
56,27,14,2,1
57,19,16,3,3
35,12,8,0,1
60,17,11,5,3
72,25,9,9,7
27,7,2,4,2
22,6,3,5,4
56,13,7,7,7
27,14,8,3,11
34,15,10,8,2
38,9,7,3,1
25,2,4,3,3
1,0,0,0,0
21,5,2,1,1
34,7,6,7,5
429,95,48,23,14
125,29,10,4,5
335,72,37,15,12
106,22,10,9,6
97,23,17,3,3
93,19,11,3,5
198,28,28,10,8
62,16,8,3,3
78,26,8,8,13
27,10,7,4,5
13,8,5,1,0
69,29,15,7,1
28,13,7,7,0
32,15,9,7,0
19,10,5,4,3
27,13,8,2,2
42,14,3,2,3
32,6,4,3,2
33,6,3,1,1
25,6,1,1,1
175,55,12,10,7
59,33,9,7,8
48,24,8,4,5
0,0,1,0,0
234,55,20,15,7
12,8,2,2,1
46,8,4,2,5
434,103,29,19,14
374,76,20,16,11
51,19,6,5,6
58,28,7,6,14
29,20,8,3,3
76,40,16,10,8
73,35,8,2,8
46,18,9,2,6
30,18,3,2,7
53,27,5,6,8
83,20,10,5,9
94,27,18,10,7
278,100,37,25,17
150,51,18,12,23
59,24,9,4,5
101,29,12,4,13
60,21,7,3,8
50,16,9,4,6
71,17,6,5,6
81,12,6,2,4
320,52,18,10,14
137,31,12,10,10
226,38,15,3,13
682,199,62,34,31
758,207,56,35,27
670,159,67,36,25
378,69,21,10,9
648,142,52,21,27
22,11,2,1,0
22,6,1,2,0
12,3,2,1,0
33,13,3,1,0
10,4,0,1,1
11,3,0,1,0
72,20,7,9,4
148,49,19,11,5
52,21,5,3,6
89,30,15,14,4
97,23,12,10,7
53,19,5,6,3
35,8,4,5,4
37,14,5,3,5
20,2,1,0,1
13,5,3,1,1
25,6,6,5,3
34,4,2,5,1
545,159,52,23,24
66,32,1,5,13
193,100,26,20,19
50,9,3,2,6
8,1,2,1,1
32,15,8,5,3
244,93,41,23,19
132,70,23,9,9
104,35,11,8,8
55,18,10,1,3
65,26,12,12,8
51,13,7,5,1
997,394,146,86,100
200,69,23,18,18
80,29,13,12,7
79,37,11,14,5
232,108,35,32,40
58,22,3,3,6
160,84,39,28,14
90,38,17,12,9
190,40,23,10,16
164,31,21,8,16
123,37,16,5,10
58,33,15,4,6
137,44,11,17,12
93,28,8,12,4
108,37,12,14,5
44,19,4,2,5
97,32,16,10,8
91,29,9,6,11
92,43,14,11,13
36,24,7,4,3
42,25,5,5,4
17,11,0,2,4
57,25,6,10,2
30,3,5,2,1
11,1,1,2,1
22,5,3,4,0
42,18,12,12,5
29,12,5,6,2
24,10,1,2,2
41,13,10,2,2
31,6,6,2,2
22,6,5,0,5
157,82,16,25,26
550,231,79,56,64
8,3,1,1,1
9,3,1,1,1
95,38,13,11,7
29,11,3,0,2
164,66,23,16,16
96,40,12,10,5
96,34,15,3,4
403,103,37,20,23
81,20,9,1,5
559,236,90,39,61
449,195,72,58,45
37,10,10,5,3
51,11,7,5,8
47,14,10,2,6
47,14,6,8,8
87,15,3,5,2
46,18,8,6,1
30,19,10,7,5
41,17,10,5,4
28,12,6,5,3
33,19,6,4,6
48,19,8,5,7
28,8,5,1,6
87,23,12,4,8
82,42,15,16,10
7,2,1,0,0
203,78,35,25,39
171,80,27,23,11
179,68,41,16,18
113,40,29,10,11
196,63,32,15,19
103,47,13,4,13
84,17,5,8,5
35,18,5,3,5
43,14,8,2,3
27,16,5,7,5
61,23,3,5,5
168,56,35,16,24
51,17,9,6,7
154,44,13,24,24
126,54,16,22,21
10,1,4,1,0
29,4,1,3,2
151,68,25,13,11
207,81,26,19,15
131,60,18,17,14
52,16,9,2,3
22,11,3,3,3
30,8,5,3,2
22,7,1,2,1
30,12,5,3,2
40,17,9,5,5
36,12,5,5,5
26,8,5,4,1
33,11,3,6,5
32,13,5,4,3
39,13,5,5,3
62,22,7,6,10
60,19,5,5,11
63,28,9,10,14
62,29,8,9,11
35,15,3,5,8
31,10,2,3,6
35,15,3,9,5
33,15,5,3,6
107,45,15,10,9
97,36,16,6,11
37,18,7,5,1
42,21,10,2,4
114,50,25,11,7
71,26,10,3,3
82,35,18,6,7
73,44,13,4,4
14,4,3,4,2
53,15,10,7,5
36,10,10,4,5
15,4,2,1,0
24,7,7,2,1
67,29,14,10,8
29,13,3,1,2
39,10,4,4,3
34,8,5,3,1
85,50,19,16,14
142,63,20,14,11
101,33,23,11,8
390,110,53,20,21
277,101,50,20,16
383,131,52,22,17
276,94,46,29,16
337,102,50,20,22
288,109,42,28,31
391,143,46,35,33
21,7,7,2,2
194,71,30,22,20
228,88,45,24,23
95,59,21,10,11
138,65,26,18,15
103,38,15,8,6
60,30,7,7,6
69,26,13,9,7
118,33,18,11,12
260,107,26,23,10
197,63,20,11,10
218,77,17,12,9
109,50,16,7,3
76,39,12,2,4
90,30,22,7,7
102,32,11,10,5
45,17,6,8,3
78,23,13,11,5
278,105,53,34,10
254,104,57,36,2
168,55,36,24,5
122,23,14,8,1
67,22,8,4,3
31,22,9,11,6
28,18,12,7,14
63,48,24,10,11
166,80,52,18,24
58,38,11,6,5
59,39,16,8,2
76,30,16,6,9
37,8,11,2,0
41,11,9,2,0
52,18,13,5,3
87,29,16,9,1
76,28,11,9,2
208,83,40,18,21
123,70,28,15,4
75,28,12,6,2
36,8,6,3,1
48,11,7,4,1
81,36,20,5,3
94,31,21,4,4
100,45,17,9,10
62,41,19,3,6
55,31,15,7,6
129,57,22,14,19
60,34,13,11,17
162,78,31,18,18
44,20,14,4,3
66,26,16,11,2
97,41,23,9,3
20,12,4,3,2
74,28,5,4,4
100,39,14,10,12
41,17,7,3,2
251,86,33,10,17
227,110,31,35,24
16,3,1,4,1
184,80,50,18,14
209,89,40,17,21
280,128,51,37,25
123,44,26,18,20
117,50,24,13,17
395,121,51,39,29
296,81,42,23,13
112,33,13,17,11
209,51,22,18,7
79,13,11,10,7
521,110,46,29,14
436,116,36,31,17
182,38,21,11,10
211,88,38,25,10
270,112,52,23,13
108,50,22,19,9
87,44,24,15,12
106,45,12,10,9
160,64,15,14,13
17,11,4,3,3
58,28,19,12,14
19,12,2,4,5
10,3,4,3,4
21,11,6,3,4
16,13,1,1,1
100,47,18,13,12
127,58,26,13,13
160,69,27,13,15
19,4,9,2,2
96,41,19,9,2
75,13,9,4,7
55,22,8,9,0
233,87,46,21,12
83,17,9,7,6
128,47,22,13,14
18,9,5,4,2
11,3,3,2,1
389,79,26,19,16
39,17,9,1,3
254,52,23,14,6
432,101,40,23,18
235,47,17,7,12
77,13,5,2,5
127,60,21,11,13
523,178,62,47,33
325,73,19,14,23
122,47,12,12,14
82,42,18,13,12
150,31,17,7,6
74,19,2,6,3
99,34,11,8,8
79,20,8,2,4
91,35,9,9,4
88,27,6,4,3
110,19,5,4,2
80,21,5,4,3
75,17,6,3,2
66,17,3,4,2
72,16,7,4,4
63,15,2,3,0
58,14,4,3,1
55,17,3,3,2
42,12,2,4,1
44,18,2,4,2
58,9,3,2,1
23,4,6,2,0
20,3,1,1,2
67,26,16,3,1
165,53,27,6,13
64,19,6,3,4
200,70,31,20,19
132,67,15,13,12
178,75,25,21,13
53,28,11,4,2
62,38,15,9,6
423,158,55,39,44
365,118,44,27,30
493,170,61,32,45
27,10,7,0,5
35,10,5,1,2
26,8,4,2,3
28,6,4,1,1
108,38,16,6,6
53,11,6,2,3
37,17,5,7,3
30,7,4,4,2
64,15,9,8,3
14,13,6,3,3
65,21,3,5,6
59,21,9,9,3
150,41,9,7,9
96,29,13,7,10
93,33,13,11,5
60,18,7,8,5
133,44,20,9,9
60,15,7,3,2
76,14,9,5,2
23,5,2,0,4
683,261,87,80,48
151,58,23,9,8
412,144,43,40,35
151,47,16,19,10
244,52,18,9,5
613,118,37,23,17
651,148,52,26,22
449,112,33,13,14
265,62,22,10,8
360,66,24,17,10
66,18,9,9,4
81,24,9,12,1
85,29,17,9,4
163,112,44,20,4
48,19,13,5,4
89,39,16,9,2
113,42,16,14,5
103,44,19,10,5
115,49,27,12,9
59,28,11,6,3
97,33,13,5,7
57,16,6,9,3
87,34,13,9,9
74,41,17,8,10
190,57,35,25,19
156,44,22,19,16
107,30,12,15,10
214,65,33,25,20
228,115,39,26,13
220,106,33,21,11
139,63,25,21,7
180,66,18,14,23
116,31,13,2,6
136,32,20,2,6
140,35,11,4,8
62,18,7,1,5
80,19,7,2,6
89,18,9,4,10
155,99,40,22,20
41,12,5,2,6
15,2,1,2,4
40,26,8,7,6
49,28,7,3,7
1,1,0,0,0
2,0,0,0,1
269,104,37,30,26
108,54,21,10,15
118,65,25,13,14
1,0,0,0,2
32,15,5,1,2
213,72,22,12,15
120,37,9,6,5
104,29,6,8,3
68,22,7,0,3
107,41,7,4,2
223,111,46,38,33
23,6,4,4,5
64,19,12,12,5
104,29,8,4,7
90,23,5,6,8
86,40,16,12,7
40,17,7,4,6
19,5,3,4,1
139,67,23,13,27
30,12,7,3,2
16,7,8,4,2
30,7,0,5,4
72,36,10,2,11
132,72,36,15,11
67,36,17,6,4
88,39,13,4,13
188,60,20,12,11
113,65,16,8,13
43,21,5,2,8
125,36,11,8,9
40,23,4,7,6
79,38,7,4,11
78,53,9,12,13
14,6,6,3,6
6,12,3,3,1
239,93,33,19,37
80,30,7,6,2
17,8,2,1,0
65,25,8,6,7
24,14,4,3,9
102,39,21,10,7
77,35,18,5,6
40,11,2,3,0
65,29,21,5,7
77,40,22,8,7
65,22,5,3,1
76,22,6,6,4
85,47,21,20,7
97,18,4,3,4
83,49,17,9,6
93,19,6,4,4
27,9,5,2,3
45,13,5,2,2
73,36,13,8,15
6,1,2,1,3
16,13,5,6,3
11,6,2,2,4
18,11,6,2,4
10,10,3,1,2
2,2,2,0,1
58,23,3,6,9
5,0,0,0,1
59,23,9,9,6
49,10,3,5,2
3,1,0,0,0
181,62,33,9,14
312,109,47,30,20
95,19,9,3,10
73,36,15,8,4
72,28,15,15,9
138,52,30,23,10
108,44,18,19,11
83,30,14,14,5
72,22,7,10,4
193,51,26,12,14
149,38,20,14,16
167,48,18,9,7
224,65,24,17,12
74,21,9,5,3
78,23,1,11,8
154,82,22,19,20
75,13,11,2,7
68,15,9,2,7
73,39,12,13,12
87,38,19,13,23
13,1,2,2,4
33,13,6,4,5
62,26,8,5,12
85,24,5,4,12
50,23,4,4,6
15,10,3,2,8
27,12,1,2,4
52,24,8,3,8
391,116,51,24,12
302,105,53,23,19
285,118,49,20,16
7,2,0,0,2
11,3,2,0,3
12,2,0,1,2
5,2,0,0,3
9,2,0,0,2
7,3,0,1,2
7,2,0,0,3
9,2,0,0,3
5,3,0,0,3
7,2,0,0,4
6,2,0,1,2
3,3,2,0,0
4,5,3,0,0
5,4,3,0,1
8,8,4,0,0
5,3,3,0,0
7,6,2,1,0
4,4,4,0,0
8,3,2,0,0
3,6,2,0,0
3,3,2,0,0
4,3,2,0,0
88,26,14,12,9
71,24,7,1,5
140,32,13,7,5
39,14,7,2,4
73,20,8,4,5
144,49,25,14,13
160,42,12,4,8
104,43,13,9,5
168,58,33,12,13
160,54,20,16,12
220,108,25,17,18
58,20,10,5,3
26,4,2,0,0
135,51,27,12,16
42,12,7,4,4
74,63,31,16,16
323,130,44,36,32
188,79,30,16,11
293,118,63,29,8
429,170,50,45,19
46,19,6,9,2
56,26,4,2,3
57,22,5,6,5
74,39,8,6,9
80,19,11,10,14
108,49,18,10,9
117,44,18,10,9
107,49,20,11,8
112,47,20,11,8
110,46,19,12,7
96,42,17,9,8
51,10,8,10,9
41,18,6,6,5
40,18,9,5,4
72,55,11,11,15
90,52,14,6,24
69,36,10,7,7
44,23,9,8,4
5,5,1,2,0
90,27,14,10,6
65,24,14,9,1
44,9,5,4,2
52,20,9,6,5
34,15,10,4,6
37,9,2,2,2
21,4,6,0,4
79,23,17,12,10
75,49,19,18,11
63,20,9,5,7
173,81,30,20,11
147,51,32,18,7
80,27,14,7,4
104,32,10,8,7
27,13,9,7,4
68,36,24,7,5
68,14,5,1,3
75,16,11,1,1
61,32,7,6,0
37,23,11,11,5
75,42,27,21,2
212,83,35,26,13
306,101,44,34,11
39,21,8,11,4
16,7,2,4,0
60,25,8,10,8
90,35,26,14,13
117,40,19,10,15
76,42,15,7,0
486,206,79,64,52
516,185,71,54,49
143,57,22,11,14
124,47,15,14,11
159,86,22,24,11
108,61,17,12,11
350,135,43,34,10
75,30,14,6,7
75,41,5,8,16
254,117,55,35,58
174,61,22,16,11
139,50,20,17,9
126,28,17,9,4
82,16,8,4,2
103,28,13,15,3
100,23,8,6,7
82,18,7,3,6
75,18,8,8,4
109,47,17,16,9
174,82,26,21,10
130,70,17,18,12
42,21,3,6,4
85,37,11,8,6
204,62,37,19,11
109,19,10,3,1
65,19,5,4,3
91,28,17,12,6
3,0,0,1,0
224,63,22,14,15
165,78,39,21,15
82,37,10,9,6
141,59,20,14,7
170,74,20,25,7
613,157,58,39,26
124,26,8,2,3
142,26,10,3,6
204,66,17,6,8
127,45,8,1,5
314,83,32,11,8
137,30,14,10,2
136,38,20,8,6
98,30,5,5,7
36,12,0,2,3
95,18,10,4,2
129,33,12,5,3
95,15,15,5,1
88,32,11,6,6
65,35,7,7,8
35,14,3,3,6
55,22,5,5,2
118,51,21,13,0
101,53,15,10,3
91,43,17,12,1
11,6,0,0,0
9,5,2,1,2
9,8,0,4,0
11,6,0,3,0
14,11,0,2,1
30,26,8,6,2
11,9,3,3,0
14,3,1,5,0
12,4,0,6,3
8,1,0,1,0
30,8,7,1,0
37,11,4,4,0
17,6,2,2,0
76,27,4,7,2
98,31,4,5,0
107,24,3,3,3
130,40,13,6,1
43,14,1,1,1
57,19,5,1,0
111,37,12,6,4
6,4,4,2,0
11,4,1,2,0
3,1,2,0,0
8,7,5,2,1
20,7,3,4,4
22,9,8,6,3
11,7,4,2,1
7,6,4,0,2
12,5,4,4,2
11,4,5,1,2
16,7,8,2,1
12,3,7,2,2
39,23,20,6,4
117,21,19,4,8
105,30,21,9,11
83,24,15,4,7
131,40,27,12,11
76,26,15,3,10
68,22,12,5,3
16,13,4,5,1
17,15,3,3,3
20,14,3,4,3
26,11,6,1,0
21,9,6,4,1
46,27,4,9,5
12,2,4,2,2
56,16,9,9,3
52,13,6,3,2
42,19,8,4,5
77,23,16,10,7
22,5,1,2,2
18,10,3,1,1
9,6,0,6,1
11,6,2,2,1
38,11,6,4,1
28,6,1,1,0
51,20,1,7,1
138,56,23,18,14
159,92,39,10,9
120,54,25,13,1
61,30,13,2,1
135,50,29,8,6
69,19,19,8,1
146,79,32,11,5
123,55,25,7,3
581,178,58,21,4
43,22,11,5,0
20,4,8,4,1
28,10,6,4,1
30,21,1,3,2
88,33,11,3,3
64,35,16,9,2
95,58,22,16,9
72,38,7,7,2
74,32,7,8,3
29,26,10,4,5
81,25,8,4,1
33,8,4,6,4
130,56,27,7,2
103,62,17,11,3
83,31,17,10,3
176,92,44,16,6
29,7,4,3,1
26,11,6,6,1
31,15,6,8,1
219,80,32,15,8
137,66,18,11,5
140,50,11,13,7
88,21,8,7,1
128,36,8,9,3
28,12,3,0,0
26,8,5,2,0
26,6,6,2,0
9,6,2,1,0
23,10,3,3,0
144,50,14,14,3
63,30,13,6,5
52,25,11,4,0
57,28,7,3,1
54,30,10,4,1
44,17,3,5,0
15,6,2,1,0
10,5,0,1,0
167,66,22,13,10
105,45,17,10,8
76,36,7,9,4
81,47,18,15,4
79,42,27,16,3
59,23,16,9,3
85,34,12,8,5
78,28,14,8,6
24,3,4,3,3
27,4,6,3,2
25,13,3,1,2
11,6,1,1,1
53,14,7,4,2
17,5,0,1,1
26,4,1,4,0
11,5,1,1,0
17,12,5,1,1
7,3,2,0,0
144,55,17,16,6
82,39,16,12,2
145,36,20,12,4
177,42,20,8,8
159,53,19,8,5
15,3,1,0,0
32,6,0,1,1
13,6,0,1,0
90,35,15,6,6
45,21,6,3,3
149,40,20,14,5
60,36,4,6,7
142,28,12,6,3
92,33,15,12,1
157,18,10,2,2
147,30,15,7,3
31,16,9,4,1
31,21,11,5,0
95,25,15,4,3
82,26,14,7,5
47,21,5,6,1
138,44,20,17,6
119,35,18,19,7
105,33,18,18,10
161,36,13,10,3
151,71,20,19,4
213,71,28,7,10
174,59,21,11,6
146,47,18,7,6
226,82,35,11,7
163,61,26,10,9
169,65,25,9,5
99,42,30,10,8
113,48,33,18,8
29,16,5,5,2
25,6,2,5,2
28,6,0,2,0
41,19,5,2,2
194,45,16,9,3
41,9,4,3,2
113,50,14,15,7
20,6,2,4,0
43,12,7,6,3
45,11,8,11,0
181,55,30,19,3
68,28,11,7,0
121,34,14,7,4
165,61,20,7,4
195,72,36,16,5
73,26,24,12,8
82,45,26,15,9
159,44,25,10,5
125,34,19,6,2
242,83,42,13,6
531,115,45,24,11
337,86,34,12,8
538,122,58,33,10
571,135,39,30,7
790,196,64,34,14
327,62,12,19,7
243,63,24,16,3
654,148,55,27,11
471,120,48,27,5
472,89,35,13,6
769,160,58,30,12
98,45,19,6,1
75,30,9,6,0
101,31,14,7,1
67,34,11,11,2
61,25,7,5,0
104,57,27,14,1
21,12,5,2,1
46,16,13,8,3
22,6,4,1,0
32,11,5,2,2
44,23,9,2,1
64,25,17,7,1
36,21,5,3,1
36,21,9,4,0
38,12,6,2,1
45,16,5,3,1
49,13,4,5,1
66,10,5,3,3
54,12,10,2,1
119,56,27,12,5
139,55,17,13,9
171,44,21,14,7
144,49,24,14,12
102,27,15,8,7
133,65,20,13,4
65,25,8,1,0
200,61,24,7,4
125,30,13,2,0
165,46,17,13,3
101,35,13,9,5
316,111,43,22,6
198,58,21,15,3
134,38,11,12,1
247,90,29,20,3
83,14,6,1,1
442,207,37,31,10
157,70,31,15,4
47,13,5,1,3
60,18,5,3,3
68,21,9,4,1
75,31,12,6,4
24,11,5,5,2
157,64,24,28,11
78,39,9,12,6
188,77,30,25,10
256,114,31,22,8
168,65,23,9,2
157,73,24,14,2
175,83,27,10,2
45,34,11,4,0
41,20,13,5,0
42,30,5,2,0
74,33,13,3,2
36,23,9,9,1
21,11,2,0,1
53,30,8,6,1
55,27,13,6,1
184,66,25,6,4
87,28,11,6,3
66,16,9,2,1
70,18,10,4,2
140,39,17,9,4
432,136,46,25,16
83,30,11,6,2
103,34,14,10,3
92,35,13,8,1
83,29,13,7,3
96,25,13,6,2
120,33,13,6,2
102,25,13,4,2
123,25,11,4,3
277,104,46,37,11
175,56,37,27,7
214,75,35,36,10
185,67,29,32,11
79,38,15,7,3
636,249,71,46,22
69,32,16,5,2
427,135,42,36,9
488,171,51,49,9
121,43,6,20,3
4,2,0,0,0
4,5,0,0,0
6,3,0,0,0
124,51,19,10,7
327,122,42,32,6
209,67,23,13,5
203,58,25,23,6
123,52,27,9,3
163,79,34,7,1
123,46,18,10,1
231,83,42,11,4
70,25,7,4,0
51,16,4,3,2
73,13,6,2,2
49,13,5,3,1
183,86,45,23,0
216,98,42,23,2
185,79,32,25,0
360,150,44,33,18
292,138,46,39,13
148,78,32,16,8
26,7,3,3,0
20,5,2,3,0
36,10,6,3,1
24,4,2,4,1
170,72,28,15,4
144,69,14,14,2
125,55,17,12,1
48,22,10,5,1
152,83,20,21,5
124,67,18,19,4
57,27,10,6,1
48,20,8,4,3
48,6,4,5,2
42,9,7,1,1
63,15,10,2,1
35,9,13,1,0
66,32,12,11,3
62,23,6,7,1
106,30,13,5,3
263,83,28,21,1
403,121,47,27,4
97,24,8,8,1
93,29,13,5,2
56,8,5,2,0
74,35,11,7,0
144,74,30,8,1
145,64,33,12,1
161,67,36,13,1
92,44,21,8,0
135,76,36,13,1
143,79,37,12,0
473,152,75,36,4
299,100,38,31,5
52,30,5,4,0
45,14,4,4,1
47,26,4,0,0
70,29,8,5,0
74,37,16,6,0
82,38,15,10,0
146,61,19,11,1
105,59,14,6,1
49,33,11,5,0
65,34,11,3,0
85,38,10,7,0
54,35,10,6,0
46,28,5,8,1
82,22,8,9,1
56,19,6,8,0
64,36,15,3,0
51,18,9,5,1
92,34,20,10,0
27,13,7,3,1
59,18,10,8,1
47,10,5,4,1
100,45,14,5,0
87,36,9,6,0
134,54,14,10,0
99,37,8,9,0
39,22,5,5,0
41,23,10,8,1
113,51,30,13,1
71,27,19,6,1
102,46,24,13,0
101,36,26,12,0
93,49,19,14,1
32,23,8,3,0
126,43,11,10,1
66,16,7,6,1
42,14,6,7,1
40,9,4,2,1
81,18,7,3,3
90,27,13,5,1
32,18,6,4,0
64,21,5,4,1
73,30,10,5,1
41,11,3,4,0
22,12,3,3,1
9,6,1,2,0
30,10,4,2,1
49,10,4,7,2
34,10,0,1,0
37,14,6,4,1
30,13,2,0,0
12,4,2,0,0
17,3,2,0,0
32,20,5,4,0
30,21,4,7,0
14,9,3,3,0
15,7,4,1,0
15,8,5,3,0
28,14,6,3,0
57,24,15,8,0
25,6,2,2,0
121,39,9,6,0
60,22,12,12,2
22,2,2,0,0
18,1,1,0,0
14,1,2,0,0
42,24,3,3,0
46,15,6,3,2
43,25,11,2,1
68,42,18,8,0
21,17,4,3,0
46,32,7,7,0
58,38,8,7,0
66,15,10,8,1
244,92,40,22,1
2,3,0,0,0
0,3,0,0,0
2,8,0,0,0
32,30,8,5,4
59,21,13,3,0
2,0,0,1,0
2,0,0,2,0
1,1,0,1,0
1,0,0,0,0
31,9,4,2,0
58,15,7,1,0
40,5,5,0,0
33,12,8,0,0
31,3,1,0,0
29,4,2,1,0
23,4,2,1,0
15,9,5,1,0
10,6,3,0,0
29,10,3,1,0
39,37,9,11,0
32,7,2,3,0
5,1,0,1,0
2,3,0,1,0
5,3,6,1,0
10,7,3,1,0
3,2,0,0,0
6,3,0,2,0
35,16,4,8,0
42,19,11,3,0
14,10,2,1,0
17,12,2,0,0
30,9,3,2,0
19,6,3,0,0
17,6,3,0,0
14,2,2,0,0
7,0,0,1,0
9,1,0,0,0
25,12,3,1,0
122,39,11,6,0
21,5,3,1,0
26,6,2,2,0
35,23,6,5,0
12,8,6,0,0
42,27,9,2,0
42,21,4,1,0
22,14,3,3,0
80,49,10,4,0
53,25,9,9,0
40,17,14,6,0
14,8,2,2,0
202,103,43,16,0
111,51,15,2,0
13,9,1,1,0
10,8,3,1,0
124,43,9,3,0
74,17,2,0,0
62,29,5,2,0
51,29,12,1,0
53,25,9,2,0
47,26,11,4,0
191,78,43,24,1
103,57,27,15,1
63,32,11,5,0
94,36,4,3,0
73,28,6,4,0
74,32,11,1,0
38,14,4,1,0
64,29,7,1,0
44,22,15,7,0
27,6,11,6,0
28,18,11,5,0
31,9,15,7,0
31,10,13,6,0
22,8,9,4,0
22,16,8,5,0
18,10,9,5,0
13,2,3,1,0
15,8,5,3,0
17,3,1,1,0
15,4,1,1,0
29,7,1,1,0
37,12,2,0,0
33,8,2,2,0
60,21,8,3,0
30,10,2,2,0
27,5,1,1,0
23,6,1,0,0
44,25,2,4,0
70,18,8,3,0
19,4,0,3,0
24,3,3,1,0
132,39,15,10,0
117,34,10,6,0
44,18,8,4,0
14,4,2,1,0
18,5,1,4,0
22,9,0,4,0
7,2,0,1,0
84,22,11,3,0
50,12,7,1,0
62,21,8,6,0
16,3,0,1,0
58,16,5,4,1
78,28,11,3,1
38,11,6,6,1
24,15,3,0,1
36,11,3,0,1
42,13,3,1,4
68,16,7,8,1
91,19,1,0,0
37,16,8,2,0
33,14,7,2,0
29,14,7,2,0
33,16,5,1,0
20,7,1,1,0
30,15,4,1,0
42,19,11,5,1
17,4,0,0,0
11,2,0,0,0
31,8,0,0,0
31,6,5,0,0
28,2,1,0,0
35,9,3,0,0
12,7,0,0,0
22,3,2,1,0
107,47,18,12,0
146,66,31,5,0
139,53,24,11,0
10,1,1,2,0
17,6,1,0,0
24,6,0,0,0
10,1,0,0,0
17,4,4,1,0
15,6,1,0,0
245,53,12,5,0
190,39,9,3,0
225,73,8,5,0
21,4,5,0,0
36,6,1,0,0
0,1,0,0,0
20,9,1,1,0
14,5,5,0,0
0,0,0,1,0
101,17,2,0,0
31,6,1,0,0
2,0,0,0,0
18,5,1,0,0
32,9,5,0,0
20,4,3,0,0
2,1,0,0,0
1,0,0,0,0
13,7,5,1,1
4,0,1,0,0
33,10,1,0,4
25,5,5,1,2
10,2,4,2,2
1,0,0,0,0
21,11,1,0,1
23,14,1,2,1
20,8,0,0,2
3,6,0,1,1
0,0,0,0,2
4,0,0,0,1
2,3,0,0,0
67,43,15,16,7
1,1,1,0,1
0,0,1,0,0
0,0,1,0,0
0,1,1,0,0
1,0,1,0,0
16,5,0,0,1
1,0,0,1,0
10,11,2,1,0
14,5,2,2,0
12,5,2,0,0
0,0,0,1,0
3,1,1,2,0
0,0,0,0,1
0,0,0,0,1
0,0,0,0,1
14,3,4,3,0
4,0,0,3,0
0,1,2,2,0
1,1,0,1,1
0,0,2,0,1
30,7,7,2,0
2,0,0,0,0
40,12,7,3,2
4,2,1,0,0
1,0,0,0,0
22,5,4,2,1
10,2,4,0,1
28,9,3,1,1
1,1,0,0,1
35,10,4,3,2
14,4,1,2,0
3,0,0,1,1
1,0,1,0,0
1,0,0,0,1
2,0,1,0,0
11,2,2,2,1
15,5,5,2,0
2,3,0,2,0
6,2,0,3,1
0,2,0,1,0
1,1,0,0,0
3,0,0,1,0
2,0,0,1,0
13,6,3,0,3
3,0,1,0,0
10,3,2,1,2
5,1,1,1,2
10,7,1,0,1
7,3,0,2,2
3,2,0,0,3
1,0,0,1,1
1,0,0,0,0
3,1,0,1,0
7,2,0,0,2
8,2,1,0,0
4,4,1,0,1
25,6,6,3,2
14,11,2,1,5
11,1,1,3,0
53,29,4,1,2
22,7,3,2,0
4,2,0,1,0
3,0,0,0,0
90,43,6,11,9
26,10,2,2,0
18,1,2,3,4
2,0,0,0,0
19,4,5,0,1
14,2,2,0,0
196,87,46,18,2
37,8,6,0,5
8,5,2,1,1
27,13,2,1,5
0,1,0,0,0
7,4,0,0,0
28,17,10,6,3
36,15,4,2,7
6,2,0,0,0
0,1,0,0,0
64,35,7,6,8
1,0,0,0,0
54,18,5,1,3
3,0,0,0,0
13,3,0,0,0
3,0,0,0,0
9,0,0,0,0
90,33,12,12,12
47,17,6,3,3
91,46,8,9,7
67,40,22,8,16
70,19,6,4,4
1,0,0,0,0
1,3,0,0,0
2,0,0,0,0
4,2,3,0,2
9,3,0,1,0
0,1,0,0,0
13,6,3,7,1
3,2,1,2,1
7,5,2,3,0
12,8,1,0,2
27,6,0,0,4
1,0,0,0,1
1,2,0,0,0
5,1,4,2,3
5,0,2,1,4
5,0,1,0,2
5,2,4,3,3
1,0,0,0,0
1,0,0,0,0
1,0,0,0,0
34,20,11,7,12
51,14,6,5,4
19,5,2,0,3
1,0,0,0,1
26,4,3,1,1
6,1,2,0,2
0,3,0,0,1
45,12,9,4,5
5,0,0,1,0
2,1,1,0,0
4,1,0,0,1
2,0,1,0,0
2,1,2,0,0
5,1,2,0,0
1,1,0,0,0
8,5,1,3,6
7,5,0,1,3
4,3,0,0,0
0,1,0,0,0
2,0,1,0,0
0,0,1,0,0
0,1,0,0,1
88,27,11,5,3
3,1,0,0,1
23,4,7,1,2
99,38,25,12,8
18,3,2,0,3
2,0,0,0,0
13,3,2,0,0
4,1,0,1,0
8,3,0,0,1
6,2,2,2,1
3,0,2,1,0
5,0,0,1,1
4,0,0,1,1
1,0,1,1,0
2,1,1,0,1
6,0,1,1,0
1,3,0,0,0
2,4,0,0,1
1,0,0,0,0
9,4,1,1,0
39,4,2,2,1
2,0,1,0,2
4,5,1,0,1
7,3,2,1,1
2,2,0,1,1
9,1,1,1,3
6,0,1,2,0
4,3,2,1,1
4,1,0,1,0
3,0,0,0,0
6,7,5,0,1
53,8,2,0,0
47,6,2,0,0
9,8,0,0,0
17,3,1,2,3
40,5,4,5,0
14,4,0,2,0
81,48,19,15,5
11,15,4,5,1
1,0,0,0,0
56,19,13,1,3
89,42,22,17,9
22,5,0,1,0
0,0,2,0,0
161,46,22,11,6
26,11,5,4,0
825,299,115,75,82
202,68,11,14,22
80,27,8,7,6
19,4,0,1,2
26,12,4,5,5
1,0,0,1,0
11,12,3,4,1
0,0,0,0,1
53,10,4,5,6
17,2,5,1,2
5,1,1,0,1
3,0,0,0,0
200,85,36,18,17
194,88,46,16,19
6,1,0,1,2
245,91,32,20,13
10,0,3,0,0
66,12,9,4,5
7,11,3,3,2
18,5,5,1,1
79,33,18,6,10
64,21,10,4,9
94,51,12,8,12
97,24,11,5,5
100,43,17,10,13
312,118,41,19,30
116,31,16,7,6
223,83,19,15,18
156,47,23,6,12
304,121,59,29,24
162,48,21,11,11
285,114,43,19,23
10,4,2,0,3
96,41,12,10,2
70,25,10,5,3
69,27,5,5,1
8,4,2,1,3
8,3,1,1,2
36,8,4,8,3
2,0,0,0,3
1,2,0,1,0
5,3,0,0,5
3,0,0,0,0
6,1,1,0,0
1,0,0,0,0
0,2,0,0,1
53,13,8,3,4
31,19,6,2,0
29,14,2,1,3
3,2,0,0,1
150,64,20,10,19
12,6,4,1,0
0,1,0,0,0
0,1,1,0,0
26,7,1,0,1
18,11,0,0,0
10,3,0,1,0
11,6,2,1,1
236,69,33,18,24
164,66,19,10,9
1,0,0,1,0
4,0,0,1,0
3,0,0,2,0
1,0,0,3,0
5,2,0,0,1
0,1,0,0,2
3,2,0,0,1
19,12,7,5,3
9,9,1,7,4
9,12,5,4,3
7,13,0,3,2
5,9,2,2,1
5,4,2,0,1
3,8,1,1,1
1,6,0,0,1
2,3,0,1,2
10,1,3,1,1
33,15,12,2,4
49,29,11,1,5
72,43,6,7,11
80,51,10,4,14
1,0,1,2,0
16,15,3,4,0
20,13,5,4,1
6,0,0,1,0
112,63,35,17,24
82,25,12,9,8
12,5,1,0,2
0,2,0,0,0
1,1,0,0,1
10,6,2,0,0
18,17,8,5,2
7,5,3,4,3
15,10,7,6,1
17,6,4,4,1
14,12,3,1,0
60,22,12,5,3
7,6,1,0,0
6,5,1,0,0
8,2,1,0,1
26,21,3,2,5
35,24,4,8,4
43,23,6,10,9
8,23,3,1,6
20,29,7,4,8
29,29,8,6,10
51,34,11,6,10
5,0,0,1,0
4,0,0,0,0
0,1,0,0,0
20,6,1,3,2
61,17,8,8,2
37,6,11,6,5
16,5,5,0,4
2,0,0,1,1
4,6,1,1,0
4,1,0,1,1
71,28,2,13,10
2,4,1,1,5
2,2,0,1,3
6,0,0,1,2
0,1,0,0,0
15,1,1,1,3
5,0,2,0,0
5,0,1,0,1
6,6,0,4,2
53,18,5,6,15
9,0,0,0,0
25,2,1,1,2
42,7,2,1,1
20,10,3,3,4
3,0,0,1,0
9,2,1,2,0
7,1,0,3,0
75,19,8,4,4
12,2,2,1,1
4,3,1,1,2
11,2,2,1,0
6,1,0,0,0
5,2,1,0,0
1,1,0,0,0
1,1,0,0,0
1,0,1,1,0
31,15,0,4,4
1,0,0,1,0
23,5,1,1,3
11,6,2,0,2
23,6,2,2,1
27,3,2,3,0
17,2,1,3,2
15,6,4,0,1
37,16,3,3,6
3,1,2,0,1
0,1,0,1,0
38,8,1,0,1
389,74,37,14,10
0,0,0,0,1
0,0,0,0,1
1,0,0,1,0
1,2,0,0,0
2,1,0,0,0
2,3,0,3,2
5,4,0,0,2
1,3,1,0,1
7,1,1,0,1
4,1,0,1,1
6,1,1,0,1
18,4,4,0,1
3,0,2,0,0
3,0,0,0,0
77,20,7,1,1
7,3,0,0,0
14,4,1,0,0
11,4,4,0,1
0,3,0,0,1
587,205,42,26,27
348,123,31,10,9
429,103,30,18,26
391,124,25,16,13
536,183,41,29,31
160,57,19,10,9
186,63,21,16,13
92,44,3,4,8
130,60,15,7,12
237,91,28,15,17
199,66,18,9,11
247,82,21,15,13
265,96,19,14,10
49,27,3,4,4
250,102,22,21,28
2,1,0,0,0
10,3,0,1,1
26,13,3,2,2
21,11,2,3,1
31,11,4,2,3
1,0,0,0,0
28,14,3,1,4
35,11,4,1,1
57,15,3,2,1
40,38,13,3,1
0,0,1,0,0
200,93,21,9,5
196,82,24,12,12
171,72,24,14,6
33,9,4,2,2
24,8,3,1,2
62,27,11,3,5
71,39,15,5,3
5,1,1,0,0
123,46,13,12,12
12,6,4,2,2
263,126,38,25,21
51,33,8,9,5
5,1,0,2,0
10,6,0,4,1
16,4,1,2,5
13,7,5,4,1
0,1,1,0,0
0,1,0,0,0
1,1,1,0,0
0,0,0,1,0
1,0,1,0,0
64,16,5,10,8
18,15,1,1,5
7,2,0,0,0
1,0,0,0,0
11,6,1,0,1
12,5,1,0,1
5,11,6,2,2
18,1,0,0,4
3,3,3,1,0
6,0,0,1,1
6,4,5,1,2
6,3,2,1,1
4,2,2,5,1
1,1,0,0,0
9,4,0,1,1
28,20,2,4,6
57,21,10,3,7
0,1,1,0,0
8,1,1,2,1
15,4,2,2,1
18,7,3,1,5
196,91,24,9,7
15,3,0,2,2
28,11,1,2,4
9,1,1,0,1
14,1,0,0,2
255,104,32,22,15
295,129,54,27,27
301,124,46,20,17
1,0,0,0,0
3,3,0,0,0
3,0,0,0,0
151,59,10,12,12
1,1,0,0,0
1,1,0,0,0
2,2,0,4,0
5,6,2,1,1
9,6,1,0,0
10,11,0,0,2
23,11,12,4,7
28,16,4,5,8
10,4,0,0,0
4,2,0,0,0
3,4,0,0,0
6,3,0,1,0
2,1,2,0,2
2,0,0,0,0
11,2,0,0,1
21,3,1,0,1
29,3,1,0,2
17,7,4,1,2
15,3,1,1,1
81,28,12,11,7
35,9,2,1,2
11,5,5,1,2
4,3,0,1,0
27,10,7,0,2
100,27,12,6,6
19,7,3,3,2
4,2,1,2,0
37,18,2,3,1
60,24,4,2,3
28,11,4,2,10
1,2,2,0,1
3,1,0,0,2
16,6,2,0,2
14,7,3,0,2
3,0,0,0,2
10,8,1,1,0
59,31,13,3,3
145,49,17,6,8
46,32,11,1,10
1,0,0,0,0
0,1,0,0,3
1,1,1,0,0
0,1,0,0,0
0,1,0,0,0
35,14,5,7,3
17,15,4,3,3
19,13,5,4,3
1,0,1,0,0
10,1,3,0,0
14,3,3,0,4
10,8,2,0,4
18,4,1,1,2
10,1,1,0,0
1,0,0,0,0
23,6,3,0,3
2,0,0,1,1
8,0,0,1,0
60,31,15,5,12
39,15,7,4,6
9,5,1,1,2
11,4,0,0,2
0,2,0,0,0
6,0,0,2,1
257,65,29,19,9
20,5,3,3,5
190,58,26,21,9
118,23,9,11,1
18,7,1,1,0
52,20,2,6,0
3,1,0,1,0
4,3,3,3,0
2,3,0,0,0
13,4,3,0,0
13,0,2,1,1
1,1,1,0,0
0,1,0,0,0
0,0,0,0,1
3,0,1,1,1
1,0,2,0,0
0,0,0,0,1
19,9,1,1,1
15,7,3,1,2
5,4,0,0,1
4,5,0,0,1
3,2,0,0,0
9,2,0,0,2
6,4,1,0,1
9,4,3,2,0
12,4,0,3,3
24,7,1,1,3
20,2,3,2,3
19,3,3,1,1
7,3,0,0,1
8,3,1,0,0
3,2,0,0,0
18,1,3,1,2
7,6,2,1,1
4,0,0,0,0
16,5,0,2,3
28,8,2,2,2
27,4,8,2,1
1,1,0,0,0
5,3,0,0,2
1,0,1,0,0
4,1,0,0,2
7,0,0,1,1
4,2,2,0,0
14,3,0,2,1
4,2,2,0,0
0,0,1,0,1
4,0,0,0,0
255,65,27,15,13
1,0,0,0,0
0,3,0,0,0
6,3,0,1,0
15,7,0,2,1
8,3,0,1,1
4,7,2,0,1
3,7,1,0,0
2,3,1,0,1
0,6,1,0,1
6,2,1,0,2
1,1,0,0,1
4,1,0,1,0
10,3,3,2,0
2,0,0,0,0
2,0,0,0,0
2,0,0,0,0
5,3,3,1,2
1,0,0,0,0
7,3,3,2,3
2,1,1,0,1
2,1,1,0,1
1,0,0,0,0
5,5,0,0,1
0,1,0,0,0
7,5,0,0,0
5,2,0,2,0
18,12,4,2,1
288,134,40,41,33
1,3,0,2,3
29,6,4,4,6
10,2,1,0,1
0,1,0,0,0
27,10,3,3,1
126,31,16,8,12
23,7,1,4,5
0,0,0,0,1
5,2,1,0,2
14,1,0,1,1
0,1,0,1,1
0,1,0,0,1
4,2,0,2,1
14,6,0,1,1
7,3,0,0,1
5,3,1,1,0
2,0,3,0,0
0,2,1,0,0
0,1,0,0,0
0,1,0,0,0
1,1,0,0,1
2,2,3,1,0
4,0,2,0,0
2,1,0,0,0
3,0,0,0,0
4,4,1,1,1
11,3,2,1,2
2,2,0,0,1
1,0,0,0,0
12,2,3,3,2
6,2,1,0,1
27,16,5,4,4
55,27,6,2,10
41,8,3,4,6
17,6,3,2,4
26,5,5,1,5
15,4,0,2,4
1,1,0,0,0
13,15,2,2,3
10,6,0,0,2
72,29,12,2,2
111,49,14,14,4
286,98,50,36,21
1,1,0,0,1
4,4,0,1,0
21,10,3,6,2
8,0,1,1,1
6,5,1,0,0
16,9,3,1,2
42,10,2,1,2
72,20,1,5,5
1,0,0,0,0
1,0,0,0,0
4,1,2,1,0
3,1,0,0,1
20,3,5,1,2
7,2,1,0,1
12,3,3,1,2
9,1,1,0,1
4,3,1,1,1
5,2,1,0,2
3,0,0,0,0
2,0,0,0,0
4,1,1,0,1
8,1,2,2,2
3,1,2,1,1
12,4,3,3,1
5,3,3,0,2
1,0,0,0,0
3,4,2,0,0
2,3,4,2,1
788,337,131,86,66
43,16,5,3,1
3,2,0,0,0
9,5,0,1,0
41,11,6,1,5
10,8,0,0,0
1,0,1,0,0
6,2,0,0,2
1,0,0,0,2
2,3,0,0,1
24,3,4,4,3
34,8,3,3,1
4,2,2,2,0
7,7,4,2,0
9,0,2,0,0
10,2,4,1,1
8,1,2,2,1
4,2,1,0,2
12,9,1,0,5
3,1,0,0,1
2,2,0,1,0
10,7,1,4,2
2,1,0,0,0
5,4,0,0,1
7,7,0,1,0
13,7,6,2,3
16,11,2,3,0
16,13,5,2,2
13,6,2,1,1
10,2,1,0,1
9,1,1,0,1
6,4,1,1,0
19,14,3,4,2
31,19,8,3,1
15,5,0,1,2
17,4,2,3,1
47,18,5,1,2
179,55,37,21,20
398,142,67,35,47
148,85,30,14,15
139,64,23,14,14
47,22,14,4,2
18,9,3,0,4
24,3,3,0,2
3,1,2,0,0
9,2,2,0,0
5,4,1,0,0
1,0,0,0,0
1,0,0,0,0
33,9,1,1,5
1,1,0,0,0
23,12,4,4,5
17,9,1,1,3
18,1,1,0,2
15,8,0,3,4
45,15,9,2,2
190,89,29,15,15
253,95,25,26,16
72,24,3,8,10
8,8,6,4,3
1,0,0,1,0
19,7,3,0,0
360,106,52,30,33
5,0,0,1,0
4,0,0,1,0
2,1,0,1,0
8,5,3,2,2
114,64,25,21,18
181,64,28,15,21
10,4,3,1,0
2,0,0,0,0
430,139,44,41,37
339,104,42,22,24
15,10,5,3,0
6,5,3,2,1
149,52,19,7,7
219,71,25,6,9
197,60,33,10,9
276,82,40,16,15
5,2,1,0,1
5,0,1,0,1
164,50,24,8,11
195,56,23,17,15
45,27,18,16,9
14,4,2,0,5
1,2,0,0,0
35,21,6,7,6
5,1,1,3,2
5,1,0,0,1
14,6,2,3,3
13,6,1,3,2
5,0,0,2,3
4,9,0,1,2
6,5,0,1,0
5,5,1,1,0
3,4,2,0,0
8,11,1,2,0
11,10,6,1,2
1,5,1,0,2
10,6,0,0,2
4,0,0,0,0
5,1,0,0,2
2,3,0,0,1
3,2,0,0,2
1,0,0,0,0
0,1,0,0,0
50,24,14,5,4
50,25,11,3,5
45,30,5,2,5
26,13,9,5,6
33,24,9,8,2
46,21,15,9,3
65,48,19,5,5
26,26,11,8,6
23,7,5,7,2
46,40,14,9,5
14,26,5,9,8
18,15,5,5,2
33,25,13,11,2
67,31,9,4,6
20,11,8,1,2
24,14,6,4,4
9,2,1,0,0
58,45,17,8,4
18,10,3,2,2
5,2,3,0,0
1,0,0,0,1
107,64,23,15,7
138,82,30,16,8
6,4,0,1,2
119,47,23,12,11
62,23,8,7,6
199,86,33,17,12
45,26,8,3,6
142,58,20,12,12
46,15,11,3,2
144,68,14,9,11
61,17,5,6,1
6,1,1,2,0
44,17,10,5,4
59,36,13,8,5
76,36,9,8,6
19,3,0,0,1
252,118,27,27,31
3,0,0,0,2
55,21,6,7,3
62,28,8,9,3
43,18,5,5,2
37,21,3,4,1
41,13,6,3,2
2,2,0,0,2
5,2,1,0,0
4,2,1,0,0
15,3,1,1,1
0,2,0,4,0
0,1,1,0,0
12,6,1,1,1
17,6,4,4,0
7,2,0,0,1
7,1,1,1,2
1149,275,100,49,45
450,125,30,23,31
470,102,51,25,16
5,1,0,0,0
9,4,0,1,0
3,3,1,0,3
12,12,4,0,1
0,1,0,0,0
26,19,4,4,1
31,4,5,2,0
28,13,6,3,2
41,15,1,4,2
22,7,3,2,4
4,1,1,0,0
1163,461,188,100,123
14,7,4,1,3
16,5,3,1,6
13,5,0,1,0
12,4,4,0,0
11,2,1,1,1
8,4,0,0,0
27,5,1,1,1
4,3,0,0,3
32,11,3,3,1
25,10,8,1,1
26,13,10,2,1
12,11,1,0,1
11,2,0,0,0
7,4,0,0,0
9,2,1,0,0
41,4,3,2,2
41,6,4,3,6
80,21,10,10,6
3,1,0,2,0
19,6,4,0,6
24,17,5,2,2
16,12,5,4,2
1,1,0,0,0
16,6,1,1,1
18,11,6,2,5
22,10,8,2,2
6,5,1,1,1
5,2,0,2,0
228,91,21,15,14
364,151,32,26,23
24,13,2,0,6
37,15,3,1,3
10,4,0,0,2
5,2,1,1,0
12,2,4,0,0
10,1,2,0,1
3,2,1,0,1
4,1,2,0,0
29,9,4,5,2
19,3,2,0,1
13,7,1,0,0
14,4,1,3,0
0,0,1,0,0
16,5,2,0,0
17,8,0,3,1
38,9,0,3,1
20,13,7,3,1
23,13,5,4,5
41,28,6,4,5
66,43,8,6,8
52,13,5,5,0
17,17,5,4,0
52,24,9,9,6
10,3,3,1,0
3,2,2,0,0
23,8,4,1,2
10,5,3,2,1
54,21,6,2,0
70,26,6,4,1
77,33,12,5,13
28,32,4,2,2
3,5,0,0,0
17,12,3,6,1
17,9,1,3,4
29,15,4,3,9
22,9,1,2,0
5,2,0,1,0
2,2,0,0,0
29,14,1,3,10
26,16,3,1,9
1,1,0,0,1
11,6,1,0,1
1,2,0,1,2
43,14,4,0,4
113,29,13,5,10
13,11,0,0,3
29,12,2,0,6
32,10,4,3,6
27,7,2,2,6
15,4,4,0,2
53,26,15,4,8
3,1,0,0,0
14,4,3,2,2
6,7,4,0,2
38,17,9,3,6
16,3,1,2,3
25,8,3,4,3
4,1,0,1,2
6,1,0,1,0
0,1,0,0,0
1,0,1,0,1
76,43,25,9,6
13,4,0,0,1
27,3,6,1,1
18,4,0,1,1
5,5,1,0,1
18,4,2,0,1
74,21,4,7,5
43,15,3,1,5
15,5,2,1,2
7,0,0,0,3
37,11,2,2,2
3,0,1,1,1
0,0,0,1,1
2,0,0,1,1
0,0,0,1,0
1,0,0,1,0
0,1,0,1,0
1,0,0,2,0
2,2,1,0,1
2,0,0,0,1
3,0,1,0,1
3,3,0,0,1
2,0,0,0,0
1,2,1,0,1
1,1,0,0,1
3,2,0,1,1
1,0,0,0,0
1,1,0,0,0
1,0,0,1,0
1,1,0,0,0
1,2,0,0,0
1,2,1,0,0
3,3,2,1,1
4,2,0,1,1
2,1,0,0,0
3,0,0,0,1
4,1,1,1,1
4,2,0,2,1
3,0,0,1,1
3,0,0,0,0
2,2,1,1,3
0,1,0,1,0
3,0,0,0,0
0,0,0,0,1
3,0,0,0,1
3,0,0,0,1
2,0,0,0,0
0,0,0,0,1
0,1,0,0,0
0,0,0,0,1
0,0,0,2,0
0,1,0,0,0
0,0,0,1,0
0,1,0,0,1
1,0,0,0,1
1,1,0,0,1
0,0,0,0,1
0,0,0,0,1
0,0,1,0,0
0,1,0,1,0
5,0,1,1,0
8,5,1,1,0
6,1,0,1,0
3,1,0,1,0
5,0,1,0,0
1,0,0,0,0
0,0,0,2,0
0,1,0,0,0
2,1,0,1,0
0,1,0,1,0
2,0,0,0,0
1,2,0,1,0
4,1,0,0,0
0,1,0,0,0
1,0,0,0,0
1,0,0,0,0
0,1,0,0,0
0,1,0,0,0
0,0,0,0,1
0,0,0,0,1
0,1,0,0,0
0,1,0,0,1
0,1,0,0,1
0,0,0,0,2
1,1,1,0,0
0,1,0,0,0
0,0,0,2,0
2,0,0,0,0
1,0,0,0,0
1,0,0,0,0
3,0,0,0,0
1,0,0,0,1
0,0,0,3,0
0,0,0,1,0
0,1,0,0,0
15,5,2,0,0
1,4,0,0,2
6,6,1,0,2
1,0,0,0,0
2,0,0,0,1
2,0,0,0,1
1,0,0,0,0
2,0,0,0,1
3,0,0,0,0
0,0,0,1,0
1,1,0,1,0
2,3,0,1,0
2,1,2,1,1
2,1,0,2,0
1,1,0,0,1
1,2,0,3,0
2,0,0,0,2
1,0,0,0,0
2,0,0,0,1
1,0,0,0,0
0,1,1,0,1
0,0,0,1,0
3,0,0,0,0
3,0,0,1,0
0,0,1,0,0
1,0,0,0,0
1,0,0,0,0
0,0,0,2,0
6,1,0,0,1
5,1,0,0,0
6,2,1,0,1
7,1,0,3,1
2,0,0,2,1
3,0,1,0,0
1,0,0,0,0
2,0,0,0,0
11,0,0,0,0
8,0,0,0,0
1,0,2,0,0
4,0,2,0,0
3,3,3,0,3
2,0,1,0,0
4,3,2,0,0
6,2,3,2,0
1,0,0,0,0
3,0,0,0,1
1,0,0,0,0
2,0,0,0,0
1,0,0,0,0
5,1,0,0,0
3,4,3,0,1
2,1,0,0,0
1,0,0,0,0
16,0,0,0,0
1,3,1,0,0
3,2,1,0,1
1,1,0,0,0
2,1,0,0,0
0,1,0,0,0
3,2,0,0,0
2,4,0,0,2
1,3,0,0,0
1,2,0,0,2
1,1,0,0,0
1,2,1,0,0
0,2,0,0,1
2,2,0,0,0
5,0,0,1,0
2,0,0,1,0
2,0,0,1,0
3,1,0,1,0
0,0,0,1,0
0,1,0,0,0
3,0,0,0,0
4,0,2,0,0
3,0,2,0,1
1,0,1,0,0
1,0,0,0,0
1,0,3,0,1
1,0,0,0,0
1,1,1,0,0
0,1,0,0,0
1,0,1,1,0
0,0,0,1,0
0,0,0,2,0
0,0,0,1,0
1,0,0,0,1
1,0,0,0,1
1,0,0,0,1
1,0,0,0,0
1,0,0,0,0
1,1,0,1,0
2,1,0,3,2
2,0,0,0,1
8,1,1,0,1
3,0,0,0,0
6,3,1,1,1
2,0,0,2,2
3,0,0,0,0
2,2,0,0,0
3,0,0,0,0
0,1,0,0,0
1,0,0,0,0
3,1,0,1,0
3,0,1,0,0
1,0,1,0,0
0,0,1,1,0
2,1,1,2,0
1,0,0,1,0
5,2,0,2,2
5,1,0,1,1
8,4,1,1,2
4,0,1,1,3
2,2,1,0,1
7,1,3,1,0
6,3,4,2,0
5,1,2,1,0
1,0,0,0,0
8,0,1,1,0
6,0,1,0,0
4,0,1,0,0
0,0,1,1,0
0,0,0,1,0
4,1,0,1,0
4,1,0,2,0
1,0,0,0,0
6,1,1,0,0
1,0,0,0,0
1,0,0,0,0
1,0,0,0,0
4,2,0,0,0
1,1,0,0,1
2,1,0,0,1
2,4,2,0,0
1,3,1,0,1
0,2,0,0,0
1,0,0,0,0
1,0,0,0,0
0,1,0,0,0
2,1,0,1,0
0,1,0,1,0
1,0,0,0,0
1,0,0,1,0
1,0,0,1,1
4,0,0,1,1
1,0,0,0,0
1,1,2,1,1
0,1,0,0,0
1,0,0,1,0
0,1,0,0,0
1,2,1,0,1
2,0,0,0,1
1,0,0,0,0
1,0,0,0,0
3,1,0,1,0
0,0,0,0,1
2,1,0,1,0
5,1,3,0,2
3,1,1,0,2
3,0,0,0,2
1,0,0,0,2
2,0,0,0,3
3,2,1,1,1
2,0,0,0,2
2,2,1,0,1
0,0,0,1,0
1,0,0,2,0
1,0,0,1,0
0,0,0,1,0
0,0,0,1,0
2,0,1,0,1
3,0,2,1,1
6,2,0,0,0
3,0,1,2,0
4,1,0,1,1
1,1,0,0,1
2,1,1,0,1
3,1,0,0,0
0,1,0,0,0
5,3,1,0,1
3,6,2,0,0
1,1,0,0,1
1,0,0,0,0
1,1,2,2,4
0,1,0,1,0
7,5,2,0,2
13,6,2,1,2
4,2,0,0,1
13,7,2,0,3
11,5,1,1,0
6,2,1,2,0
5,2,0,2,1
7,2,0,2,1
5,1,1,2,0
1,0,0,0,0
1,1,0,0,0
1,1,0,0,0
2,0,0,0,0
4,2,0,0,2
2,2,1,1,0
1,1,0,1,0
2,0,1,0,0
4,2,1,1,0
3,1,0,0,0
2,2,0,0,0
4,7,0,2,0
4,8,0,0,0
3,0,0,0,0
3,1,1,0,1
4,1,0,0,0
5,0,0,0,0
2,0,0,0,1
1,0,0,0,1
0,0,1,0,0
1,0,1,0,0
13,0,1,0,0
1,0,1,0,0
7,1,1,0,0
6,0,1,0,0
7,0,1,0,0
1,0,1,0,0
5,0,2,0,0
5,0,1,0,0
2,0,1,0,0
4,0,1,0,0
11,0,1,0,0
4,0,1,0,0
4,0,1,0,0
4,0,1,0,0
0,0,1,0,0
5,0,1,0,0
3,0,1,0,0
4,0,2,0,0
0,0,1,0,0
0,0,1,0,0
2,0,1,0,0
0,0,1,0,0
1,0,2,0,0
0,0,1,0,0
