10002,33,8,4,2,2
10080,14,5,2,0,0
10120,18,7,1,2,2
10123C,0,1,0,0,2
10124A,3,0,0,1,1
10124G,2,1,0,1,0
10125,41,8,7,4,4
10133,68,25,12,10,9
10135,64,25,11,10,11
11001,35,20,5,2,2
15030,6,3,1,1,2
15034,50,16,13,4,8
15036,199,64,26,15,21
15039,37,15,7,2,10
15044A,52,10,6,5,6
15044B,27,8,3,3,7
15044C,36,10,4,6,5
15044D,47,6,9,5,7
15056BL,203,41,24,10,13
15056N,262,59,22,19,20
15056P,88,26,11,7,5
15058A,26,13,4,4,4
15058B,25,7,4,2,3
15058C,19,6,1,1,3
15060B,53,25,7,4,6
16008,39,20,8,3,0
16010,1,1,1,0,0
16011,25,11,4,1,6
16012,18,11,4,3,1
16014,27,12,8,3,4
16015,9,2,8,1,4
16016,36,11,6,5,7
16020C,2,0,0,0,0
16033,4,0,0,0,0
16043,1,0,0,0,1
16045,33,16,10,9,1
16046,7,5,2,2,0
16048,23,11,7,5,3
16049,3,2,0,0,0
16052,4,2,0,0,0
16054,20,6,5,2,0
16151A,2,1,0,0,0
16156L,10,4,2,1,1
16156S,95,36,17,14,5
16161G,11,5,1,3,2
16161M,1,0,0,0,0
16161P,142,57,23,13,14
16161U,92,25,8,3,6
16162L,4,1,0,0,1
16162M,5,1,1,0,0
16168M,12,6,0,1,1
16169E,81,36,13,17,3
16169K,5,1,1,1,0
16169M,11,8,4,0,3
16169N,1,0,0,0,0
16169P,1,0,1,0,0
16202A,1,0,0,0,1
16202B,2,0,0,0,0
16202E,1,2,0,0,0
16206B,1,1,0,0,0
16207A,5,0,0,0,0
16207B,1,1,1,0,0
16216,20,11,5,2,3
16218,27,14,4,4,1
16219,26,12,9,0,0
16225,42,21,9,2,3
16235,45,24,2,5,5
16236,41,16,8,5,3
16237,85,46,22,6,10
16238,44,16,12,3,5
16244B,1,1,0,0,0
16248B,1,4,1,1,0
16254,5,3,0,1,0
16258A,23,7,6,1,1
16259,14,10,2,1,4
17001,0,0,0,0,1
17003,120,42,19,16,12
17007B,1,0,1,0,0
17011F,4,2,0,0,0
17012A,14,6,2,2,1
17012B,20,9,4,1,2
17012C,22,13,4,3,2
17012D,25,14,5,1,1
17012E,1,1,0,2,0
17012F,23,13,3,2,1
17013D,7,2,0,0,2
17014A,2,1,1,1,2
17021,32,12,5,4,4
17028J,0,0,0,0,1
17038,10,4,1,2,2
17084A,2,3,1,0,1
17084J,2,2,1,0,3
17084N,18,9,1,1,3
17084P,6,2,1,1,3
17084R,15,3,2,7,0
17090A,4,3,1,1,1
17090D,10,1,1,0,1
17091A,13,9,0,0,4
17091J,56,20,7,2,6
17096,8,1,0,3,1
17107D,22,12,8,2,3
17109D,2,3,0,0,0
17129F,13,3,2,1,0
17136A,7,6,3,2,2
17164B,4,3,1,2,0
17165D,1,2,3,1,0
17174,3,0,0,0,0
17191A,0,2,0,0,0
18007,8,6,3,1,0
18094C,10,3,0,1,1
18097A,0,0,0,1,3
18097C,28,14,3,10,1
18098C,25,2,7,3,1
20615,23,6,5,0,1
20616,14,9,1,0,1
20617,17,7,2,0,0
20618,20,4,2,1,1
20619,17,2,2,0,1
20622,21,6,4,0,2
20652,19,7,6,2,2
20653,2,3,1,0,0
20654,17,3,1,3,0
20655,27,4,2,0,1
20657,12,3,3,3,1
20658,37,12,4,2,7
20659,22,4,4,1,1
20661,4,1,0,0,0
20662,4,0,0,1,0
20663,3,0,0,0,0
20664,0,1,2,0,0
20665,41,17,5,4,6
20666,1,0,1,0,2
20667,0,1,0,0,0
20668,118,39,17,11,3
20669,24,9,5,4,5
20670,3,1,2,0,0
20671,1,1,0,0,0
20674,95,29,13,10,5
20675,139,44,26,11,6
20676,199,55,26,13,11
20677,142,40,24,10,8
20678,1,0,0,0,0
20679,172,52,25,9,13
20681,20,8,3,2,1
20682,124,35,9,7,8
20684,22,6,3,0,2
20685,396,91,55,18,19
20686,40,14,3,5,3
20694,7,2,1,0,1
20695,1,0,1,1,1
20696,7,1,1,0,1
20697,9,0,1,1,0
20698,7,0,1,0,0
20699,3,5,2,0,1
20700,2,1,1,0,0
20701,1,2,0,0,0
20702,28,7,3,1,2
20703,1,0,0,0,0
20704,21,9,4,1,4
20705,14,6,4,0,4
20707,22,4,0,2,3
20711,176,41,12,8,10
20712,375,64,30,15,13
20713,334,58,12,8,9
20716,19,8,4,0,4
20717,143,56,21,7,9
20718,252,82,18,20,18
20719,402,80,27,21,16
20723,362,86,21,20,11
20724,535,116,40,42,18
20725,985,204,63,41,24
20726,600,156,49,22,15
20727,794,192,55,42,22
20728,666,188,72,32,31
20731,4,2,2,0,0
20733,33,10,2,3,1
20735,23,5,1,0,1
20748,14,6,8,1,1
20749,210,74,36,24,24
20750,202,82,40,27,16
20751,106,41,23,14,13
20752,66,31,11,6,3
20754,158,44,18,12,11
20755,29,13,3,3,3
20756,11,3,1,6,1
20757,17,7,2,6,1
20758,17,14,2,8,3
20759,10,6,1,3,0
20760,9,8,1,3,1
20761,24,15,5,3,8
20762,25,14,4,5,3
20763,15,7,2,1,0
20764,31,21,2,5,3
20765,22,19,5,4,3
20766,17,20,8,3,2
20767,27,24,3,5,2
20768,20,11,4,2,0
20769,18,7,0,1,0
20770,8,13,2,4,2
20771,18,6,3,1,0
20772,26,11,5,0,4
20773,11,11,1,0,1
20774,11,7,4,0,1
20775,6,13,0,2,1
20777,13,18,2,2,1
20778,6,1,1,0,0
20780,13,4,0,1,1
20781,10,10,0,0,3
20782,13,3,1,0,1
20785,3,0,0,2,0
20793,0,1,2,0,1
20794,13,1,0,0,2
20795,6,2,0,0,0
20796,3,4,1,0,0
20798,3,0,0,0,2
20801,39,6,3,0,7
20802,25,12,1,2,4
20803,21,7,2,0,2
20816,0,0,2,0,0
20818,1,1,0,0,0
20819,7,4,2,0,3
20820,1,1,0,0,0
20821,2,2,1,0,0
20823,5,2,0,1,0
20826,6,1,0,1,0
20827,2,0,0,0,0
20828,90,29,21,25,21
20829,106,31,16,8,8
20830,13,7,0,0,0
20831,20,2,2,0,0
20832,34,11,9,1,2
20835,6,0,1,0,0
20836,8,8,0,0,1
20837,8,3,2,1,1
20838,20,7,3,2,1
20839,20,21,3,3,2
20840,25,14,0,3,2
20845,8,1,0,1,1
20846,37,16,3,4,4
20847,6,5,1,1,1
20848,4,3,0,1,0
20851,3,3,1,0,0
20854,9,5,1,1,2
20856,14,8,0,3,2
20857,4,3,0,1,0
20861,1,0,0,1,0
20866,23,7,2,4,2
20867,16,3,3,1,2
20868,14,10,4,2,1
20869,8,4,5,1,0
20878,4,1,2,0,1
20886,46,14,5,7,7
20892,0,0,1,0,0
20893,12,6,0,1,1
20894,6,0,1,1,1
20897,2,2,2,0,2
20898,2,2,0,0,1
20901,3,0,0,0,0
20902,3,1,0,0,2
20903,4,3,0,0,3
20906,1,1,0,0,0
20910,2,1,0,0,0
20914,499,160,52,48,25
20931,13,14,5,1,4
20932,10,6,2,1,3
20933,4,3,1,1,0
20934,9,5,1,1,4
20935,2,1,1,0,0
20936,17,4,3,2,0
20941,9,4,0,2,3
20956,32,14,9,4,2
20961,72,38,8,6,6
20963,73,29,14,4,6
20964,1,0,0,0,0
20966,24,7,5,2,3
20967,44,17,6,4,5
20969,165,62,17,8,7
20970,149,52,17,8,6
20971,287,102,39,26,14
20972,314,146,43,27,20
20973,180,67,25,13,6
20974,178,66,27,19,13
20975,195,54,35,20,11
20977,88,28,13,8,8
20978,102,51,16,7,9
20979,142,44,23,14,11
20980,6,1,1,0,3
20981,99,68,23,12,9
20982,101,74,25,15,7
20983,120,81,21,18,10
20984,87,45,18,16,10
20985,58,11,20,2,5
20986,38,9,9,3,4
20992,156,57,20,16,12
20996,112,44,20,9,3
20997,4,0,0,1,0
20998,12,10,1,3,2
21000,6,6,3,2,0
21001,3,4,2,4,0
21002,2,0,2,1,0
21003,4,2,0,0,0
21011,1,1,0,0,0
21012,47,21,9,5,1
21014,38,14,11,3,4
21015,36,12,10,9,1
21018,4,0,0,0,1
21025,10,2,1,1,2
21026,13,5,3,3,1
21027,11,5,1,0,2
21028,18,1,0,1,1
21030,13,4,2,2,2
21031,7,2,2,0,0
21032,8,2,2,3,1
21033,73,24,3,5,4
21034,432,251,124,74,71
21035,145,44,17,8,11
21038,13,5,4,0,1
21039,50,18,4,1,4
21040,5,2,1,0,0
21041,94,26,8,8,10
21042,71,23,8,2,5
21043,29,17,2,1,9
21051,11,4,1,2,6
21054,12,9,2,3,1
21055,38,28,11,6,1
21056,41,11,7,4,3
21058,64,12,9,2,5
21059,39,23,8,3,4
21060,32,14,3,2,2
21061,31,9,5,5,2
21062,40,10,6,3,3
21063,50,18,6,5,2
21064,24,20,5,5,6
21065,19,12,5,1,7
21066,29,7,3,0,3
21067,29,7,2,0,6
21068,77,33,7,3,6
21069,40,6,4,0,2
21070,53,12,10,3,1
21071,59,31,7,6,7
21078,117,48,15,8,17
21080,488,144,57,32,32
21084,56,23,13,10,4
21086,210,44,27,9,6
21087,7,2,0,1,0
21088,43,12,11,4,4
21089,13,3,4,2,2
21090,70,20,14,9,6
21094,229,51,28,11,9
21095,6,2,0,1,0
21096,46,8,8,4,4
21098,115,41,15,6,7
21100,5,2,1,0,0
21106,8,11,6,2,8
21107,25,17,11,5,8
21108,77,66,28,13,13
21109,38,21,7,0,7
21110,35,22,9,3,11
21111,24,12,7,3,6
21112,21,17,3,2,3
21114,61,32,19,10,11
21115,83,20,12,8,10
21116,72,22,18,2,4
21117,7,4,5,1,0
21121,216,66,31,17,14
21122,184,69,28,14,20
21123,72,15,7,3,5
21124,128,54,26,10,14
21125,37,15,13,4,2
21126,32,19,7,3,8
21128,12,1,1,1,1
21129,14,3,1,0,2
21131,13,3,0,0,1
21132,13,1,0,1,1
21135,86,39,19,9,15
21136,164,97,41,26,34
21137,214,66,23,6,8
21143,14,5,7,1,2
21145,1,0,5,1,1
21147,16,1,0,2,3
21154,172,51,21,15,9
21155,256,54,20,18,13
21156,185,63,20,16,10
21157,9,2,2,0,2
21158,94,39,14,5,3
21159,71,26,7,3,2
21161,24,7,4,1,1
21162,85,37,10,6,2
21163,69,28,10,7,5
21164,147,61,12,12,18
21165,246,77,11,14,19
21166,373,154,39,26,21
21167,12,9,1,2,1
21169,210,95,20,15,16
21171,39,13,3,2,3
21172,243,68,37,19,16
21174,226,88,23,21,22
21175,433,168,44,30,26
21179,104,44,13,4,9
21181,450,158,36,28,41
21187,20,7,1,2,5
21188,21,5,3,4,1
21189,13,10,0,1,5
21190,3,0,4,0,0
21191,21,12,4,2,5
21192,25,9,5,1,3
21194,21,15,3,3,1
21195,18,4,0,1,1
21196,8,1,1,0,0
21197,6,3,2,1,1
21198,32,9,7,0,3
21199,31,7,5,3,3
21200,20,11,4,3,1
21201,53,5,7,6,4
21202,13,3,2,3,0
21204,28,13,4,4,2
21205,31,7,6,5,2
21206,54,13,4,4,2
21207,45,21,9,9,2
21208,28,19,5,2,3
21209,31,17,3,2,4
21210,228,69,27,25,19
21211,37,19,5,3,4
21212,658,213,91,58,48
21213,315,109,47,24,16
21215,43,16,3,1,3
21216,156,61,13,14,6
21217,163,54,24,7,10
21218,141,32,14,10,9
21219,28,11,3,0,1
21220,31,5,3,0,3
21221,14,5,2,0,3
21222,25,11,1,0,1
21224,55,18,6,1,3
21226,0,3,0,2,0
21228,0,1,0,0,1
21231,254,69,22,21,20
21232,360,127,41,32,33
21238,187,47,20,16,10
21239,132,40,15,9,8
21240,138,45,17,12,7
21242,142,42,20,11,10
21243,100,23,14,6,6
21244,89,31,15,6,7
21245,61,24,8,7,3
21246,24,5,2,1,7
21248,27,13,8,1,3
21249,47,13,9,6,4
21250,8,4,2,1,2
21251,18,11,1,3,2
21253,12,1,1,2,1
21257,97,24,10,12,11
21258,81,13,3,5,4
21259,166,38,12,11,12
21260,96,27,8,9,10
21261,16,6,2,1,2
21262,26,16,5,3,2
21263,25,12,0,1,1
21264,26,14,2,0,1
21265,9,5,1,0,1
21268,0,0,1,0,0
21269,7,5,1,4,1
21270,5,2,4,0,2
21272,42,12,1,6,5
21275,6,1,0,2,0
21277,10,4,2,3,1
21278,7,1,0,1,0
21279,7,3,2,0,0
21280,6,3,2,1,0
21281,2,2,1,0,1
21284,19,4,1,0,2
21285,27,4,1,1,0
21286,15,0,2,0,1
21287,24,16,9,3,2
21288,15,11,9,4,3
21289,6,10,2,0,1
21291,18,14,2,4,2
21292,11,8,3,2,2
21293,16,1,1,1,0
21294,30,18,7,1,4
21306,16,10,4,7,0
21307,8,1,2,2,0
21310,0,0,0,1,0
21311,29,13,3,3,0
21313,77,26,12,9,7
21314,193,79,30,13,31
21316,6,1,1,1,1
21317,14,5,7,0,2
21318,25,9,2,2,4
21319,8,1,2,0,1
21320,8,0,1,0,3
21324,5,10,1,1,3
21326,157,70,29,17,14
21327,79,32,22,9,6
21328,102,50,25,11,6
21329,93,47,18,6,8
21331,3,1,1,2,0
21332,5,1,1,0,1
21333,11,3,0,0,1
21336,3,0,0,0,0
21340,154,54,20,17,19
21344,3,1,0,1,0
21348,3,0,1,0,1
21349,1,1,3,1,1
21351,18,8,4,1,2
21352,17,9,3,6,2
21354,44,15,6,2,3
21355,59,26,15,5,9
21356,33,13,7,0,2
21357,5,3,3,0,0
21358,26,18,5,8,3
21359,18,2,1,2,4
21360,7,1,2,0,4
21361,32,13,1,3,5
21363,59,15,2,7,12
21364,10,3,4,1,3
21365,19,12,7,6,0
21366,4,2,1,2,2
21367,17,7,7,4,0
21368,16,6,6,3,0
21369,4,7,1,1,0
21370,4,2,1,1,0
21371,19,7,2,2,2
21372,13,4,5,2,1
21373,18,18,6,1,2
21374,15,11,5,7,2
21375,7,2,2,1,0
21376,9,2,2,1,1
21377,9,5,2,2,1
21378,9,4,2,4,3
21379,10,4,3,4,3
21380,141,47,16,18,13
21381,80,31,15,11,7
21382,49,26,10,6,5
21383,45,20,5,7,7
21385,111,56,19,11,21
21386,28,12,6,0,5
21389,51,28,4,4,15
21390,109,42,12,10,10
21391,39,15,13,9,5
21392,2,1,3,1,0
21393,2,2,2,2,0
21394,68,27,7,9,3
21395,45,23,3,4,4
21397,26,10,2,1,5
21398,31,9,2,1,6
21399,45,9,1,0,8
21400,21,16,2,6,3
21401,30,16,2,8,3
21402,38,14,4,3,2
21403,42,15,6,5,3
21407,48,24,6,8,8
21408,43,12,5,6,2
21411,112,39,18,11,10
21413,6,1,0,2,1
21414,0,0,1,0,0
21415,15,5,3,2,7
21416,1,0,0,1,2
21417,19,5,2,2,4
21418,7,2,1,0,3
21420,8,2,0,3,2
21421,8,3,0,1,1
21422,29,9,1,5,2
21424,16,2,3,1,0
21425,13,1,2,0,0
21426,13,2,2,1,0
21427,14,6,3,0,2
21428,126,30,10,11,6
21429,129,54,22,13,6
21430,208,62,22,18,14
21439,54,13,7,1,3
21441,21,7,3,1,6
21442,20,12,0,2,3
21445,16,2,1,0,2
21446,64,13,7,1,1
21447,63,19,2,4,4
21448,46,12,4,2,5
21452,72,36,18,4,5
21454,26,18,1,1,1
21455,12,14,2,4,3
21456,13,5,0,0,1
21457,13,1,0,1,1
21458,15,3,0,0,1
21459,12,3,0,1,2
21460,5,2,0,1,1
21461,1,3,0,1,0
21462,43,12,4,1,7
21463,95,13,11,6,6
21464,79,10,7,2,4
21465,33,21,7,0,2
21466,56,23,7,1,4
21467,48,15,6,2,7
21468,26,12,7,2,3
21469,38,21,5,4,3
21470,67,32,5,6,5
21471,47,31,5,7,4
21472,15,6,4,2,6
21473,9,4,4,0,1
21476,10,4,2,1,1
21479,264,73,28,16,10
21481,268,73,20,13,13
21484,187,63,30,9,8
21485,325,131,46,19,27
21486,3,0,0,0,1
21488,2,0,0,0,0
21494,86,32,11,1,4
21495,102,37,8,14,4
21497,138,56,17,13,8
21498,210,71,22,23,10
21499,126,50,17,16,7
21500,120,51,16,19,7
21503,18,2,1,1,1
21504,59,22,3,4,9
21506,160,51,22,15,5
21507,141,37,10,4,7
21508,97,25,12,6,6
21509,144,34,11,8,6
21518,12,5,0,0,0
21519,131,29,17,8,6
21520,16,10,3,1,3
21523,273,64,28,14,19
21524,261,86,26,18,19
21527,95,27,4,6,6
21528,58,15,6,4,6
21530,42,24,7,7,4
21531,120,53,19,12,8
21533,188,83,17,20,13
21534,75,35,7,9,5
21535,192,85,21,12,10
21537,26,16,9,4,3
21538,0,1,0,1,0
21539,142,48,10,10,5
21544,76,24,7,4,4
21547,9,2,1,3,2
21555,4,6,0,2,0
21556,34,7,3,1,2
21557,41,6,1,0,4
21558,183,52,23,8,9
21559,304,80,28,17,9
21561,109,37,12,4,6
21562,13,8,1,2,1
21563,84,30,7,3,10
21564,78,18,3,2,2
21576,25,10,6,3,2
21577,69,16,16,10,5
21578,49,16,10,5,4
21579,22,7,3,0,2
21580,16,5,2,0,1
21581,23,8,4,3,2
21584,66,50,22,11,10
21586,38,10,9,3,6
21587,11,7,5,3,4
21588,61,40,22,6,9
21591,68,45,22,10,9
21592,105,71,25,13,11
21609,27,25,7,5,11
21613,14,11,4,4,5
21614,3,0,0,3,1
21615,57,21,12,10,4
21616,52,30,15,11,0
21617,44,13,12,6,5
21618,27,19,7,1,4
21619,65,27,19,10,4
21620,76,30,13,7,5
21621,232,99,28,22,21
21622,47,21,11,6,9
21623,126,34,22,16,10
21624,41,20,9,9,6
21625,51,33,16,8,10
21626,49,12,7,3,5
21627,18,1,1,1,3
21628,14,0,1,1,1
21629,21,4,1,0,1
21630,16,1,1,2,2
21631,8,3,2,0,3
21632,5,0,0,0,0
21633,8,2,2,0,2
21634,13,4,2,2,2
21635,10,1,3,1,0
21636,34,31,9,3,1
21637,0,1,2,2,1
21638,12,10,6,2,2
21640,26,12,4,6,5
21641,11,4,3,5,0
21642,29,31,17,10,6
21643,16,6,3,2,4
21644,12,9,6,3,4
21647,12,9,0,4,4
21648,19,9,3,1,1
21650,34,14,9,10,1
21651,5,4,0,0,2
21654,27,14,3,1,5
21655,0,0,0,0,2
21656,7,3,2,2,3
21657,10,2,1,0,2
21658,86,23,5,6,10
21661,1,1,0,0,1
21662,7,5,0,2,2
21664,7,3,5,3,1
21666,22,4,3,4,0
21667,1,0,0,0,0
21668,237,71,13,12,10
21669,260,72,18,9,7
21670,212,54,11,9,10
21671,195,54,16,8,11
21672,229,52,14,12,8
21673,209,52,6,9,9
21675,33,12,2,3,2
21676,19,9,2,0,2
21677,47,16,4,4,9
21678,7,7,0,0,2
21679,55,14,6,4,8
21680,37,8,2,4,2
21681,0,2,0,0,0
21682,29,8,6,1,6
21683,27,14,6,1,0
21684,21,7,3,3,3
21686,13,1,4,0,0
21688,17,16,3,1,2
21689,5,12,3,2,1
21690,1,5,1,2,0
21692,1,4,2,0,1
21693,11,13,10,6,5
21694,4,3,8,3,2
21695,13,11,6,4,2
21696,11,8,3,4,4
21698,16,5,0,1,0
21700,59,10,6,5,7
21703,137,56,31,13,10
21704,133,36,14,9,6
21705,64,30,13,2,3
21706,42,14,5,2,6
21707,22,12,5,4,4
21708,19,6,4,2,2
21709,11,10,4,3,3
21710,16,4,2,1,8
21711,10,6,2,1,4
21713,64,29,13,14,10
21714,59,35,11,13,9
21715,70,32,13,15,9
21716,78,30,13,9,9
21717,28,5,2,1,2
21718,95,25,7,5,13
21719,23,6,1,2,3
21720,7,1,0,0,0
21721,13,4,0,4,1
21722,12,3,0,0,0
21723,24,8,2,2,4
21724,40,12,2,2,1
21725,20,9,3,0,0
21726,20,10,2,2,2
21730,52,41,13,8,6
21731,387,82,38,18,10
21733,432,147,53,25,39
21735,46,21,4,8,3
21736,1,1,2,2,0
21738,14,3,1,2,2
21739,31,8,7,2,2
21741,13,5,7,2,1
21742,32,39,8,8,5
21743,15,7,2,2,6
21744,49,22,7,3,3
21745,127,59,14,4,5
21746,116,42,12,11,6
21747,25,12,3,0,2
21749,62,21,7,8,9
21750,9,6,0,0,2
21754,438,170,49,34,19
21755,328,140,52,33,27
21756,144,69,14,15,14
21757,1,1,0,1,0
21758,8,3,2,0,1
21761,7,0,1,1,1
21763,1,0,0,2,1
21769,1,0,0,0,1
21770,193,88,25,23,15
21773,35,13,4,2,5
21774,36,10,4,2,0
21775,23,13,4,1,0
21777,3,0,0,0,0
21781,52,15,3,10,2
21784,26,5,0,4,3
21785,4,0,0,1,0
21786,73,12,3,2,6
21787,121,45,12,3,5
21788,38,21,8,1,1
21789,41,20,7,1,2
21790,421,170,69,50,26
21791,285,118,42,21,25
21792,39,17,6,4,4
21793,34,17,3,4,9
21794,53,26,4,6,4
21801,14,3,2,1,2
21802,28,10,6,2,3
21803,31,7,8,3,2
21804,17,10,10,1,3
21807,19,6,2,2,1
21808,7,5,8,1,1
21809,49,19,12,7,4
21810,113,45,22,8,1
21811,93,43,19,8,4
21812,22,10,6,1,4
21813,21,13,4,1,2
21814,9,3,1,0,2
21815,12,3,1,2,2
21816,5,1,0,2,1
21817,35,14,6,3,3
21818,92,44,21,4,3
21819,79,30,14,4,2
21820,29,17,9,3,5
21821,18,11,6,5,1
21822,39,15,11,2,0
21823,29,28,10,7,3
21824,33,22,12,9,1
21826,12,3,3,0,3
21827,2,0,0,1,0
21828,38,16,10,2,5
21829,68,39,15,4,9
21830,58,19,7,4,4
21832,70,29,15,4,4
21833,70,29,13,5,3
21836,1,1,0,0,0
21839,1,0,0,0,0
21841,6,7,3,5,1
21843,261,85,29,24,24
21844,82,27,16,3,8
21845,52,18,5,3,5
21846,17,4,1,0,2
21847,1,2,1,0,1
21849,15,5,2,1,2
21850,13,6,2,1,0
21851,6,5,1,1,2
21864,67,12,8,5,7
21865,36,17,8,6,5
21866,63,23,12,6,6
21867,44,19,11,10,4
21868,154,51,10,13,7
21870,92,25,13,3,8
21871,203,45,13,8,6
21872,79,33,5,4,3
21873,64,20,2,4,1
21874,139,42,12,1,2
21875,69,29,4,5,5
21876,132,47,10,6,5
21877,204,55,18,12,10
21878,93,34,13,9,8
21879,39,8,4,3,5
21880,63,17,5,8,7
21881,27,8,2,2,6
21882,24,5,3,4,5
21883,56,18,8,4,7
21884,22,12,3,4,3
21888,145,68,34,19,16
21889,282,95,43,26,20
21890,87,36,27,11,19
21891,179,104,37,20,18
21892,159,68,44,12,22
21894,38,18,10,6,3
21895,0,0,1,0,0
21896,48,23,10,5,6
21897,2,0,0,0,0
21898,4,2,0,0,1
21899,131,48,21,10,14
21900,171,51,25,9,14
21901,156,39,23,11,15
21902,99,36,15,7,10
21903,84,45,12,7,7
21904,13,8,0,0,4
21905,58,34,8,4,7
21906,57,21,3,8,6
21907,173,107,21,12,19
21908,227,99,22,16,17
21910,4,1,0,0,3
21911,16,2,0,0,2
21912,142,63,31,21,14
21913,45,26,5,7,6
21914,333,129,36,18,11
21915,352,122,40,27,26
21916,186,38,10,12,9
21917,119,41,13,9,7
21918,177,61,27,13,8
21922,102,33,11,11,12
21925,41,13,4,3,5
21926,41,7,8,2,2
21927,77,10,5,2,5
21928,385,100,38,15,11
21929,430,108,34,16,18
21930,368,69,27,6,11
21931,579,121,40,20,23
21932,193,77,24,20,13
21933,192,60,16,14,12
21934,97,26,7,4,9
21935,127,36,26,8,8
21936,280,58,28,10,12
21937,139,39,16,7,7
21942,13,3,2,4,1
21943,5,3,2,0,0
21944,22,5,5,0,2
21945,13,6,6,5,0
21946,8,1,2,0,0
21947,53,20,12,3,0
21948,38,12,4,1,1
21949,41,13,4,0,1
21955,87,39,11,5,16
21967,104,33,22,9,12
21972,25,9,2,1,2
21973,18,3,6,0,3
21974,118,48,23,20,20
21975,355,125,47,20,19
21976,191,53,29,11,5
21977,420,136,54,40,36
21980,138,50,28,16,20
21981,119,35,22,10,9
21982,167,53,26,12,13
21983,67,26,14,6,11
21984,86,32,26,7,11
21985,189,75,39,22,36
21986,88,27,15,12,15
21987,98,32,11,9,2
21988,100,30,10,7,2
21989,146,39,14,9,3
21990,114,34,14,18,6
21991,54,27,8,9,5
21992,103,51,25,26,11
21993,116,54,21,15,6
22021,36,15,9,2,4
22023,47,21,7,5,6
22024,96,13,13,4,5
22025,65,13,6,4,1
22026,69,20,6,3,3
22027,174,46,17,14,14
22028,133,30,6,7,11
22029,288,62,22,15,10
22030,161,46,15,9,14
22031,20,6,2,4,0
22032,18,5,1,5,2
22033,11,2,0,4,4
22034,0,0,0,0,1
22035,63,17,3,2,3
22037,183,40,18,11,10
22038,12,5,1,1,0
22039,4,1,0,2,0
22040,17,8,1,1,1
22041,155,30,8,2,4
22042,13,7,3,3,0
22043,26,10,3,4,0
22044,19,10,3,3,1
22045,142,33,16,12,4
22046,46,11,10,4,4
22047,61,25,7,9,5
22048,15,9,5,2,1
22049,17,7,4,4,0
22050,23,8,4,3,2
22051,20,10,3,4,3
22052,14,5,0,1,3
22053,15,5,2,2,2
22055,79,34,18,6,11
22057,33,14,2,3,4
22059,94,45,7,4,3
22060,22,6,3,0,6
22061,76,27,15,9,3
22062,37,8,6,7,3
22063,50,31,3,4,1
22064,132,24,10,4,3
22065,112,38,17,8,4
22066,72,31,17,14,6
22067,35,8,4,3,1
22068,55,19,4,4,3
22069,24,9,3,2,1
22070,48,23,7,4,4
22071,40,22,8,2,3
22072,100,26,11,5,6
22073,31,10,4,1,3
22074,44,18,10,3,2
22075,80,22,13,4,6
22076,70,20,14,7,3
22077,469,152,53,40,37
22078,86,36,11,8,11
22079,118,49,30,17,19
22080,67,39,18,5,2
22081,52,17,11,6,5
22082,169,101,36,28,18
22083,274,107,30,20,17
22084,219,81,32,15,36
22085,41,19,5,5,4
22086,608,244,92,51,24
22087,175,49,17,7,17
22088,111,33,7,7,13
22089,98,40,19,14,12
22090,375,98,50,25,25
22091,67,36,23,3,6
22092,46,21,13,4,6
22093,97,32,18,9,4
22094,81,33,22,11,7
22095,56,28,12,12,6
22096,52,30,18,9,9
22097,85,33,24,8,2
22098,85,31,20,7,8
22099,76,30,16,7,4
22100,22,10,2,2,4
22101,13,7,4,0,0
22102,9,2,2,5,0
22103,6,2,3,1,5
22104,10,2,0,0,0
22105,5,4,1,0,0
22106,8,1,0,2,1
22107,46,7,12,4,5
22108,20,4,1,2,1
22109,92,31,19,10,11
22110,99,32,17,8,7
22111,389,167,53,32,30
22112,462,142,58,28,24
22113,304,125,48,28,35
22114,324,119,46,21,10
22115,98,51,14,9,13
22116,54,23,7,5,1
22117,27,28,8,3,6
22118,47,22,6,4,1
22119,71,27,5,5,2
22120,102,39,10,9,10
22121,62,39,6,5,4
22123,41,16,9,4,4
22124,20,4,0,0,0
22125,1,0,0,0,0
22127,8,3,2,2,6
22128,28,18,10,5,11
22129,15,5,6,6,5
22130,47,24,11,5,4
22131,115,44,12,7,12
22132,54,12,6,2,9
22133,40,8,4,2,6
22134,46,5,3,2,1
22135,40,3,4,1,1
22136,28,13,6,4,2
22137,10,0,1,0,0
22138,426,228,91,65,57
22139,499,163,83,44,44
22141,225,91,28,11,5
22142,189,100,23,19,2
22144,253,123,36,21,4
22145,0,0,1,0,0
22146,0,0,1,0,0
22147,252,113,35,23,30
22148,90,43,17,6,9
22149,248,117,49,33,26
22150,210,120,43,21,19
22151,191,61,27,11,7
22152,66,19,9,2,2
22153,66,15,6,2,4
22154,70,30,10,3,5
22155,61,19,8,2,4
22156,89,41,6,11,12
22157,9,0,2,0,0
22158,146,68,30,15,11
22161,92,29,21,17,16
22162,12,10,5,0,1
22163,32,6,6,6,1
22164,5,5,0,1,1
22165,24,10,2,2,0
22166,7,8,1,0,0
22167,29,19,3,1,7
22168,43,5,13,4,10
22169,185,57,15,18,12
22170,142,49,15,8,11
22171,195,61,19,18,15
22173,226,62,17,18,19
22174,122,30,15,5,6
22175,93,28,11,4,5
22176,65,23,5,1,7
22178,512,178,55,37,43
22179,136,23,14,5,4
22180,67,34,7,10,14
22181,28,10,6,1,1
22182,19,11,6,2,0
22183,8,2,1,2,4
22184,4,0,0,0,0
22185,71,28,14,14,3
22186,60,34,12,10,3
22187,72,43,19,11,2
22188,87,39,11,16,14
22189,262,111,33,28,25
22190,29,16,2,2,3
22191,266,70,27,17,21
22192,241,58,20,9,10
22193,305,70,21,13,10
22194,24,4,2,1,2
22195,137,46,19,14,12
22196,168,47,19,12,13
22197,723,191,83,43,28
22198,40,9,1,1,2
22199,75,10,6,5,3
22200,60,7,2,5,3
22201,30,5,4,1,0
22202,11,2,1,1,2
22203,63,13,10,3,2
22204,23,4,3,1,0
22207,70,18,10,6,10
22208,114,57,23,10,6
22209,71,32,8,13,2
22210,71,45,21,10,3
22211,69,31,19,10,3
22212,187,45,12,10,10
22214,14,3,0,1,3
22215,51,18,12,5,3
22216,16,1,3,0,0
22217,31,20,8,3,3
22218,0,0,0,1,0
22219,196,66,25,16,21
22220,35,22,12,3,3
22221,19,13,4,3,5
22222,89,22,13,12,13
22223,22,4,7,4,6
22224,71,22,8,7,9
22227,130,31,6,6,9
22228,53,25,8,3,5
22229,38,18,4,2,2
22230,40,16,2,5,3
22231,63,21,10,9,8
22232,35,9,9,7,1
22233,48,17,6,7,3
22236,46,16,10,9,7
22241,107,27,13,8,15
22242,18,4,1,2,2
22243,76,23,3,5,4
22244,60,20,5,5,7
22245,36,7,7,2,6
22246,16,5,9,2,4
22247,28,14,8,4,7
22248,21,11,5,3,7
22249,41,21,8,5,11
22250,28,13,6,4,8
22251,40,17,4,6,8
22252,49,12,5,3,2
22254,29,9,1,0,2
22255,30,7,5,0,2
22256,16,6,3,4,10
22257,7,4,1,2,4
22258,21,7,3,2,3
22259,7,5,0,2,3
22260,30,11,3,2,4
22261,41,22,5,3,8
22262,66,15,3,4,9
22263,14,4,1,1,1
22264,27,8,3,0,6
22265,28,14,2,5,6
22266,39,33,2,6,6
22267,36,27,5,4,5
22268,54,24,12,5,6
22269,50,26,5,4,4
22270,30,4,3,1,7
22271,146,79,20,10,8
22272,23,13,4,4,3
22273,165,87,25,10,13
22274,139,65,19,10,5
22275,1,0,0,0,0
22276,36,13,6,3,4
22277,35,16,4,4,4
22278,39,27,12,3,6
22279,32,11,3,3,2
22280,24,6,1,1,0
22281,25,12,4,0,3
22282,44,10,3,4,3
22283,58,32,13,5,10
22284,54,26,5,11,8
22285,51,18,7,6,12
22286,42,20,2,13,5
22287,34,13,3,6,3
22288,13,14,4,5,8
22289,7,7,2,3,3
22291,38,35,8,5,11
22292,47,27,5,6,10
22293,39,25,4,5,16
22294,159,58,21,6,17
22295,118,52,24,13,14
22296,143,73,32,10,26
22297,133,53,23,13,10
22299,31,8,2,1,0
22300,73,39,16,10,8
22301,93,53,17,9,13
22302,104,44,19,13,12
22303,134,53,20,11,13
22304,20,13,9,2,4
22305,20,12,7,1,4
22306,57,21,15,8,2
22307,32,16,5,7,2
22308,26,5,3,1,1
22309,46,12,3,4,1
22310,40,9,2,2,0
22311,56,27,14,2,1
22312,57,19,16,3,3
22313,35,12,8,0,1
22314,60,17,11,5,3
22315,72,25,9,9,7
22316,27,7,2,4,2
22317,22,6,3,5,4
22318,56,13,7,7,7
22319,27,14,8,3,11
22320,34,15,10,8,2
22321,38,9,7,3,1
22322,25,2,4,3,3
22323,1,0,0,0,0
22324,21,5,2,1,1
22325,34,7,6,7,5
22326,429,95,48,23,14
22327,125,29,10,4,5
22328,335,72,37,15,12
22329,106,22,10,9,6
22331,97,23,17,3,3
22332,93,19,11,3,5
22333,198,28,28,10,8
22334,62,16,8,3,3
22335,78,26,8,8,13
22336,27,10,7,4,5
22337,13,8,5,1,0
22338,69,29,15,7,1
22339,28,13,7,7,0
22340,32,15,9,7,0
22341,19,10,5,4,3
22342,27,13,8,2,2
22343,42,14,3,2,3
22344,32,6,4,3,2
22345,33,6,3,1,1
22346,25,6,1,1,1
22348,175,55,12,10,7
22349,59,33,9,7,8
22350,48,24,8,4,5
22351,0,0,1,0,0
22352,234,55,20,15,7
22353,12,8,2,2,1
22354,46,8,4,2,5
22355,434,103,29,19,14
22356,374,76,20,16,11
22357,51,19,6,5,6
22358,58,28,7,6,14
22359,29,20,8,3,3
22360,76,40,16,10,8
22361,73,35,8,2,8
22362,46,18,9,2,6
22363,30,18,3,2,7
22364,53,27,5,6,8
22365,83,20,10,5,9
22366,94,27,18,10,7
22367,278,100,37,25,17
22371,150,51,18,12,23
22372,59,24,9,4,5
22374,101,29,12,4,13
22375,60,21,7,3,8
22376,50,16,9,4,6
22377,71,17,6,5,6
22378,81,12,6,2,4
22379,320,52,18,10,14
22380,137,31,12,10,10
22381,226,38,15,3,13
22382,682,199,62,34,31
22383,758,207,56,35,27
22384,670,159,67,36,25
22385,378,69,21,10,9
22386,648,142,52,21,27
22389,22,11,2,1,0
22390,22,6,1,2,0
22391,12,3,2,1,0
22393,33,13,3,1,0
22394,10,4,0,1,1
22395,11,3,0,1,0
22396,72,20,7,9,4
22398,148,49,19,11,5
22399,52,21,5,3,6
22400,89,30,15,14,4
22402,97,23,12,10,7
22403,53,19,5,6,3
22405,35,8,4,5,4
22406,37,14,5,3,5
22407,20,2,1,0,1
22408,13,5,3,1,1
22409,25,6,6,5,3
22410,34,4,2,5,1
22411,545,159,52,23,24
22412,66,32,1,5,13
22413,193,100,26,20,19
22414,50,9,3,2,6
22415,8,1,2,1,1
22416,32,15,8,5,3
22417,244,93,41,23,19
22418,132,70,23,9,9
22419,104,35,11,8,8
22420,55,18,10,1,3
22421,65,26,12,12,8
22422,51,13,7,5,1
22423,997,394,146,86,100
22424,200,69,23,18,18
22425,80,29,13,12,7
22426,79,37,11,14,5
22427,232,108,35,32,40
22428,58,22,3,3,6
22429,160,84,39,28,14
22430,90,38,17,12,9
22431,190,40,23,10,16
22432,164,31,21,8,16
22433,123,37,16,5,10
22434,58,33,15,4,6
22435,137,44,11,17,12
22436,93,28,8,12,4
22437,108,37,12,14,5
22438,44,19,4,2,5
22439,97,32,16,10,8
22440,91,29,9,6,11
22441,92,43,14,11,13
22442,36,24,7,4,3
22443,42,25,5,5,4
22444,17,11,0,2,4
22445,57,25,6,10,2
22446,30,3,5,2,1
22447,11,1,1,2,1
22448,22,5,3,4,0
22449,42,18,12,12,5
22450,29,12,5,6,2
22451,24,10,1,2,2
22452,41,13,10,2,2
22453,31,6,6,2,2
22454,22,6,5,0,5
22456,157,82,16,25,26
22457,550,231,79,56,64
22458,8,3,1,1,1
22459,9,3,1,1,1
22460,95,38,13,11,7
22461,29,11,3,0,2
22464,164,66,23,16,16
22465,96,40,12,10,5
22466,96,34,15,3,4
22467,403,103,37,20,23
22468,81,20,9,1,5
22469,559,236,90,39,61
22470,449,195,72,58,45
22471,37,10,10,5,3
22472,51,11,7,5,8
22473,47,14,10,2,6
22474,47,14,6,8,8
22475,87,15,3,5,2
22476,46,18,8,6,1
22477,30,19,10,7,5
22478,41,17,10,5,4
22479,28,12,6,5,3
22480,33,19,6,4,6
22481,48,19,8,5,7
22482,28,8,5,1,6
22483,87,23,12,4,8
22485,82,42,15,16,10
22486,7,2,1,0,0
22487,203,78,35,25,39
22488,171,80,27,23,11
22489,179,68,41,16,18
22491,113,40,29,10,11
22492,196,63,32,15,19
22493,103,47,13,4,13
22494,84,17,5,8,5
22495,35,18,5,3,5
22496,43,14,8,2,3
22497,27,16,5,7,5
22498,61,23,3,5,5
22499,168,56,35,16,24
22500,51,17,9,6,7
22501,154,44,13,24,24
22502,126,54,16,22,21
22503,10,1,4,1,0
22504,29,4,1,3,2
22505,151,68,25,13,11
22507,207,81,26,19,15
22508,131,60,18,17,14
22509,52,16,9,2,3
22510,22,11,3,3,3
22511,30,8,5,3,2
22512,22,7,1,2,1
22513,30,12,5,3,2
22514,40,17,9,5,5
22515,36,12,5,5,5
22516,26,8,5,4,1
22517,33,11,3,6,5
22518,32,13,5,4,3
22519,39,13,5,5,3
22520,62,22,7,6,10
22521,60,19,5,5,11
22522,63,28,9,10,14
22523,62,29,8,9,11
22524,35,15,3,5,8
22525,31,10,2,3,6
22526,35,15,3,9,5
22529,33,15,5,3,6
22530,107,45,15,10,9
22531,97,36,16,6,11
22532,37,18,7,5,1
22533,42,21,10,2,4
22534,114,50,25,11,7
22535,71,26,10,3,3
22536,82,35,18,6,7
22537,73,44,13,4,4
22538,14,4,3,4,2
22539,53,15,10,7,5
22540,36,10,10,4,5
22541,15,4,2,1,0
22543,24,7,7,2,1
22544,67,29,14,10,8
22545,29,13,3,1,2
22546,39,10,4,4,3
22547,34,8,5,3,1
22548,85,50,19,16,14
22549,142,63,20,14,11
22550,101,33,23,11,8
22551,390,110,53,20,21
22553,277,101,50,20,16
22554,383,131,52,22,17
22555,276,94,46,29,16
22556,337,102,50,20,22
22557,288,109,42,28,31
22558,391,143,46,35,33
22559,21,7,7,2,2
22560,194,71,30,22,20
22561,228,88,45,24,23
22562,95,59,21,10,11
22563,138,65,26,18,15
22564,103,38,15,8,6
22565,60,30,7,7,6
22566,69,26,13,9,7
22567,118,33,18,11,12
22568,260,107,26,23,10
22569,197,63,20,11,10
22570,218,77,17,12,9
22571,109,50,16,7,3
22572,76,39,12,2,4
22573,90,30,22,7,7
22574,102,32,11,10,5
22575,45,17,6,8,3
22576,78,23,13,11,5
22577,278,105,53,34,10
22578,254,104,57,36,2
22579,168,55,36,24,5
22580,122,23,14,8,1
22581,67,22,8,4,3
22582,31,22,9,11,6
22583,28,18,12,7,14
22584,63,48,24,10,11
22585,166,80,52,18,24
22586,58,38,11,6,5
22587,59,39,16,8,2
22588,76,30,16,6,9
22589,37,8,11,2,0
22591,41,11,9,2,0
22592,52,18,13,5,3
22593,87,29,16,9,1
22594,76,28,11,9,2
22595,208,83,40,18,21
22596,123,70,28,15,4
22597,75,28,12,6,2
22598,36,8,6,3,1
22599,48,11,7,4,1
22600,81,36,20,5,3
22601,94,31,21,4,4
22602,100,45,17,9,10
22603,62,41,19,3,6
22604,55,31,15,7,6
22605,129,57,22,14,19
22606,60,34,13,11,17
22607,162,78,31,18,18
22608,44,20,14,4,3
22609,66,26,16,11,2
22610,97,41,23,9,3
22611,20,12,4,3,2
22613,74,28,5,4,4
22614,100,39,14,10,12
22615,41,17,7,3,2
22616,251,86,33,10,17
22617,227,110,31,35,24
22618,16,3,1,4,1
22619,184,80,50,18,14
22620,209,89,40,17,21
22621,280,128,51,37,25
22622,123,44,26,18,20
22623,117,50,24,13,17
22624,395,121,51,39,29
22625,296,81,42,23,13
22626,112,33,13,17,11
22627,209,51,22,18,7
22628,79,13,11,10,7
22629,521,110,46,29,14
22630,436,116,36,31,17
22631,182,38,21,11,10
22632,211,88,38,25,10
22633,270,112,52,23,13
22634,108,50,22,19,9
22635,87,44,24,15,12
22636,106,45,12,10,9
22637,160,64,15,14,13
22638,17,11,4,3,3
22639,58,28,19,12,14
22640,19,12,2,4,5
22641,10,3,4,3,4
22642,21,11,6,3,4
22643,16,13,1,1,1
22644,100,47,18,13,12
22645,127,58,26,13,13
22646,160,69,27,13,15
22647,19,4,9,2,2
22649,96,41,19,9,2
22650,75,13,9,4,7
22651,55,22,8,9,0
22652,233,87,46,21,12
22653,83,17,9,7,6
22654,128,47,22,13,14
22655,18,9,5,4,2
22656,11,3,3,2,1
22659,389,79,26,19,16
22660,39,17,9,1,3
22661,254,52,23,14,6
22662,432,101,40,23,18
22663,235,47,17,7,12
22664,77,13,5,2,5
22665,127,60,21,11,13
22666,523,178,62,47,33
22667,325,73,19,14,23
22668,122,47,12,12,14
22669,82,42,18,13,12
22670,150,31,17,7,6
22671,74,19,2,6,3
22672,99,34,11,8,8
22673,79,20,8,2,4
22674,91,35,9,9,4
22675,88,27,6,4,3
22676,110,19,5,4,2
22677,80,21,5,4,3
22678,75,17,6,3,2
22679,66,17,3,4,2
22680,72,16,7,4,4
22681,63,15,2,3,0
22682,58,14,4,3,1
22683,55,17,3,3,2
22684,42,12,2,4,1
22685,44,18,2,4,2
22686,58,9,3,2,1
22687,23,4,6,2,0
22688,20,3,1,1,2
22689,67,26,16,3,1
22690,165,53,27,6,13
22691,64,19,6,3,4
22692,200,70,31,20,19
22693,132,67,15,13,12
22694,178,75,25,21,13
22695,53,28,11,4,2
22696,62,38,15,9,6
22697,423,158,55,39,44
22698,365,118,44,27,30
22699,493,170,61,32,45
22700,27,10,7,0,5
22701,35,10,5,1,2
22702,26,8,4,2,3
22703,28,6,4,1,1
22704,108,38,16,6,6
22705,53,11,6,2,3
22706,37,17,5,7,3
22707,30,7,4,4,2
22708,64,15,9,8,3
22709,14,13,6,3,3
22710,65,21,3,5,6
22711,59,21,9,9,3
22712,150,41,9,7,9
22713,96,29,13,7,10
22714,93,33,13,11,5
22715,60,18,7,8,5
22716,133,44,20,9,9
22717,60,15,7,3,2
22718,76,14,9,5,2
22719,23,5,2,0,4
22720,683,261,87,80,48
22721,151,58,23,9,8
22722,412,144,43,40,35
22723,151,47,16,19,10
22725,244,52,18,9,5
22726,613,118,37,23,17
22727,651,148,52,26,22
22728,449,112,33,13,14
22729,265,62,22,10,8
22730,360,66,24,17,10
22731,66,18,9,9,4
22732,81,24,9,12,1
22733,85,29,17,9,4
22734,163,112,44,20,4
22735,48,19,13,5,4
22736,89,39,16,9,2
22737,113,42,16,14,5
22738,103,44,19,10,5
22739,115,49,27,12,9
22740,59,28,11,6,3
22741,97,33,13,5,7
22742,57,16,6,9,3
22743,87,34,13,9,9
22744,74,41,17,8,10
22745,190,57,35,25,19
22746,156,44,22,19,16
22747,107,30,12,15,10
22748,214,65,33,25,20
22749,228,115,39,26,13
22750,220,106,33,21,11
22751,139,63,25,21,7
22752,180,66,18,14,23
22753,116,31,13,2,6
22754,136,32,20,2,6
22755,140,35,11,4,8
22756,62,18,7,1,5
22757,80,19,7,2,6
22758,89,18,9,4,10
22759,155,99,40,22,20
22760,41,12,5,2,6
22761,15,2,1,2,4
22762,40,26,8,7,6
22763,49,28,7,3,7
22764,1,1,0,0,0
22765,2,0,0,0,1
22766,269,104,37,30,26
22767,108,54,21,10,15
22768,118,65,25,13,14
22769,1,0,0,0,2
22770,32,15,5,1,2
22771,213,72,22,12,15
22772,120,37,9,6,5
22773,104,29,6,8,3
22774,68,22,7,0,3
22775,107,41,7,4,2
22776,223,111,46,38,33
22777,23,6,4,4,5
22778,64,19,12,12,5
22779,104,29,8,4,7
22780,90,23,5,6,8
22781,86,40,16,12,7
22782,40,17,7,4,6
22783,19,5,3,4,1
22784,139,67,23,13,27
22785,30,12,7,3,2
22786,16,7,8,4,2
22788,30,7,0,5,4
22789,72,36,10,2,11
22791,132,72,36,15,11
22792,67,36,17,6,4
22794,88,39,13,4,13
22795,188,60,20,12,11
22796,113,65,16,8,13
22797,43,21,5,2,8
22798,125,36,11,8,9
22799,40,23,4,7,6
22800,79,38,7,4,11
22801,78,53,9,12,13
22802,14,6,6,3,6
22803,6,12,3,3,1
22804,239,93,33,19,37
22805,80,30,7,6,2
22806,17,8,2,1,0
22807,65,25,8,6,7
22808,24,14,4,3,9
22809,102,39,21,10,7
22810,77,35,18,5,6
22811,40,11,2,3,0
22812,65,29,21,5,7
22813,77,40,22,8,7
22814,65,22,5,3,1
22815,76,22,6,6,4
22816,85,47,21,20,7
22817,97,18,4,3,4
22818,83,49,17,9,6
22819,93,19,6,4,4
22820,27,9,5,2,3
22821,45,13,5,2,2
22822,73,36,13,8,15
22823,6,1,2,1,3
22824,16,13,5,6,3
22825,11,6,2,2,4
22826,18,11,6,2,4
22827,10,10,3,1,2
22828,2,2,2,0,1
22829,58,23,3,6,9
22830,5,0,0,0,1
22831,59,23,9,9,6
22832,49,10,3,5,2
22833,3,1,0,0,0
22834,181,62,33,9,14
22835,312,109,47,30,20
22837,95,19,9,3,10
22838,73,36,15,8,4
22839,72,28,15,15,9
22840,138,52,30,23,10
22841,108,44,18,19,11
22842,83,30,14,14,5
22843,72,22,7,10,4
22844,193,51,26,12,14
22845,149,38,20,14,16
22846,167,48,18,9,7
22847,224,65,24,17,12
22848,74,21,9,5,3
22849,78,23,1,11,8
22851,154,82,22,19,20
22852,75,13,11,2,7
22853,68,15,9,2,7
22854,73,39,12,13,12
22855,87,38,19,13,23
22856,13,1,2,2,4
22857,33,13,6,4,5
22858,62,26,8,5,12
22859,85,24,5,4,12
22860,50,23,4,4,6
22861,15,10,3,2,8
22862,27,12,1,2,4
22863,52,24,8,3,8
22865,391,116,51,24,12
22866,302,105,53,23,19
22867,285,118,49,20,16
22868,7,2,0,0,2
22869,11,3,2,0,3
22870,12,2,0,1,2
22871,5,2,0,0,3
22872,9,2,0,0,2
22873,7,3,0,1,2
22874,7,2,0,0,3
22875,9,2,0,0,3
22876,5,3,0,0,3
22877,7,2,0,0,4
22878,6,2,0,1,2
22879,3,3,2,0,0
22880,4,5,3,0,0
22881,5,4,3,0,1
22882,8,8,4,0,0
22883,5,3,3,0,0
22884,7,6,2,1,0
22885,4,4,4,0,0
22886,8,3,2,0,0
22887,3,6,2,0,0
22888,3,3,2,0,0
22889,4,3,2,0,0
22890,88,26,14,12,9
22891,71,24,7,1,5
22892,140,32,13,7,5
22893,39,14,7,2,4
22894,73,20,8,4,5
22895,144,49,25,14,13
22896,160,42,12,4,8
22897,104,43,13,9,5
22898,168,58,33,12,13
22899,160,54,20,16,12
22900,220,108,25,17,18
22902,58,20,10,5,3
22903,26,4,2,0,0
22904,135,51,27,12,16
22905,42,12,7,4,4
22906,74,63,31,16,16
22907,323,130,44,36,32
22908,188,79,30,16,11
22909,293,118,63,29,8
22910,429,170,50,45,19
22911,46,19,6,9,2
22912,56,26,4,2,3
22913,57,22,5,6,5
22914,74,39,8,6,9
22915,80,19,11,10,14
22916,108,49,18,10,9
22917,117,44,18,10,9
22918,107,49,20,11,8
22919,112,47,20,11,8
22920,110,46,19,12,7
22921,96,42,17,9,8
22922,51,10,8,10,9
22923,41,18,6,6,5
22924,40,18,9,5,4
22925,72,55,11,11,15
22926,90,52,14,6,24
22927,69,36,10,7,7
22928,44,23,9,8,4
22929,5,5,1,2,0
22930,90,27,14,10,6
22931,65,24,14,9,1
22932,44,9,5,4,2
22933,52,20,9,6,5
22934,34,15,10,4,6
22935,37,9,2,2,2
22936,21,4,6,0,4
22937,79,23,17,12,10
22938,75,49,19,18,11
22939,63,20,9,5,7
22940,173,81,30,20,11
22941,147,51,32,18,7
22942,80,27,14,7,4
22943,104,32,10,8,7
22944,27,13,9,7,4
22945,68,36,24,7,5
22946,68,14,5,1,3
22947,75,16,11,1,1
22948,61,32,7,6,0
22949,37,23,11,11,5
22950,75,42,27,21,2
22951,212,83,35,26,13
22952,306,101,44,34,11
22953,39,21,8,11,4
22954,16,7,2,4,0
22955,60,25,8,10,8
22956,90,35,26,14,13
22957,117,40,19,10,15
22959,76,42,15,7,0
22960,486,206,79,64,52
22961,516,185,71,54,49
22962,143,57,22,11,14
22963,124,47,15,14,11
22964,159,86,22,24,11
22965,108,61,17,12,11
22966,350,135,43,34,10
22967,75,30,14,6,7
22968,75,41,5,8,16
22969,254,117,55,35,58
22970,174,61,22,16,11
22971,139,50,20,17,9
22972,126,28,17,9,4
22973,82,16,8,4,2
22974,103,28,13,15,3
22975,100,23,8,6,7
22976,82,18,7,3,6
22977,75,18,8,8,4
22978,109,47,17,16,9
22979,174,82,26,21,10
22980,130,70,17,18,12
22981,42,21,3,6,4
22982,85,37,11,8,6
22983,204,62,37,19,11
22984,109,19,10,3,1
22985,65,19,5,4,3
22986,91,28,17,12,6
22987,3,0,0,1,0
22988,224,63,22,14,15
22989,165,78,39,21,15
22990,82,37,10,9,6
22991,141,59,20,14,7
22992,170,74,20,25,7
22993,613,157,58,39,26
22994,124,26,8,2,3
22995,142,26,10,3,6
22996,204,66,17,6,8
22997,127,45,8,1,5
22998,314,83,32,11,8
22999,137,30,14,10,2
23000,136,38,20,8,6
23002,98,30,5,5,7
23003,36,12,0,2,3
23004,95,18,10,4,2
23005,129,33,12,5,3
23006,95,15,15,5,1
23007,88,32,11,6,6
23008,65,35,7,7,8
23009,35,14,3,3,6
23010,55,22,5,5,2
23012,118,51,21,13,0
23013,101,53,15,10,3
23014,91,43,17,12,1
23015,11,6,0,0,0
23016,9,5,2,1,2
23017,9,8,0,4,0
23018,11,6,0,3,0
23019,14,11,0,2,1
23020,30,26,8,6,2
23021,11,9,3,3,0
23022,14,3,1,5,0
23023,12,4,0,6,3
23024,8,1,0,1,0
23025,30,8,7,1,0
23026,37,11,4,4,0
23027,17,6,2,2,0
23028,76,27,4,7,2
23029,98,31,4,5,0
23031,107,24,3,3,3
23032,130,40,13,6,1
23033,43,14,1,1,1
23034,57,19,5,1,0
23035,111,37,12,6,4
23036,6,4,4,2,0
23037,11,4,1,2,0
23038,3,1,2,0,0
23039,8,7,5,2,1
23040,20,7,3,4,4
23041,22,9,8,6,3
23042,11,7,4,2,1
23043,7,6,4,0,2
23044,12,5,4,4,2
23045,11,4,5,1,2
23046,16,7,8,2,1
23047,12,3,7,2,2
23048,39,23,20,6,4
23049,117,21,19,4,8
23050,105,30,21,9,11
23051,83,24,15,4,7
23052,131,40,27,12,11
23053,76,26,15,3,10
23054,68,22,12,5,3
23055,16,13,4,5,1
23056,17,15,3,3,3
23057,20,14,3,4,3
23058,26,11,6,1,0
23060,21,9,6,4,1
23061,46,27,4,9,5
23064,12,2,4,2,2
23065,56,16,9,9,3
23066,52,13,6,3,2
23067,42,19,8,4,5
23068,77,23,16,10,7
23069,22,5,1,2,2
23070,18,10,3,1,1
23071,9,6,0,6,1
23072,11,6,2,2,1
23073,38,11,6,4,1
23074,28,6,1,1,0
23075,51,20,1,7,1
23076,138,56,23,18,14
23077,159,92,39,10,9
23078,120,54,25,13,1
23079,61,30,13,2,1
23080,135,50,29,8,6
23081,69,19,19,8,1
23082,146,79,32,11,5
23083,123,55,25,7,3
23084,581,178,58,21,4
23085,43,22,11,5,0
23086,20,4,8,4,1
23087,28,10,6,4,1
23088,30,21,1,3,2
23089,88,33,11,3,3
23090,64,35,16,9,2
23091,95,58,22,16,9
23092,72,38,7,7,2
23093,74,32,7,8,3
23094,29,26,10,4,5
23096,81,25,8,4,1
23099,33,8,4,6,4
23100,130,56,27,7,2
23101,103,62,17,11,3
23102,83,31,17,10,3
23103,176,92,44,16,6
23104,29,7,4,3,1
23106,26,11,6,6,1
23107,31,15,6,8,1
23108,219,80,32,15,8
23109,137,66,18,11,5
23110,140,50,11,13,7
23111,88,21,8,7,1
23112,128,36,8,9,3
23113,28,12,3,0,0
23114,26,8,5,2,0
23115,26,6,6,2,0
23116,9,6,2,1,0
23117,23,10,3,3,0
23118,144,50,14,14,3
23119,63,30,13,6,5
23120,52,25,11,4,0
23121,57,28,7,3,1
23122,54,30,10,4,1
23123,44,17,3,5,0
23124,15,6,2,1,0
23125,10,5,0,1,0
23126,167,66,22,13,10
23127,105,45,17,10,8
23128,76,36,7,9,4
23129,81,47,18,15,4
23130,79,42,27,16,3
23131,59,23,16,9,3
23132,85,34,12,8,5
23133,78,28,14,8,6
23134,24,3,4,3,3
23135,27,4,6,3,2
23136,25,13,3,1,2
23137,11,6,1,1,1
23138,53,14,7,4,2
23139,17,5,0,1,1
23140,26,4,1,4,0
23141,11,5,1,1,0
23142,17,12,5,1,1
23143,7,3,2,0,0
23144,144,55,17,16,6
23145,82,39,16,12,2
23146,145,36,20,12,4
23147,177,42,20,8,8
23148,159,53,19,8,5
23149,15,3,1,0,0
23150,32,6,0,1,1
23151,13,6,0,1,0
23152,90,35,15,6,6
23153,45,21,6,3,3
23154,149,40,20,14,5
23155,60,36,4,6,7
23156,142,28,12,6,3
23157,92,33,15,12,1
23158,157,18,10,2,2
23159,147,30,15,7,3
23160,31,16,9,4,1
23161,31,21,11,5,0
23162,95,25,15,4,3
23163,82,26,14,7,5
23164,47,21,5,6,1
23165,138,44,20,17,6
23166,119,35,18,19,7
23167,105,33,18,18,10
23168,161,36,13,10,3
23169,151,71,20,19,4
23170,213,71,28,7,10
23171,174,59,21,11,6
23172,146,47,18,7,6
23173,226,82,35,11,7
23174,163,61,26,10,9
23175,169,65,25,9,5
23176,99,42,30,10,8
23177,113,48,33,18,8
23178,29,16,5,5,2
23179,25,6,2,5,2
23180,28,6,0,2,0
23181,41,19,5,2,2
23182,194,45,16,9,3
23183,41,9,4,3,2
23184,113,50,14,15,7
23185,20,6,2,4,0
23186,43,12,7,6,3
23187,45,11,8,11,0
23188,181,55,30,19,3
23189,68,28,11,7,0
23190,121,34,14,7,4
23191,165,61,20,7,4
23192,195,72,36,16,5
23193,73,26,24,12,8
23194,82,45,26,15,9
23196,159,44,25,10,5
23197,125,34,19,6,2
23198,242,83,42,13,6
23199,531,115,45,24,11
23200,337,86,34,12,8
23201,538,122,58,33,10
23202,571,135,39,30,7
23203,790,196,64,34,14
23204,327,62,12,19,7
23205,243,63,24,16,3
23206,654,148,55,27,11
23207,471,120,48,27,5
23208,472,89,35,13,6
23209,769,160,58,30,12
23210,98,45,19,6,1
23211,75,30,9,6,0
23212,101,31,14,7,1
23213,67,34,11,11,2
23214,61,25,7,5,0
23215,104,57,27,14,1
23216,21,12,5,2,1
23217,46,16,13,8,3
23218,22,6,4,1,0
23219,32,11,5,2,2
23220,44,23,9,2,1
23221,64,25,17,7,1
23222,36,21,5,3,1
23223,36,21,9,4,0
23224,38,12,6,2,1
23225,45,16,5,3,1
23226,49,13,4,5,1
23227,66,10,5,3,3
23228,54,12,10,2,1
23229,119,56,27,12,5
23230,139,55,17,13,9
23231,171,44,21,14,7
23232,144,49,24,14,12
23233,102,27,15,8,7
23234,133,65,20,13,4
23235,65,25,8,1,0
23236,200,61,24,7,4
23237,125,30,13,2,0
23238,165,46,17,13,3
23239,101,35,13,9,5
23240,316,111,43,22,6
23241,198,58,21,15,3
23242,134,38,11,12,1
23243,247,90,29,20,3
23244,83,14,6,1,1
23245,442,207,37,31,10
23247,157,70,31,15,4
23249,47,13,5,1,3
23250,60,18,5,3,3
23251,68,21,9,4,1
23252,75,31,12,6,4
23253,24,11,5,5,2
23254,157,64,24,28,11
23255,78,39,9,12,6
23256,188,77,30,25,10
23263,256,114,31,22,8
23264,168,65,23,9,2
23265,157,73,24,14,2
23266,175,83,27,10,2
23267,45,34,11,4,0
23268,41,20,13,5,0
23269,42,30,5,2,0
23270,74,33,13,3,2
23271,36,23,9,9,1
23272,21,11,2,0,1
23273,53,30,8,6,1
23274,55,27,13,6,1
23275,184,66,25,6,4
23280,87,28,11,6,3
23281,66,16,9,2,1
23282,70,18,10,4,2
23283,140,39,17,9,4
23284,432,136,46,25,16
23285,83,30,11,6,2
23286,103,34,14,10,3
23287,92,35,13,8,1
23288,83,29,13,7,3
23289,96,25,13,6,2
23290,120,33,13,6,2
23291,102,25,13,4,2
23292,123,25,11,4,3
23293,277,104,46,37,11
23294,175,56,37,27,7
23295,214,75,35,36,10
23296,185,67,29,32,11
23297,79,38,15,7,3
23298,636,249,71,46,22
23299,69,32,16,5,2
23300,427,135,42,36,9
23301,488,171,51,49,9
23302,121,43,6,20,3
23303,4,2,0,0,0
23304,4,5,0,0,0
23305,6,3,0,0,0
23306,124,51,19,10,7
23307,327,122,42,32,6
23308,209,67,23,13,5
23309,203,58,25,23,6
23310,123,52,27,9,3
23311,163,79,34,7,1
23312,123,46,18,10,1
23313,231,83,42,11,4
23314,70,25,7,4,0
23315,51,16,4,3,2
23316,73,13,6,2,2
23317,49,13,5,3,1
23318,183,86,45,23,0
23319,216,98,42,23,2
23320,185,79,32,25,0
23321,360,150,44,33,18
23322,292,138,46,39,13
23323,148,78,32,16,8
23324,26,7,3,3,0
23325,20,5,2,3,0
23326,36,10,6,3,1
23327,24,4,2,4,1
23328,170,72,28,15,4
23329,144,69,14,14,2
23330,125,55,17,12,1
23331,48,22,10,5,1
23332,152,83,20,21,5
23333,124,67,18,19,4
23334,57,27,10,6,1
23335,48,20,8,4,3
23336,48,6,4,5,2
23337,42,9,7,1,1
23338,63,15,10,2,1
23339,35,9,13,1,0
23340,66,32,12,11,3
23341,62,23,6,7,1
23342,106,30,13,5,3
23343,263,83,28,21,1
23344,403,121,47,27,4
23345,97,24,8,8,1
23346,93,29,13,5,2
23347,56,8,5,2,0
23348,74,35,11,7,0
23349,144,74,30,8,1
23350,145,64,33,12,1
23351,161,67,36,13,1
23352,92,44,21,8,0
23353,135,76,36,13,1
23354,143,79,37,12,0
23355,473,152,75,36,4
23356,299,100,38,31,5
23357,52,30,5,4,0
23358,45,14,4,4,1
23359,47,26,4,0,0
23360,70,29,8,5,0
23365,74,37,16,6,0
23366,82,38,15,10,0
23367,146,61,19,11,1
23368,105,59,14,6,1
23369,49,33,11,5,0
23370,65,34,11,3,0
23371,85,38,10,7,0
23372,54,35,10,6,0
23373,46,28,5,8,1
23374,82,22,8,9,1
23375,56,19,6,8,0
23376,64,36,15,3,0
23377,51,18,9,5,1
23378,92,34,20,10,0
23379,27,13,7,3,1
23380,59,18,10,8,1
23381,47,10,5,4,1
23382,100,45,14,5,0
23388,87,36,9,6,0
23389,134,54,14,10,0
23390,99,37,8,9,0
23391,39,22,5,5,0
23392,41,23,10,8,1
23393,113,51,30,13,1
23394,71,27,19,6,1
23395,102,46,24,13,0
23396,101,36,26,12,0
23397,93,49,19,14,1
23398,32,23,8,3,0
23399,126,43,11,10,1
23400,66,16,7,6,1
23401,42,14,6,7,1
23402,40,9,4,2,1
23403,81,18,7,3,3
23404,90,27,13,5,1
23405,32,18,6,4,0
23406,64,21,5,4,1
23407,73,30,10,5,1
23408,41,11,3,4,0
23409,22,12,3,3,1
23410,9,6,1,2,0
23411,30,10,4,2,1
23412,49,10,4,7,2
23413,34,10,0,1,0
23414,37,14,6,4,1
23415,30,13,2,0,0
23416,12,4,2,0,0
23417,17,3,2,0,0
23418,32,20,5,4,0
23419,30,21,4,7,0
23420,14,9,3,3,0
23421,15,7,4,1,0
23422,15,8,5,3,0
23423,28,14,6,3,0
23424,57,24,15,8,0
23425,25,6,2,2,0
23426,121,39,9,6,0
23427,60,22,12,12,2
23428,22,2,2,0,0
23429,18,1,1,0,0
23430,14,1,2,0,0
23431,42,24,3,3,0
23432,46,15,6,3,2
23433,43,25,11,2,1
23434,68,42,18,8,0
23435,21,17,4,3,0
23436,46,32,7,7,0
23437,58,38,8,7,0
23438,66,15,10,8,1
23439,244,92,40,22,1
23440,2,3,0,0,0
23441,0,3,0,0,0
23442,2,8,0,0,0
23444,32,30,8,5,4
23445,59,21,13,3,0
23446,2,0,0,1,0
23447,2,0,0,2,0
23448,1,1,0,1,0
23449,1,0,0,0,0
23451,31,9,4,2,0
23452,58,15,7,1,0
23453,40,5,5,0,0
23454,33,12,8,0,0
23455,31,3,1,0,0
23456,29,4,2,1,0
23457,23,4,2,1,0
23458,15,9,5,1,0
23459,10,6,3,0,0
23460,29,10,3,1,0
23461,39,37,9,11,0
23462,32,7,2,3,0
23463,5,1,0,1,0
23464,2,3,0,1,0
23465,5,3,6,1,0
23466,10,7,3,1,0
23467,3,2,0,0,0
23468,6,3,0,2,0
23469,35,16,4,8,0
23470,42,19,11,3,0
23471,14,10,2,1,0
23472,17,12,2,0,0
23473,30,9,3,2,0
23474,19,6,3,0,0
23475,17,6,3,0,0
23476,14,2,2,0,0
23477,7,0,0,1,0
23478,9,1,0,0,0
23479,25,12,3,1,0
23480,122,39,11,6,0
23481,21,5,3,1,0
23482,26,6,2,2,0
23483,35,23,6,5,0
23484,12,8,6,0,0
23485,42,27,9,2,0
23486,42,21,4,1,0
23487,22,14,3,3,0
23489,80,49,10,4,0
23490,53,25,9,9,0
23491,40,17,14,6,0
23492,14,8,2,2,0
23493,202,103,43,16,0
23494,111,51,15,2,0
23495,13,9,1,1,0
23496,10,8,3,1,0
23497,124,43,9,3,0
23498,74,17,2,0,0
23499,62,29,5,2,0
23500,51,29,12,1,0
23501,53,25,9,2,0
23502,47,26,11,4,0
23503,191,78,43,24,1
23504,103,57,27,15,1
23505,63,32,11,5,0
23506,94,36,4,3,0
23507,73,28,6,4,0
23508,74,32,11,1,0
23509,38,14,4,1,0
23510,64,29,7,1,0
23511,44,22,15,7,0
23512,27,6,11,6,0
23513,28,18,11,5,0
23514,31,9,15,7,0
23515,31,10,13,6,0
23516,22,8,9,4,0
23517,22,16,8,5,0
23518,18,10,9,5,0
23519,13,2,3,1,0
23520,15,8,5,3,0
23521,17,3,1,1,0
23522,15,4,1,1,0
23523,29,7,1,1,0
23524,37,12,2,0,0
23525,33,8,2,2,0
23526,60,21,8,3,0
23527,30,10,2,2,0
23528,27,5,1,1,0
23529,23,6,1,0,0
23530,44,25,2,4,0
23531,70,18,8,3,0
23532,19,4,0,3,0
23533,24,3,3,1,0
23534,132,39,15,10,0
23535,117,34,10,6,0
23536,44,18,8,4,0
23537,14,4,2,1,0
23538,18,5,1,4,0
23539,22,9,0,4,0
23540,7,2,0,1,0
23541,84,22,11,3,0
23542,50,12,7,1,0
23543,62,21,8,6,0
23544,16,3,0,1,0
23545,58,16,5,4,1
23546,78,28,11,3,1
23547,38,11,6,6,1
23548,24,15,3,0,1
23549,36,11,3,0,1
23550,42,13,3,1,4
23551,68,16,7,8,1
23552,91,19,1,0,0
23553,37,16,8,2,0
23554,33,14,7,2,0
23555,29,14,7,2,0
23556,33,16,5,1,0
23557,20,7,1,1,0
23558,30,15,4,1,0
23559,42,19,11,5,1
23560,17,4,0,0,0
23561,11,2,0,0,0
23562,31,8,0,0,0
23564,31,6,5,0,0
23565,28,2,1,0,0
23566,35,9,3,0,0
23567,12,7,0,0,0
23568,22,3,2,1,0
23569,107,47,18,12,0
23570,146,66,31,5,0
23571,139,53,24,11,0
23574,10,1,1,2,0
23575,17,6,1,0,0
23576,24,6,0,0,0
23578,10,1,0,0,0
23579,17,4,4,1,0
23580,15,6,1,0,0
23581,245,53,12,5,0
23582,190,39,9,3,0
23583,225,73,8,5,0
23597,21,4,5,0,0
23598,36,6,1,0,0
23630,0,1,0,0,0
23660,20,9,1,1,0
23661,14,5,5,0,0
23664,0,0,0,1,0
23681,101,17,2,0,0
23691,31,6,1,0,0
23692,2,0,0,0,0
23694,18,5,1,0,0
23695,32,9,5,0,0
23697,20,4,3,0,0
23702,2,1,0,0,0
23843,1,0,0,0,0
35001G,13,7,5,1,1
35001W,4,0,1,0,0
35004B,33,10,1,0,4
35004C,25,5,5,1,2
35004G,10,2,4,2,2
35004P,1,0,0,0,0
35095A,21,11,1,0,1
35095B,23,14,1,2,1
35241,20,8,0,0,2
35265,3,6,0,1,1
35271S,0,0,0,0,2
35400,4,0,0,0,1
35443,2,3,0,0,0
35471D,67,43,15,16,7
35591T,1,1,1,0,1
35597A,0,0,1,0,0
35597B,0,0,1,0,0
35597D,0,1,1,0,0
35598A,1,0,1,0,0
35598B,16,5,0,0,1
35598C,1,0,0,1,0
35598D,10,11,2,1,0
35599B,14,5,2,2,0
35599D,12,5,2,0,0
35607A,0,0,0,1,0
35607B,3,1,1,2,0
35610A,0,0,0,0,1
35610B,0,0,0,0,1
35610C,0,0,0,0,1
35637A,14,3,4,3,0
35637C,4,0,0,3,0
35638A,0,1,2,2,0
35638B,1,1,0,1,1
35645,0,0,2,0,1
35646,30,7,7,2,0
35647,2,0,0,0,0
35648,40,12,7,3,2
35649,4,2,1,0,0
35650,1,0,0,0,0
35651,22,5,4,2,1
35653,10,2,4,0,1
35809A,28,9,3,1,1
35809B,1,1,0,0,1
35810A,35,10,4,3,2
35810B,14,4,1,2,0
35815P,3,0,0,1,1
35816P,1,0,1,0,0
35817P,1,0,0,0,1
35818B,2,0,1,0,0
35818P,11,2,2,2,1
35819B,15,5,5,2,0
35819P,2,3,0,2,0
35833P,6,2,0,3,1
35909A,0,2,0,1,0
35909B,1,1,0,0,0
35910A,3,0,0,1,0
35910B,2,0,0,1,0
35911A,13,6,3,0,3
35911B,3,0,1,0,0
35912B,10,3,2,1,2
35913B,5,1,1,1,2
35914,10,7,1,0,1
35915B,7,3,0,2,2
35915C,3,2,0,0,3
35916A,1,0,0,1,1
35916B,1,0,0,0,0
35916C,3,1,0,1,0
35920,7,2,0,0,2
35921,8,2,1,0,0
35922,4,4,1,0,1
35923,25,6,6,3,2
35924,14,11,2,1,5
35933,11,1,1,3,0
35953,53,29,4,1,2
35954,22,7,3,2,0
35957,4,2,0,1,0
35958,3,0,0,0,0
35961,90,43,6,11,9
35964,26,10,2,2,0
35965,18,1,2,3,4
35966,2,0,0,0,0
35967,19,4,5,0,1
35968,14,2,2,0,0
35970,196,87,46,18,2
35971,37,8,6,0,5
35972,8,5,2,1,1
37327,27,13,2,1,5
37330,0,1,0,0,0
37333,7,4,0,0,0
37340,28,17,10,6,3
37342,36,15,4,2,7
37343,6,2,0,0,0
37351,0,1,0,0,0
37370,64,35,7,6,8
37379A,1,0,0,0,0
37413,54,18,5,1,3
37423,3,0,0,0,0
37444A,13,3,0,0,0
37444B,3,0,0,0,0
37444C,9,0,0,0,0
37446,90,33,12,12,12
37447,47,17,6,3,3
37448,91,46,8,9,7
37449,67,40,22,8,16
37450,70,19,6,4,4
37461,1,0,0,0,0
37462E,1,3,0,0,0
37464,2,0,0,0,0
37467,4,2,3,0,2
37468,9,3,0,1,0
37471,0,1,0,0,0
37475,13,6,3,7,1
37476,3,2,1,2,1
37479B,7,5,2,3,0
37479P,12,8,1,0,2
37482P,27,6,0,0,4
37487B,1,0,0,0,1
37488A,1,2,0,0,0
37489A,5,1,4,2,3
37489B,5,0,2,1,4
37489C,5,0,1,0,2
37489D,5,2,4,3,3
37491B,1,0,0,0,0
37491C,1,0,0,0,0
37491D,1,0,0,0,0
37495,34,20,11,7,12
37500,51,14,6,5,4
37501,19,5,2,0,3
37509,1,0,0,0,1
40001,26,4,3,1,1
40003,6,1,2,0,2
40005B,0,3,0,0,1
40016,45,12,9,4,5
40046A,5,0,0,1,0
44089A,2,1,1,0,0
44089C,4,1,0,0,1
44091A,2,0,1,0,0
44092B,2,1,2,0,0
44092C,5,1,2,0,0
44228,1,1,0,0,0
44234,8,5,1,3,6
44235,7,5,0,1,3
44236,4,3,0,0,0
44242A,0,1,0,0,0
44242B,2,0,1,0,0
44265,0,0,1,0,0
45013,0,1,0,0,1
46000M,88,27,11,5,3
46000P,3,1,0,0,1
46000R,23,4,7,1,2
46000S,99,38,25,12,8
46000U,18,3,2,0,3
46115B,2,0,0,0,0
46118,13,3,2,0,0
46126A,4,1,0,1,0
46138B,8,3,0,0,1
46775D,6,2,2,2,1
46776A,3,0,2,1,0
46776B,5,0,0,1,1
46776C,4,0,0,1,1
46776D,1,0,1,1,0
46776E,2,1,1,0,1
46776F,6,0,1,1,0
47013A,1,3,0,0,0
47013C,2,4,0,0,1
47016,1,0,0,0,0
47021G,9,4,1,1,0
47310M,39,4,2,2,1
47341A,2,0,1,0,2
47341B,4,5,1,0,1
47343A,7,3,2,1,1
47344B,2,2,0,1,1
47348A,9,1,1,1,3
47351B,6,0,1,2,0
47367B,4,3,2,1,1
47369A,4,1,0,1,0
47369B,3,0,0,0,0
47420,6,7,5,0,1
47421,53,8,2,0,0
47422,47,6,2,0,0
47469,9,8,0,0,0
47471,17,3,1,2,3
47480,40,5,4,5,0
47481,14,4,0,2,0
47503A,81,48,19,15,5
47503H,11,15,4,5,1
47503J,1,0,0,0,0
47504H,56,19,13,1,3
47504K,89,42,22,17,9
47518F,22,5,0,1,0
47556B,0,0,2,0,0
47559B,161,46,22,11,6
47563A,26,11,5,4,0
47566,825,299,115,75,82
47566B,202,68,11,14,22
47567B,80,27,8,7,6
47570B,19,4,0,1,2
47574A,26,12,4,5,5
47574B,1,0,0,1,0
47578A,11,12,3,4,1
47579,0,0,0,0,1
47580,53,10,4,5,6
47585A,17,2,5,1,2
47586A,5,1,1,0,1
47589,3,0,0,0,0
47590A,200,85,36,18,17
47590B,194,88,46,16,19
47591B,6,1,0,1,2
47591D,245,91,32,20,13
47593A,10,0,3,0,0
47593B,66,12,9,4,5
47594A,7,11,3,3,2
47594B,18,5,5,1,1
47599A,79,33,18,6,10
47599B,64,21,10,4,9
48111,94,51,12,8,12
48116,97,24,11,5,5
48129,100,43,17,10,13
48138,312,118,41,19,30
48173C,116,31,16,7,6
48184,223,83,19,15,18
48185,156,47,23,6,12
48187,304,121,59,29,24
48188,162,48,21,11,11
48194,285,114,43,19,23
51008,10,4,2,0,3
51014A,96,41,12,10,2
51014C,70,25,10,5,3
51014L,69,27,5,5,1
51020A,8,4,2,1,3
51020B,8,3,1,1,2
62018,36,8,4,8,3
62043B,2,0,0,0,3
62074B,1,2,0,1,0
62086A,5,3,0,0,5
62094B,3,0,0,0,0
62096A,6,1,1,0,0
62096B,1,0,0,0,0
62097B,0,2,0,0,1
70006,53,13,8,3,4
70007,31,19,6,2,0
71038,29,14,2,1,3
71050,3,2,0,0,1
71053,150,64,20,10,19
71101E,12,6,4,1,0
71143,0,1,0,0,0
71215,0,1,1,0,0
71270,26,7,1,0,1
71279,18,11,0,0,0
71403,10,3,0,1,0
71406C,11,6,2,1,1
71459,236,69,33,18,24
71477,164,66,19,10,9
71495A,1,0,0,1,0
71495B,4,0,0,1,0
71496A,3,0,0,2,0
71496B,1,0,0,3,0
71510,5,2,0,0,1
72024U,0,1,0,0,2
72051S,3,2,0,0,1
72122,19,12,7,5,3
72127,9,9,1,7,4
72128,9,12,5,4,3
72130,7,13,0,3,2
72131,5,9,2,2,1
72132,5,4,2,0,1
72133,3,8,1,1,1
72134,1,6,0,0,1
72140E,2,3,0,1,2
72225C,10,1,3,1,1
72232,33,15,12,2,4
72349B,49,29,11,1,5
72351A,72,43,6,7,11
72351B,80,51,10,4,14
72369A,1,0,1,2,0
72586,16,15,3,4,0
72598,20,13,5,4,1
72709,6,0,0,1,0
72741,112,63,35,17,24
72760B,82,25,12,9,8
72780,12,5,1,0,2
72783,0,2,0,0,0
72798C,1,1,0,0,1
72799C,10,6,2,0,0
72799E,18,17,8,5,2
72799F,7,5,3,4,3
72800B,15,10,7,6,1
72800C,17,6,4,4,1
72800D,14,12,3,1,0
72800E,60,22,12,5,3
72801C,7,6,1,0,0
72801D,6,5,1,0,0
72801G,8,2,1,0,1
72802A,26,21,3,2,5
72802B,35,24,4,8,4
72802C,43,23,6,10,9
72803A,8,23,3,1,6
72807A,20,29,7,4,8
72807B,29,29,8,6,10
72807C,51,34,11,6,10
72811,5,0,0,1,0
72812,4,0,0,0,0
72815,0,1,0,0,0
72816,20,6,1,3,2
72817,61,17,8,8,2
72818,37,6,11,6,5
72819,16,5,5,0,4
72821,2,0,0,1,1
75011,4,6,1,1,0
75013B,4,1,0,1,1
75049L,71,28,2,13,10
75131,2,4,1,1,5
75172,2,2,0,1,3
75178,6,0,0,1,2
77079,0,1,0,0,0
77101A,15,1,1,1,3
78033,5,0,2,0,0
78034B,5,0,1,0,1
78124,6,6,0,4,2
79000,53,18,5,6,15
79026B,9,0,0,0,0
79030D,25,2,1,1,2
79030G,42,7,2,1,1
79051A,20,10,3,3,4
79062D,3,0,0,1,0
79063C,9,2,1,2,0
79063D,7,1,0,3,0
79066K,75,19,8,4,4
79067,12,2,2,1,1
79071B,4,3,1,1,2
79144B,11,2,2,1,0
79144C,6,1,0,0,0
79149B,5,2,1,0,0
79151B,1,1,0,0,0
79157B,1,1,0,0,0
79157V,1,0,1,1,0
79160,31,15,0,4,4
79161A,1,0,0,1,0
79163,23,5,1,1,3
79164,11,6,2,0,2
79190A,23,6,2,2,1
79190B,27,3,2,3,0
79190D,17,2,1,3,2
79191B,15,6,4,0,1
79191C,37,16,3,3,6
79191D,3,1,2,0,1
79192A,0,1,0,1,0
79302M,38,8,1,0,1
79321,389,74,37,14,10
79323B,0,0,0,0,1
79323P,0,0,0,0,1
79329,1,0,0,1,0
79331,1,2,0,0,0
79336,2,1,0,0,0
79337,2,3,0,3,2
79403,5,4,0,0,2
79406,1,3,1,0,1
81950B,7,1,1,0,1
81950V,4,1,0,1,1
81952B,6,1,1,0,1
81952V,18,4,4,0,1
81953B,3,0,2,0,0
81953P,3,0,0,0,0
82001S,77,20,7,1,1
82011A,7,3,0,0,0
82011B,14,4,1,0,0
82011C,11,4,4,0,1
82095,0,3,0,0,1
82482,587,205,42,26,27
82483,348,123,31,10,9
82484,429,103,30,18,26
82486,391,124,25,16,13
82494L,536,183,41,29,31
82551,160,57,19,10,9
82552,186,63,21,16,13
82567,92,44,3,4,8
82578,130,60,15,7,12
82580,237,91,28,15,17
82581,199,66,18,9,11
82582,247,82,21,15,13
82583,265,96,19,14,10
82599,49,27,3,4,4
82600,250,102,22,21,28
82605,2,1,0,0,0
82613A,10,3,0,1,1
82613B,26,13,3,2,2
82613C,21,11,2,3,1
82613D,31,11,4,2,3
82615,1,0,0,0,0
82616B,28,14,3,1,4
82616C,35,11,4,1,1
84006,57,15,3,2,1
84012,40,38,13,3,1
84016,0,0,1,0,0
84029E,200,93,21,9,5
84029G,196,82,24,12,12
84030E,171,72,24,14,6
84031A,33,9,4,2,2
84031B,24,8,3,1,2
84032A,62,27,11,3,5
84032B,71,39,15,5,3
84033,5,1,1,0,0
84050,123,46,13,12,12
84051,12,6,4,2,2
84077,263,126,38,25,21
84078A,51,33,8,9,5
84086B,5,1,0,2,0
84086C,10,6,0,4,1
84192,16,4,1,2,5
84199,13,7,5,4,1
84201B,0,1,1,0,0
84201C,0,1,0,0,0
84206A,1,1,1,0,0
84206B,0,0,0,1,0
84206C,1,0,1,0,0
84212,64,16,5,10,8
84218,18,15,1,1,5
84226,7,2,0,0,0
84227,1,0,0,0,0
84228,11,6,1,0,1
84231,12,5,1,0,1
84247E,5,11,6,2,2
84247G,18,1,0,0,4
84247K,3,3,3,1,0
84247L,6,0,0,1,1
84247N,6,4,5,1,2
84249A,6,3,2,1,1
84251B,4,2,2,5,1
84251C,1,1,0,0,0
84251G,9,4,0,1,1
84279B,28,20,2,4,6
84279P,57,21,10,3,7
84306,0,1,1,0,0
84313B,8,1,1,2,1
84313C,15,4,2,2,1
84341B,18,7,3,1,5
84347,196,91,24,9,7
84352,15,3,0,2,2
84356,28,11,1,2,4
84358,9,1,1,0,1
84360,14,1,0,0,2
84375,255,104,32,22,15
84378,295,129,54,27,27
84380,301,124,46,20,17
84387A,1,0,0,0,0
84388,3,3,0,0,0
84402B,3,0,0,0,0
84406B,151,59,10,12,12
84415A,1,1,0,0,0
84415B,1,1,0,0,0
84422,2,2,0,4,0
84429A,5,6,2,1,1
84452,9,6,1,0,0
84457,10,11,0,0,2
84459A,23,11,12,4,7
84459B,28,16,4,5,8
84461,10,4,0,0,0
84462,4,2,0,0,0
84465,3,4,0,0,0
84466,6,3,0,1,0
84497,2,1,2,0,2
84499,2,0,0,0,0
84507B,11,2,0,0,1
84507C,21,3,1,0,1
84508A,29,3,1,0,2
84508B,17,7,4,1,2
84508C,15,3,1,1,1
84509A,81,28,12,11,7
84509B,35,9,2,1,2
84509C,11,5,5,1,2
84509E,4,3,0,1,0
84509G,27,10,7,0,2
84510A,100,27,12,6,6
84510C,19,7,3,3,2
84510E,4,2,1,2,0
84519A,37,18,2,3,1
84519B,60,24,4,2,3
84520B,28,11,4,2,10
84522,1,2,2,0,1
84527,3,1,0,0,2
84531A,16,6,2,0,2
84531B,14,7,3,0,2
84534B,3,0,0,0,2
84535A,10,8,1,1,0
84535B,59,31,13,3,3
84536A,145,49,17,6,8
84536B,46,32,11,1,10
84539,1,0,0,0,0
84548,0,1,0,0,3
84549,1,1,1,0,0
84550,0,1,0,0,0
84551,0,1,0,0,0
84558A,35,14,5,7,3
84559A,17,15,4,3,3
84559B,19,13,5,4,3
84562A,1,0,1,0,0
84563A,10,1,3,0,0
84563B,14,3,3,0,4
84568,10,8,2,0,4
84569A,18,4,1,1,2
84569B,10,1,1,0,0
84569C,1,0,0,0,0
84569D,23,6,3,0,3
84575A,2,0,0,1,1
84576,8,0,0,1,0
84580,60,31,15,5,12
84581,39,15,7,4,6
84584,9,5,1,1,2
84592,11,4,0,0,2
84593,0,2,0,0,0
84595E,6,0,0,2,1
84596B,257,65,29,19,9
84596E,20,5,3,3,5
84596F,190,58,26,21,9
84596G,118,23,9,11,1
84596J,18,7,1,1,0
84596L,52,20,2,6,0
84597B,3,1,0,1,0
84597C,4,3,3,3,0
84598,2,3,0,0,0
84600,13,4,3,0,0
84609,13,0,2,1,1
84613A,1,1,1,0,0
84613C,0,1,0,0,0
84614A,0,0,0,0,1
84616,3,0,1,1,1
84617,1,0,2,0,0
84620,0,0,0,0,1
84625A,19,9,1,1,1
84625C,15,7,3,1,2
84629,5,4,0,0,1
84631,4,5,0,0,1
84632,3,2,0,0,0
84637,9,2,0,0,2
84638,6,4,1,0,1
84658,9,4,3,2,0
84659A,12,4,0,3,3
84660A,24,7,1,1,3
84660B,20,2,3,2,3
84660C,19,3,3,1,1
84661A,7,3,0,0,1
84661B,8,3,1,0,0
84661C,3,2,0,0,0
84663A,18,1,3,1,2
84665,7,6,2,1,1
84666,4,0,0,0,0
84673A,16,5,0,2,3
84673B,28,8,2,2,2
84674,27,4,8,2,1
84675,1,1,0,0,0
84678,5,3,0,0,2
84679,1,0,1,0,0
84683,4,1,0,0,2
84685,7,0,0,1,1
84686,4,2,2,0,0
84687,14,3,0,2,1
84688,4,2,2,0,0
84689,0,0,1,0,1
84691,4,0,0,0,0
84692,255,65,27,15,13
84705C,1,0,0,0,0
84706D,0,3,0,0,0
84706F,6,3,0,1,0
84707A,15,7,0,2,1
84707B,8,3,0,1,1
84708B,4,7,2,0,1
84709B,3,7,1,0,0
84711A,2,3,1,0,1
84711B,0,6,1,0,1
84712B,6,2,1,0,2
84715,1,1,0,0,1
84723,4,1,0,1,0
84725,10,3,3,2,0
84731,2,0,0,0,0
84732B,2,0,0,0,0
84732D,2,0,0,0,0
84741C,5,3,3,1,2
84743C,1,0,0,0,0
84744,7,3,3,2,3
84745A,2,1,1,0,1
84745B,2,1,1,0,1
84746,1,0,0,0,0
84748,5,5,0,0,1
84750A,0,1,0,0,0
84750B,7,5,0,0,0
84751B,5,2,0,2,0
84754,18,12,4,2,1
84755,288,134,40,41,33
84760S,1,3,0,2,3
84763,29,6,4,4,6
84766,10,2,1,0,1
84773,0,1,0,0,0
84789,27,10,3,3,1
84792,126,31,16,8,12
84795B,23,7,1,4,5
84795C,0,0,0,0,1
84796A,5,2,1,0,2
84796B,14,1,0,1,1
84798A,0,1,0,1,1
84798B,0,1,0,0,1
84799,4,2,0,2,1
84800L,14,6,0,1,1
84800M,7,3,0,0,1
84800S,5,3,1,1,0
84801A,2,0,3,0,0
84801B,0,2,1,0,0
84802A,0,1,0,0,0
84802B,0,1,0,0,0
84803B,1,1,0,0,1
84804A,2,2,3,1,0
84804B,4,0,2,0,0
84805A,2,1,0,0,0
84805B,3,0,0,0,0
84806A,4,4,1,1,1
84806B,11,3,2,1,2
84809A,2,2,0,0,1
84809B,1,0,0,0,0
84813,12,2,3,3,2
84816,6,2,1,0,1
84817,27,16,5,4,4
84818,55,27,6,2,10
84819,41,8,3,4,6
84820,17,6,3,2,4
84821,26,5,5,1,5
84823,15,4,0,2,4
84824,1,1,0,0,0
84826,13,15,2,2,3
84827,10,6,0,0,2
84828,72,29,12,2,2
84832,111,49,14,14,4
84836,286,98,50,36,21
84840,1,1,0,0,1
84842,4,4,0,1,0
84843,21,10,3,6,2
84846A,8,0,1,1,1
84847,6,5,1,0,0
84849A,16,9,3,1,2
84849B,42,10,2,1,2
84849D,72,20,1,5,5
84854,1,0,0,0,0
84857B,1,0,0,0,0
84857C,4,1,2,1,0
84858C,3,1,0,0,1
84859A,20,3,5,1,2
84859B,7,2,1,0,1
84859C,12,3,3,1,2
84865,9,1,1,0,1
84870B,4,3,1,1,1
84870C,5,2,1,0,2
84872A,3,0,0,0,0
84873A,2,0,0,0,0
84874B,4,1,1,0,1
84875B,8,1,2,2,2
84875D,3,1,2,1,1
84876B,12,4,3,3,1
84876D,5,3,3,0,2
84877A,1,0,0,0,0
84877B,3,4,2,0,0
84877D,2,3,4,2,1
84879,788,337,131,86,66
84880,43,16,5,3,1
84881,3,2,0,0,0
84882,9,5,0,1,0
84884A,41,11,6,1,5
84898F,10,8,0,0,0
84905,1,0,1,0,0
84906,6,2,0,0,2
84907,1,0,0,0,2
84910A,2,3,0,0,1
84912A,24,3,4,4,3
84912B,34,8,3,3,1
84913A,4,2,2,2,0
84913B,7,7,4,2,0
84915,9,0,2,0,0
84916,10,2,4,1,1
84917,8,1,2,2,1
84919,4,2,1,0,2
84920,12,9,1,0,5
84921,3,1,0,0,1
84922,2,2,0,1,0
84924A,10,7,1,4,2
84924F,2,1,0,0,0
84925D,5,4,0,0,1
84925F,7,7,0,1,0
84926A,13,7,6,2,3
84926D,16,11,2,3,0
84926E,16,13,5,2,2
84926F,13,6,2,1,1
84927A,10,2,1,0,1
84927D,9,1,1,0,1
84927E,6,4,1,1,0
84927F,19,14,3,4,2
84929,31,19,8,3,1
84931A,15,5,0,1,2
84931B,17,4,2,3,1
84944,47,18,5,1,2
84945,179,55,37,21,20
84946,398,142,67,35,47
84947,148,85,30,14,15
84949,139,64,23,14,14
84950,47,22,14,4,2
84951A,18,9,3,0,4
84951B,24,3,3,0,2
84952A,3,1,2,0,0
84952B,9,2,2,0,0
84952C,5,4,1,0,0
84963A,1,0,0,0,0
84963B,1,0,0,0,0
84968A,33,9,1,1,5
84968B,1,1,0,0,0
84968C,23,12,4,4,5
84968D,17,9,1,1,3
84968E,18,1,1,0,2
84968F,15,8,0,3,4
84969,45,15,9,2,2
84970L,190,89,29,15,15
84970S,253,95,25,26,16
84971S,72,24,3,8,10
84974,8,8,6,4,3
84975,1,0,0,1,0
84976,19,7,3,0,0
84978,360,106,52,30,33
84984A,5,0,0,1,0
84984B,4,0,0,1,0
84984D,2,1,0,1,0
84985A,8,5,3,2,2
84987,114,64,25,21,18
84988,181,64,28,15,21
84989A,10,4,3,1,0
84990,2,0,0,0,0
84991,430,139,44,41,37
84992,339,104,42,22,24
84993A,15,10,5,3,0
84993B,6,5,3,2,1
84997A,149,52,19,7,7
84997B,219,71,25,6,9
84997C,197,60,33,10,9
84997D,276,82,40,16,15
85006,5,2,1,0,1
85008,5,0,1,0,1
85014A,164,50,24,8,11
85014B,195,56,23,17,15
85015,45,27,18,16,9
85016,14,4,2,0,5
85017A,1,2,0,0,0
85017B,35,21,6,7,6
85017C,5,1,1,3,2
85018D,5,1,0,0,1
85019A,14,6,2,3,3
85019B,13,6,1,3,2
85019C,5,0,0,2,3
85020,4,9,0,1,2
85023B,6,5,0,1,0
85024B,5,5,1,1,0
85024C,3,4,2,0,0
85025B,8,11,1,2,0
85025C,11,10,6,1,2
85026B,1,5,1,0,2
85027L,10,6,0,0,2
85028L,4,0,0,0,0
85028S,5,1,0,0,2
85030,2,3,0,0,1
85031A,3,2,0,0,2
85031B,1,0,0,0,0
85031C,0,1,0,0,0
85032A,50,24,14,5,4
85032B,50,25,11,3,5
85032C,45,30,5,2,5
85032D,26,13,9,5,6
85034A,33,24,9,8,2
85034B,46,21,15,9,3
85034C,65,48,19,5,5
85035A,26,26,11,8,6
85035B,23,7,5,7,2
85035C,46,40,14,9,5
85036A,14,26,5,9,8
85036B,18,15,5,5,2
85036C,33,25,13,11,2
85038,67,31,9,4,6
85039A,20,11,8,1,2
85039B,24,14,6,4,4
85039C,9,2,1,0,0
85040A,58,45,17,8,4
85040B,18,10,3,2,2
85045,5,2,3,0,0
85047,1,0,0,0,1
85048,107,64,23,15,7
85049A,138,82,30,16,8
85049B,6,4,0,1,2
85049C,119,47,23,12,11
85049D,62,23,8,7,6
85049E,199,86,33,17,12
85049F,45,26,8,3,6
85049G,142,58,20,12,12
85049H,46,15,11,3,2
85053,144,68,14,9,11
85054,61,17,5,6,1
85055,6,1,1,2,0
85059,44,17,10,5,4
85061W,59,36,13,8,5
85062,76,36,9,8,6
85064,19,3,0,0,1
85066,252,118,27,27,31
85067,3,0,0,0,2
85071A,55,21,6,7,3
85071B,62,28,8,9,3
85071C,43,18,5,5,2
85071D,37,21,3,4,1
85078,41,13,6,3,2
85084,2,2,0,0,2
85086A,5,2,1,0,0
85087,4,2,1,0,0
85088,15,3,1,1,1
85089,0,2,0,4,0
85092,0,1,1,0,0
85093,12,6,1,1,1
85094,17,6,4,4,0
85095,7,2,0,0,1
85096,7,1,1,1,2
85099B,1149,275,100,49,45
85099C,450,125,30,23,31
85099F,470,102,51,25,16
85103,5,1,0,0,0
85104,9,4,0,1,0
85106,3,3,1,0,3
85107,12,12,4,0,1
85109,0,1,0,0,0
85111,26,19,4,4,1
85114A,31,4,5,2,0
85114B,28,13,6,3,2
85114C,41,15,1,4,2
85116,22,7,3,2,4
85118,4,1,1,0,0
85123A,1163,461,188,100,123
85124B,14,7,4,1,3
85124C,16,5,3,1,6
85125,13,5,0,1,0
85127,12,4,4,0,0
85129B,11,2,1,1,1
85129C,8,4,0,0,0
85129D,27,5,1,1,1
85130A,4,3,0,0,3
85130B,32,11,3,3,1
85130C,25,10,8,1,1
85130D,26,13,10,2,1
85131A,12,11,1,0,1
85131B,11,2,0,0,0
85131C,7,4,0,0,0
85131D,9,2,1,0,0
85132A,41,4,3,2,2
85132B,41,6,4,3,6
85132C,80,21,10,10,6
85135A,3,1,0,2,0
85135B,19,6,4,0,6
85135C,24,17,5,2,2
85136A,16,12,5,4,2
85136B,1,1,0,0,0
85136C,16,6,1,1,1
85141,18,11,6,2,5
85144,22,10,8,2,2
85145,6,5,1,1,1
85146,5,2,0,2,0
85150,228,91,21,15,14
85152,364,151,32,26,23
85159A,24,13,2,0,6
85159B,37,15,3,1,3
85160B,10,4,0,0,2
85161,5,2,1,1,0
85163A,12,2,4,0,0
85163B,10,1,2,0,1
85167B,3,2,1,0,1
85168B,4,1,2,0,0
85169A,29,9,4,5,2
85169B,19,3,2,0,1
85169C,13,7,1,0,0
85169D,14,4,1,3,0
85170A,0,0,1,0,0
85170B,16,5,2,0,0
85170C,17,8,0,3,1
85170D,38,9,0,3,1
85172,20,13,7,3,1
85173,23,13,5,4,5
85174,41,28,6,4,5
85175,66,43,8,6,8
85176,52,13,5,5,0
85177,17,17,5,4,0
85178,52,24,9,9,6
85179A,10,3,3,1,0
85179C,3,2,2,0,0
85180A,23,8,4,1,2
85180B,10,5,3,2,1
85183A,54,21,6,2,0
85183B,70,26,6,4,1
85184C,77,33,12,5,13
85185B,28,32,4,2,2
85185D,3,5,0,0,0
85186A,17,12,3,6,1
85186C,17,9,1,3,4
85187,29,15,4,3,9
85188A,22,9,1,2,0
85188B,5,2,0,1,0
85189,2,2,0,0,0
85194L,29,14,1,3,10
85194S,26,16,3,1,9
85195,1,1,0,0,1
85197,11,6,1,0,1
85198,1,2,0,1,2
85199L,43,14,4,0,4
85199S,113,29,13,5,10
85200,13,11,0,0,3
85202,29,12,2,0,6
85203,32,10,4,3,6
85204,27,7,2,2,6
85205B,15,4,4,0,2
85206A,53,26,15,4,8
85206B,3,1,0,0,0
85208,14,4,3,2,2
85211,6,7,4,0,2
85212,38,17,9,3,6
85213,16,3,1,2,3
85214,25,8,3,4,3
85215,4,1,0,1,2
85216,6,1,0,1,0
85224,0,1,0,0,0
85225,1,0,1,0,1
85227,76,43,25,9,6
85230A,13,4,0,0,1
85230B,27,3,6,1,1
85230E,18,4,0,1,1
85230F,5,5,1,0,1
85230G,18,4,2,0,1
85231B,74,21,4,7,5
85231G,43,15,3,1,5
85232A,15,5,2,1,2
85232B,7,0,0,0,3
85232D,37,11,2,2,2
90000A,3,0,1,1,1
90000B,0,0,0,1,1
90000D,2,0,0,1,1
90001A,0,0,0,1,0
90001B,1,0,0,1,0
90001C,0,1,0,1,0
90001D,1,0,0,2,0
90002D,2,2,1,0,1
90003B,2,0,0,0,1
90003C,3,0,1,0,1
90003D,3,3,0,0,1
90003E,2,0,0,0,0
90010A,1,2,1,0,1
90010B,1,1,0,0,1
90010E,3,2,0,1,1
90011A,1,0,0,0,0
90011B,1,1,0,0,0
90012A,1,0,0,1,0
90012B,1,1,0,0,0
90013A,1,2,0,0,0
90013C,1,2,1,0,0
90014A,3,3,2,1,1
90014B,4,2,0,1,1
90014C,2,1,0,0,0
90016A,3,0,0,0,1
90016B,4,1,1,1,1
90018A,4,2,0,2,1
90018B,3,0,0,1,1
90018C,3,0,0,0,0
90019A,2,2,1,1,3
90019B,0,1,0,1,0
90019C,3,0,0,0,0
90021,0,0,0,0,1
90022,3,0,0,0,1
90023,3,0,0,0,1
90024B,2,0,0,0,0
90024C,0,0,0,0,1
90024D,0,1,0,0,0
90024F,0,0,0,0,1
90025A,0,0,0,2,0
90025F,0,1,0,0,0
90026A,0,0,0,1,0
90026B,0,1,0,0,1
90026C,1,0,0,0,1
90026D,1,1,0,0,1
90027A,0,0,0,0,1
90027D,0,0,0,0,1
90028,0,0,1,0,0
90029,0,1,0,1,0
90030A,5,0,1,1,0
90030B,8,5,1,1,0
90030C,6,1,0,1,0
90031,3,1,0,1,0
90032,5,0,1,0,0
90033,1,0,0,0,0
90035A,0,0,0,2,0
90035C,0,1,0,0,0
90036A,2,1,0,1,0
90036B,0,1,0,1,0
90036C,2,0,0,0,0
90036D,1,2,0,1,0
90036E,4,1,0,0,0
90036F,0,1,0,0,0
90037B,1,0,0,0,0
90038A,1,0,0,0,0
90038B,0,1,0,0,0
90038C,0,1,0,0,0
90039A,0,0,0,0,1
90039B,0,0,0,0,1
90039C,0,1,0,0,0
90039D,0,1,0,0,1
90040A,0,1,0,0,1
90040B,0,0,0,0,2
90040C,1,1,1,0,0
90041,0,1,0,0,0
90042A,0,0,0,2,0
90043,2,0,0,0,0
90046,1,0,0,0,0
90048,1,0,0,0,0
90049,3,0,0,0,0
90050,1,0,0,0,1
90051,0,0,0,3,0
90054,0,0,0,1,0
90055,0,1,0,0,0
90057,15,5,2,0,0
90058A,1,4,0,0,2
90058B,6,6,1,0,2
90059A,1,0,0,0,0
90059B,2,0,0,0,1
90059C,2,0,0,0,1
90059D,1,0,0,0,0
90059E,2,0,0,0,1
90059F,3,0,0,0,0
90060B,0,0,0,1,0
90060D,1,1,0,1,0
90062,2,3,0,1,0
90063A,2,1,2,1,1
90063B,2,1,0,2,0
90064A,1,1,0,0,1
90064B,1,2,0,3,0
90065A,2,0,0,0,2
90065B,1,0,0,0,0
90067A,2,0,0,0,1
90069,1,0,0,0,0
90070,0,1,1,0,1
90071,0,0,0,1,0
90072,3,0,0,0,0
90073,3,0,0,1,0
90074,0,0,1,0,0
90076,1,0,0,0,0
90078,1,0,0,0,0
90079,0,0,0,2,0
90081A,6,1,0,0,1
90081C,5,1,0,0,0
90082A,6,2,1,0,1
90082B,7,1,0,3,1
90082D,2,0,0,2,1
90083,3,0,1,0,0
90084,1,0,0,0,0
90085,2,0,0,0,0
90086,11,0,0,0,0
90087,8,0,0,0,0
90089,1,0,2,0,0
90093,4,0,2,0,0
90094,3,3,3,0,3
90096,2,0,1,0,0
90098,4,3,2,0,0
90099,6,2,3,2,0
90100,1,0,0,0,0
90101,3,0,0,0,1
90102,1,0,0,0,0
90103,2,0,0,0,0
90104,1,0,0,0,0
90108,5,1,0,0,0
90114,3,4,3,0,1
90116,2,1,0,0,0
90118,1,0,0,0,0
90119,16,0,0,0,0
90120B,1,3,1,0,0
90120C,3,2,1,0,1
90120D,1,1,0,0,0
90122A,2,1,0,0,0
90122B,0,1,0,0,0
90122C,3,2,0,0,0
90123A,2,4,0,0,2
90123B,1,3,0,0,0
90123C,1,2,0,0,2
90123D,1,1,0,0,0
90124A,1,2,1,0,0
90124B,0,2,0,0,1
90124C,2,2,0,0,0
90125A,5,0,0,1,0
90125B,2,0,0,1,0
90125C,2,0,0,1,0
90125D,3,1,0,1,0
90125E,0,0,0,1,0
90128B,0,1,0,0,0
90129A,3,0,0,0,0
90129B,4,0,2,0,0
90129C,3,0,2,0,1
90129D,1,0,1,0,0
90129E,1,0,0,0,0
90129F,1,0,3,0,1
90130A,1,0,0,0,0
90130B,1,1,1,0,0
90131,0,1,0,0,0
90133,1,0,1,1,0
90135,0,0,0,1,0
90136,0,0,0,2,0
90138,0,0,0,1,0
90141A,1,0,0,0,1
90141B,1,0,0,0,1
90141C,1,0,0,0,1
90141D,1,0,0,0,0
90141E,1,0,0,0,0
90142D,1,1,0,1,0
90143,2,1,0,3,2
90144,2,0,0,0,1
90145,8,1,1,0,1
90146,3,0,0,0,0
90147,6,3,1,1,1
90148,2,0,0,2,2
90149,3,0,0,0,0
90151,2,2,0,0,0
90152A,3,0,0,0,0
90152B,0,1,0,0,0
90152C,1,0,0,0,0
90154,3,1,0,1,0
90155,3,0,1,0,0
90156,1,0,1,0,0
90157,0,0,1,1,0
90158,2,1,1,2,0
90159,1,0,0,1,0
90160A,5,2,0,2,2
90160B,5,1,0,1,1
90160C,8,4,1,1,2
90160D,4,0,1,1,3
90161A,2,2,1,0,1
90161B,7,1,3,1,0
90161C,6,3,4,2,0
90161D,5,1,2,1,0
90162A,1,0,0,0,0
90162B,8,0,1,1,0
90162C,6,0,1,0,0
90162D,4,0,1,0,0
90163A,0,0,1,1,0
90163B,0,0,0,1,0
90164A,4,1,0,1,0
90164B,4,1,0,2,0
90165B,1,0,0,0,0
90166,6,1,1,0,0
90167,1,0,0,0,0
90168,1,0,0,0,0
90169,1,0,0,0,0
90170,4,2,0,0,0
90173,1,1,0,0,1
90174,2,1,0,0,1
90175A,2,4,2,0,0
90175C,1,3,1,0,1
90175D,0,2,0,0,0
90176A,1,0,0,0,0
90176B,1,0,0,0,0
90176C,0,1,0,0,0
90176D,2,1,0,1,0
90176E,0,1,0,1,0
90177A,1,0,0,0,0
90177B,1,0,0,1,0
90177C,1,0,0,1,1
90177D,4,0,0,1,1
90177E,1,0,0,0,0
90178A,1,1,2,1,1
90178B,0,1,0,0,0
90179A,1,0,0,1,0
90179C,0,1,0,0,0
90180A,1,2,1,0,1
90180B,2,0,0,0,1
90181A,1,0,0,0,0
90182C,1,0,0,0,0
90183A,3,1,0,1,0
90183C,0,0,0,0,1
90184A,2,1,0,1,0
90184B,5,1,3,0,2
90184C,3,1,1,0,2
90185A,3,0,0,0,2
90185B,1,0,0,0,2
90185C,2,0,0,0,3
90185D,3,2,1,1,1
90186A,2,0,0,0,2
90186B,2,2,1,0,1
90187B,0,0,0,1,0
90188,1,0,0,2,0
90189A,1,0,0,1,0
90190A,0,0,0,1,0
90190B,0,0,0,1,0
90190C,2,0,1,0,1
90191,3,0,2,1,1
90192,6,2,0,0,0
90194,3,0,1,2,0
90195A,4,1,0,1,1
90195B,1,1,0,0,1
90196A,2,1,1,0,1
90196B,3,1,0,0,0
90197B,0,1,0,0,0
90198A,5,3,1,0,1
90198B,3,6,2,0,0
90199A,1,1,0,0,1
90199B,1,0,0,0,0
90199C,1,1,2,2,4
90199D,0,1,0,1,0
90200A,7,5,2,0,2
90200B,13,6,2,1,2
90200C,4,2,0,0,1
90200D,13,7,2,0,3
90200E,11,5,1,1,0
90201A,6,2,1,2,0
90201B,5,2,0,2,1
90201C,7,2,0,2,1
90201D,5,1,1,2,0
90202A,1,0,0,0,0
90202B,1,1,0,0,0
90202C,1,1,0,0,0
90202D,2,0,0,0,0
90204,4,2,0,0,2
90205A,2,2,1,1,0
90205C,1,1,0,1,0
90206A,2,0,1,0,0
90206C,4,2,1,1,0
90208,3,1,0,0,0
90209A,2,2,0,0,0
90209B,4,7,0,2,0
90209C,4,8,0,0,0
90210A,3,0,0,0,0
90210B,3,1,1,0,1
90210C,4,1,0,0,0
90210D,5,0,0,0,0
90211A,2,0,0,0,1
90211B,1,0,0,0,1
90212B,0,0,1,0,0
90212C,1,0,1,0,0
90214A,13,0,1,0,0
90214B,1,0,1,0,0
90214C,7,1,1,0,0
90214D,6,0,1,0,0
90214E,7,0,1,0,0
90214F,1,0,1,0,0
90214G,5,0,2,0,0
90214H,5,0,1,0,0
90214I,2,0,1,0,0
90214J,4,0,1,0,0
90214K,11,0,1,0,0
90214L,4,0,1,0,0
90214M,4,0,1,0,0
90214N,4,0,1,0,0
90214O,0,0,1,0,0
90214P,5,0,1,0,0
90214R,3,0,1,0,0
90214S,4,0,2,0,0
90214T,0,0,1,0,0
90214U,0,0,1,0,0
90214V,2,0,1,0,0
90214W,0,0,1,0,0
90214Y,1,0,2,0,0
90214Z,0,0,1,0,0
